t_long	characters	replicate	seed	columns	counts	w1_scores	w1_recovery	w2_log_likelihoods	w2_recovery	w2c_weights
0.5	100	0	13748116534440153089	86	2,10,2,3,7,0,7,4,1,5,3,0,14,2,26	2,12,1	0.000000	-192.561226,-190.477571,-192.561242	0.000000	0.120000,0.870000,0.010000
0.5	100	1	4005511896082835251	85	3,10,1,0,2,3,6,13,5,8,3,1,11,2,17	2,10,8	0.000000	-206.682406,-206.682394,-204.630558	0.000000	0.013333,0.033333,0.953333
0.5	100	2	12000219419377851393	83	3,10,1,3,3,1,6,11,1,4,0,4,10,0,26	5,7,2	0.000000	-183.885580,-185.048720,-185.048730	1.000000	0.833333,0.083333,0.083333
0.5	100	3	2300383582077995681	86	4,8,1,0,1,1,13,17,1,4,3,1,16,1,15	2,5,2	0.000000	-195.778985,-195.778995,-195.778988	1.000000	0.501667,0.136667,0.361667
0.5	100	4	3649919977031203867	78	2,9,1,3,3,3,8,10,2,4,2,3,11,2,15	4,7,5	0.000000	-190.792802,-190.792806,-190.673239	0.000000	0.391667,0.076667,0.531667
0.5	100	5	1681592651936914322	85	1,13,1,2,6,1,8,8,1,6,1,1,7,1,28	2,12,2	0.000000	-183.441226,-182.451707,-183.446099	0.000000	0.136667,0.746667,0.116667
0.5	100	6	7716330949983128581	77	0,12,0,1,8,0,12,6,2,5,2,2,10,0,17	2,13,2	0.000000	-169.570924,-169.570756,-169.570925	0.000000	0.283333,0.448333,0.268333
0.5	100	7	1593124211132772353	80	1,10,2,1,4,0,11,9,2,7,2,1,7,0,23	3,11,2	0.000000	-175.973783,-175.986189,-176.138822	1.000000	0.443333,0.413333,0.143333
0.5	100	8	7778004082901950770	77	1,5,4,3,3,3,12,10,0,4,0,1,10,2,19	5,7,3	0.000000	-178.827156,-179.408841,-179.408839	1.000000	0.645000,0.130000,0.225000
0.5	100	9	14866171563433487609	80	3,10,6,0,6,0,10,11,0,3,0,2,8,1,20	8,9,0	0.000000	-178.869441,-181.798090,-181.798135	1.000000	0.966667,0.026667,0.006667
0.5	100	10	12788972633129284518	82	2,12,1,1,4,0,8,9,0,7,2,3,8,1,24	4,11,0	0.000000	-180.429003,-181.437101,-181.839285	1.000000	0.640000,0.360000,0.000000
0.5	100	11	407567961568662024	85	1,9,2,0,5,4,8,14,3,1,1,2,5,4,26	4,6,7	0.000000	-192.897269,-193.103901,-192.251109	0.000000	0.210000,0.040000,0.750000
0.5	100	12	11756422215097871211	74	1,11,4,1,7,0,12,7,1,4,1,2,8,2,13	6,11,1	0.000000	-174.392983,-175.868392,-175.868401	1.000000	0.871667,0.106667,0.021667
0.5	100	13	5574102227977991372	78	6,11,1,3,6,1,6,6,0,8,2,2,9,0,17	3,14,1	0.000000	-187.825552,-186.016135,-187.825906	0.000000	0.043333,0.953333,0.003333
0.5	100	14	7720929446238289628	78	3,11,1,1,9,0,8,8,2,2,3,3,12,0,15	4,11,2	0.000000	-184.361168,-184.681463,-184.681469	1.000000	0.593333,0.263333,0.143333
0.5	100	15	16254210234010403986	71	1,8,3,3,6,3,12,12,0,5,2,1,4,1,10	4,11,3	0.000000	-171.461145,-171.461145,-171.460319	0.000000	0.296667,0.466667,0.236667
0.5	100	16	4656801918945627480	78	2,11,1,2,5,2,10,9,3,1,1,0,11,1,19	1,6,5	0.000000	-177.644963,-177.644950,-176.136576	0.000000	0.036667,0.006667,0.956667
0.5	100	17	16414623324046511384	82	3,16,4,0,6,1,7,10,0,4,2,2,7,0,20	6,10,1	0.000000	-185.761829,-187.589802,-187.589816	1.000000	0.878333,0.113333,0.008333
0.5	100	18	14066420833776870721	85	3,8,4,2,4,0,9,6,1,4,5,1,10,2,26	5,8,1	0.000000	-196.118387,-196.347296,-196.668594	1.000000	0.513333,0.483333,0.003333
0.5	100	19	13317205189871237335	79	0,7,1,1,5,3,7,9,0,4,2,3,12,0,25	4,9,3	0.000000	-172.161158,-172.504900,-172.508570	1.000000	0.498333,0.213333,0.288333
0.5	100	20	5557143999131012293	86	0,12,1,1,9,1,14,8,3,9,1,3,9,2,13	4,18,4	0.000000	-203.205151,-203.213373,-203.205151	0.500000	0.335000,0.290000,0.375000
0.5	100	21	1051021336915895022	81	2,12,0,3,5,0,12,11,4,4,1,1,3,2,21	1,9,4	0.000000	-185.441109,-185.402067,-185.001440	0.000000	0.033333,0.373333,0.593333
0.5	100	22	3724088065161652715	85	2,8,2,3,5,2,11,11,1,5,3,3,9,2,18	5,10,3	0.000000	-205.258296,-205.373129,-205.373134	1.000000	0.496667,0.296667,0.206667
0.5	100	23	10089825027225129566	80	1,10,0,1,5,0,11,9,2,9,0,3,9,3,17	3,14,2	0.000000	-183.354181,-183.294160,-183.360477	0.000000	0.391667,0.476667,0.131667
0.5	100	24	7777178624076252516	78	2,6,2,2,4,0,9,8,0,3,3,3,14,1,21	5,7,0	0.000000	-176.253772,-177.941766,-177.941800	1.000000	0.790000,0.210000,0.000000
0.5	100	25	13939149118429428561	78	2,7,1,3,2,1,9,12,1,6,3,3,8,1,19	4,8,2	0.000000	-182.747733,-182.818669,-182.819265	1.000000	0.525000,0.300000,0.175000
0.5	100	26	10162822767377986788	76	1,7,3,0,4,2,10,11,2,4,4,1,5,1,21	4,8,4	0.000000	-175.650626,-175.668663,-175.380127	0.000000	0.358333,0.243333,0.398333
0.5	100	27	16469076434441808810	89	3,9,4,4,7,1,10,13,2,3,1,1,12,1,18	5,10,3	0.000000	-212.858469,-213.095729,-213.095733	1.000000	0.590000,0.170000,0.240000
0.5	100	28	5228637328448913240	77	1,11,1,1,3,0,13,13,0,2,2,4,12,1,13	5,5,0	0.500000	-172.882533,-174.838106,-174.838120	1.000000	0.966667,0.016667,0.016667
0.5	100	29	8514815340915985464	79	2,11,3,0,4,1,8,5,4,4,0,1,8,1,27	4,8,5	0.000000	-173.710353,-173.739266,-172.851075	0.000000	0.190000,0.100000,0.710000
0.5	100	30	16762076451802062488	78	2,10,0,2,3,1,8,6,1,8,1,2,11,1,22	2,11,2	0.000000	-174.510429,-174.015971,-174.510429	0.000000	0.116667,0.736667,0.146667
0.5	100	31	13538433212235231644	84	3,8,2,1,6,0,14,11,2,2,1,4,9,3,18	6,8,2	0.000000	-197.124689,-198.340792,-198.340803	1.000000	0.863333,0.093333,0.043333
0.5	100	32	8344354742418404158	78	1,11,2,3,7,0,4,10,1,5,2,3,15,2,12	5,12,1	0.000000	-186.398632,-186.697457,-186.697457	1.000000	0.668333,0.313333,0.018333
0.5	100	33	14917925775845150374	89	0,11,2,1,4,2,10,6,1,2,4,4,11,0,31	6,6,3	0.500000	-190.098414,-191.575727,-191.575730	1.000000	0.878333,0.073333,0.048333
0.5	100	34	13467491608001478436	74	2,10,3,2,1,1,9,10,0,0,2,2,11,1,20	5,1,1	1.000000	-163.339723,-165.036016,-165.036010	1.000000	0.938333,0.013333,0.048333
0.5	100	35	3774126759602551473	81	1,12,1,0,4,1,11,14,1,2,2,5,12,1,14	6,6,2	0.500000	-186.232442,-188.000565,-188.000567	1.000000	0.911667,0.006667,0.081667
0.5	100	36	16981286548491558570	80	1,7,3,0,7,0,9,11,1,2,1,1,14,1,22	4,9,1	0.000000	-172.358932,-173.693137,-173.693152	1.000000	0.850000,0.080000,0.070000
0.5	100	37	8495103234734887176	79	1,9,5,3,3,0,6,14,1,2,1,0,13,2,19	5,5,1	0.500000	-179.294799,-180.669423,-180.669434	1.000000	0.886667,0.056667,0.056667
0.5	100	38	6706895685079299731	74	1,6,0,2,6,1,12,6,2,2,2,2,10,2,20	2,8,3	0.000000	-169.595537,-169.581858,-169.519814	0.000000	0.213333,0.343333,0.443333
0.5	100	39	13520539454465252597	83	2,10,3,1,1,2,11,10,1,2,2,1,13,3,21	4,3,3	1.000000	-188.716949,-188.915018,-188.913754	1.000000	0.670000,0.020000,0.310000
0.5	100	40	15035163735944912682	87	1,4,0,3,6,0,10,9,5,6,3,3,8,5,24	3,12,5	0.000000	-209.265045,-207.851762,-209.194163	0.000000	0.053333,0.743333,0.203333
0.5	100	41	5395669156238182738	77	0,12,0,2,4,1,4,11,0,9,2,1,10,2,19	1,13,1	0.000000	-170.954637,-170.303192,-170.954639	0.000000	0.131667,0.796667,0.071667
0.5	100	42	12717966643570243734	84	1,9,2,3,5,2,8,14,0,3,3,4,7,1,22	6,8,2	0.000000	-193.896787,-194.602286,-194.602295	1.000000	0.716667,0.186667,0.096667
0.5	100	43	9169395026942195468	77	1,5,1,2,7,1,7,12,1,4,5,1,9,3,18	2,11,2	0.000000	-183.489714,-182.709608,-183.489713	0.000000	0.106667,0.796667,0.096667
0.5	100	44	8936577877342675416	75	2,12,1,2,3,0,13,4,1,5,2,3,11,2,14	4,8,1	0.000000	-176.745427,-177.213200,-177.213209	1.000000	0.813333,0.143333,0.043333
0.5	100	45	329389093602162639	81	3,7,7,3,6,0,9,8,1,4,2,4,11,1,15	11,10,1	1.000000	-198.849047,-202.855976,-202.855986	1.000000	0.980000,0.020000,0.000000
0.5	100	46	7033429340944659541	79	0,7,3,5,4,0,14,3,3,2,2,2,15,3,16	5,6,3	0.000000	-190.082472,-190.490383,-190.490384	1.000000	0.788333,0.103333,0.108333
0.5	100	47	9863956460673135933	83	3,9,2,3,5,2,10,10,0,4,1,4,11,0,19	6,9,2	0.000000	-194.645591,-195.929945,-195.929955	1.000000	0.896667,0.076667,0.026667
0.5	100	48	3467899489558955260	84	1,10,1,1,3,1,11,11,2,4,0,5,7,4,23	6,7,3	0.000000	-191.112021,-192.344720,-192.344722	1.000000	0.790000,0.070000,0.140000
0.5	100	49	10801342207089631504	77	4,6,1,1,3,0,11,8,0,4,1,1,16,1,20	2,7,0	0.000000	-167.995607,-168.039927,-168.039955	1.000000	0.583333,0.313333,0.103333
0.5	100	50	5982075549480037706	78	0,9,1,3,6,1,10,9,1,6,3,1,7,3,18	2,12,2	0.000000	-183.296745,-182.747184,-183.296743	0.000000	0.106667,0.796667,0.096667
0.5	100	51	13893592072388242903	71	0,2,2,4,2,1,8,5,1,6,1,6,12,0,21	8,8,2	0.500000	-163.543924,-165.293583,-165.299854	1.000000	0.820000,0.150000,0.030000
0.5	100	52	12105760127344822910	80	1,7,0,2,8,1,6,13,2,3,0,3,9,4,21	3,11,3	0.000000	-185.151585,-184.916802,-185.163700	0.000000	0.261667,0.516667,0.221667
0.5	100	53	17288513352072971273	79	0,8,2,2,7,1,7,9,3,1,1,4,10,3,21	6,8,4	0.000000	-186.293419,-187.074799,-187.074373	1.000000	0.640000,0.090000,0.270000
0.5	100	54	15512286164967371530	86	1,11,1,0,6,2,6,11,1,4,1,5,14,5,18	6,10,3	0.000000	-202.271342,-202.324768,-202.324773	1.000000	0.698333,0.108333,0.193333
0.5	100	55	6322274478462378136	80	4,13,0,2,6,0,8,4,1,3,0,2,9,2,26	2,9,1	0.000000	-173.173887,-172.342978,-173.173896	0.000000	0.170000,0.780000,0.050000
0.5	100	56	14381717210651248664	78	3,11,0,4,5,2,10,8,1,7,1,1,3,3,19	1,12,3	0.000000	-186.073593,-184.772083,-186.072352	0.000000	0.036667,0.806667,0.156667
0.5	100	57	522585822861666945	81	0,11,1,3,5,0,6,13,3,4,2,2,4,1,26	3,9,3	0.000000	-179.063803,-178.847172,-178.955521	0.000000	0.210000,0.470000,0.320000
0.5	100	58	4067699902105972781	85	5,14,5,2,5,1,8,10,2,3,0,3,7,1,19	8,8,3	0.500000	-203.125185,-204.243746,-204.243748	1.000000	0.775000,0.100000,0.125000
0.5	100	59	1160865951008349509	76	2,8,3,1,9,3,8,7,1,2,1,0,10,0,21	3,11,4	0.000000	-174.103436,-173.973042,-173.775393	0.000000	0.088333,0.433333,0.478333
0.5	100	60	13975988853556944255	80	1,7,3,3,8,0,6,5,3,5,2,2,13,0,22	5,13,3	0.000000	-186.135471,-185.902774,-186.699716	0.000000	0.353333,0.623333,0.023333
0.5	100	61	3497905230029062091	81	0,6,3,4,6,0,10,6,0,5,4,3,12,2,20	6,11,0	0.000000	-190.387027,-190.819886,-191.312975	1.000000	0.493333,0.503333,0.003333
0.5	100	62	18168086658637853733	83	0,10,1,1,3,1,10,19,0,1,2,2,10,1,22	3,4,1	0.000000	-173.506345,-173.880445,-173.880439	1.000000	0.751667,0.056667,0.191667
0.5	100	63	10157368274673690777	86	1,13,3,2,6,1,10,9,1,5,2,4,8,0,21	7,11,2	0.000000	-198.370047,-199.915253,-199.915268	1.000000	0.910000,0.080000,0.010000
0.5	100	64	8606042397108159353	73	1,10,2,1,2,1,15,6,1,4,0,2,8,1,19	4,6,2	0.000000	-160.528287,-161.554754,-161.554752	1.000000	0.728333,0.063333,0.208333
0.5	100	65	2796954804849779900	86	0,13,2,3,3,0,13,8,1,3,2,4,11,3,20	6,6,1	0.500000	-197.164657,-198.997097,-198.997112	1.000000	0.955000,0.020000,0.025000
0.5	100	66	3500210982841403904	82	2,9,1,2,2,1,8,9,3,6,1,2,8,1,27	3,8,4	0.000000	-182.974214,-182.932377,-182.633030	0.000000	0.190000,0.350000,0.460000
0.5	100	67	5522231842659985191	78	0,9,1,1,6,0,9,6,1,2,2,3,13,2,23	4,8,1	0.000000	-170.424328,-171.558479,-171.558556	1.000000	0.743333,0.243333,0.013333
0.5	100	68	381199600456790133	79	1,5,3,1,4,1,18,11,0,4,2,3,6,1,19	6,8,1	0.000000	-174.935305,-175.851310,-175.851314	1.000000	0.748333,0.198333,0.053333
0.5	100	69	10588255048932631803	80	0,14,2,0,4,0,14,12,1,1,0,1,9,1,21	3,5,1	0.000000	-162.469412,-163.511250,-163.511253	1.000000	0.833333,0.023333,0.143333
0.5	100	70	175523708122851311	79	0,13,1,4,9,2,9,4,0,4,2,1,4,3,23	2,13,2	0.000000	-182.565460,-180.247330,-182.565462	0.000000	0.060000,0.900000,0.040000
0.5	100	71	6010233040549775121	80	0,13,0,4,6,1,8,11,1,2,0,0,11,2,21	0,8,2	0.000000	-172.338083,-172.338055,-172.234720	0.000000	0.103333,0.313333,0.583333
0.5	100	72	12856924869495401789	80	3,13,1,0,7,1,7,7,1,4,1,2,3,1,29	3,11,2	0.000000	-172.491970,-171.132992,-172.669045	0.000000	0.140000,0.820000,0.040000
0.5	100	73	4848995945482134455	76	2,14,1,1,3,4,9,12,0,6,1,0,12,0,11	1,9,4	0.000000	-173.892747,-173.892743,-173.136479	0.000000	0.058333,0.053333,0.888333
0.5	100	74	2470704098396000437	78	2,11,0,0,4,0,11,6,1,4,1,1,11,1,25	1,8,1	0.000000	-160.073171,-160.052581,-160.073165	0.000000	0.238333,0.403333,0.358333
0.5	100	75	3387958757079062481	83	2,9,3,0,7,0,13,4,2,8,0,2,9,3,21	5,15,2	0.000000	-190.826366,-190.338881,-190.880902	0.000000	0.266667,0.726667,0.006667
0.5	100	76	10084727574053149783	72	2,9,4,2,5,1,8,6,2,5,1,0,8,2,17	4,10,3	0.000000	-172.287322,-172.275632,-172.370588	0.000000	0.318333,0.433333,0.248333
0.5	100	77	9097413719167798110	84	1,15,3,2,2,1,6,9,4,8,4,1,4,2,22	4,10,5	0.000000	-200.430080,-200.313881,-200.360293	0.000000	0.265000,0.370000,0.365000
0.5	100	78	7690471790123527364	86	1,8,3,3,2,1,7,9,3,5,0,5,9,2,28	8,7,4	1.000000	-196.449308,-198.870008,-198.870006	1.000000	0.855000,0.040000,0.105000
0.5	100	79	12300601865408285732	79	3,11,2,1,2,1,13,7,1,2,3,1,11,1,20	3,4,2	0.000000	-178.501463,-178.568974,-178.568968	1.000000	0.668333,0.083333,0.248333
0.5	100	80	16013744403945861391	75	0,12,1,2,6,0,10,8,1,4,0,3,9,1,18	4,10,1	0.000000	-165.681473,-166.907737,-166.907751	1.000000	0.830000,0.100000,0.070000
0.5	100	81	13674555027588721321	74	0,11,1,3,3,0,6,9,2,5,0,3,7,0,24	4,8,2	0.000000	-159.099921,-159.718812,-159.721681	1.000000	0.608333,0.263333,0.128333
0.5	100	82	12207765455370509790	81	2,15,4,1,5,0,13,9,2,3,1,1,7,1,17	5,8,2	0.000000	-186.101916,-187.104530,-187.104535	1.000000	0.823333,0.043333,0.133333
0.5	100	83	4474500371453980737	76	2,11,3,1,5,1,6,8,1,3,0,5,13,0,17	8,8,2	0.500000	-174.019814,-175.779065,-175.779070	1.000000	0.918333,0.048333,0.033333
0.5	100	84	15468236391899955902	81	1,10,3,3,6,1,7,4,2,4,3,1,15,1,20	4,10,3	0.000000	-187.879721,-188.085869,-188.217950	1.000000	0.463333,0.483333,0.053333
0.5	100	85	4798985185435754276	84	3,13,6,0,7,1,10,10,1,6,2,1,10,2,12	7,13,2	0.000000	-203.496973,-203.910258,-203.910268	1.000000	0.870000,0.110000,0.020000
0.5	100	86	4674099912891908354	75	2,6,2,0,6,0,12,6,2,5,3,0,9,2,20	2,11,2	0.000000	-171.957162,-171.400173,-171.957163	0.000000	0.186667,0.636667,0.176667
0.5	100	87	4285142650317302605	79	2,9,0,0,7,1,10,6,0,7,1,2,11,0,23	2,14,1	0.000000	-168.957124,-168.168702,-169.093180	0.000000	0.208333,0.733333,0.058333
0.5	100	88	7332718550270222125	80	2,6,2,0,5,1,16,12,0,4,2,1,8,1,20	3,9,1	0.000000	-174.450438,-174.874561,-174.874573	1.000000	0.653333,0.238333,0.108333
0.5	100	89	7657028572382289582	92	1,7,4,3,8,1,13,13,2,6,2,0,11,3,18	4,14,3	0.000000	-219.234013,-219.207048,-219.241200	0.000000	0.355000,0.460000,0.185000
0.5	100	90	345923456711468161	77	0,7,2,6,5,2,8,12,2,4,1,1,12,1,14	3,9,4	0.000000	-183.822969,-183.822963,-183.822963	0.000000	0.221667,0.276667,0.501667
0.5	100	91	18198171060654318355	79	3,8,3,1,4,0,12,7,0,4,2,1,12,1,21	4,8,0	0.000000	-176.285775,-177.423962,-177.423994	1.000000	0.750000,0.230000,0.020000
0.5	100	92	16609082191349944448	74	1,11,3,2,4,0,9,12,0,5,0,2,8,2,15	5,9,0	0.000000	-168.144667,-170.228496,-170.228517	1.000000	0.916667,0.066667,0.016667
0.5	100	93	16149813955456809779	83	2,9,2,3,3,1,10,12,2,6,2,3,8,3,17	5,9,3	0.000000	-201.109575,-201.302044,-201.302048	1.000000	0.613333,0.263333,0.123333
0.5	100	94	17668506510794529313	82	0,10,2,2,5,0,19,12,0,6,0,3,8,0,15	5,11,0	0.000000	-176.336325,-176.876831,-176.876883	1.000000	0.888333,0.088333,0.023333
0.5	100	95	14180438918486446435	82	1,8,2,1,5,2,11,10,2,9,1,2,11,2,15	4,14,4	0.000000	-194.993537,-195.038158,-195.028090	1.000000	0.378333,0.248333,0.373333
0.5	100	96	18313053656126186558	80	1,15,4,0,8,4,15,10,1,1,0,3,6,2,10	7,9,5	0.000000	-193.453682,-193.656939,-193.656940	1.000000	0.668333,0.053333,0.278333
0.5	100	97	7871908757499536434	79	3,6,4,2,2,0,14,9,3,3,1,1,7,2,22	5,5,3	0.500000	-180.659933,-181.421730,-181.421728	1.000000	0.830000,0.030000,0.140000
0.5	100	98	1276532958234523178	81	3,12,0,3,2,0,16,6,2,6,0,1,15,0,15	1,8,2	0.000000	-181.538190,-181.538185,-181.517276	0.000000	0.241667,0.136667,0.621667
0.5	100	99	16393272570681807186	81	3,11,0,2,1,0,13,7,3,6,2,3,5,4,21	3,7,3	0.000000	-190.093678,-190.093677,-190.093681	0.000000	0.343333,0.443333,0.213333
0.5	100	100	4720183076565859223	77	2,8,1,1,4,2,9,17,1,2,4,1,9,0,16	2,6,3	0.000000	-176.121463,-176.121461,-175.921146	0.000000	0.203333,0.093333,0.703333
0.5	100	101	2790889488402598089	74	2,7,2,3,7,0,12,7,0,1,2,3,6,2,20	5,8,0	0.000000	-170.730508,-171.662237,-171.871130	1.000000	0.625000,0.365000,0.010000
0.5	100	102	14615572070449251987	88	3,5,2,3,6,1,12,13,0,4,2,1,10,0,26	3,10,1	0.000000	-194.207141,-193.919765,-194.256092	0.000000	0.313333,0.603333,0.083333
0.5	100	103	8748302191098937765	78	2,9,0,4,7,1,13,5,1,4,1,2,9,1,19	2,11,2	0.000000	-180.679697,-180.402250,-180.679697	0.000000	0.208333,0.693333,0.098333
0.5	100	104	16601668989284350889	81	1,11,1,2,1,1,9,11,1,5,1,3,10,2,22	4,6,2	0.000000	-181.100852,-181.648343,-181.648344	1.000000	0.755000,0.090000,0.155000
0.5	100	105	17508782346782382632	86	0,12,5,1,6,1,14,10,1,2,3,2,6,1,22	7,8,2	0.000000	-194.578823,-195.935896,-195.935903	1.000000	0.893333,0.033333,0.073333
0.5	100	106	3483842790248256765	70	1,10,2,1,4,1,10,10,2,5,1,0,8,0,15	2,9,3	0.000000	-157.824208,-157.824208,-157.530862	0.000000	0.253333,0.153333,0.593333
0.5	100	107	11673520238333416382	84	4,14,1,1,1,1,12,8,1,2,0,4,5,2,28	5,3,2	1.000000	-179.241145,-180.448685,-180.448673	1.000000	0.886667,0.036667,0.076667
0.5	100	108	7036631787133020135	81	2,13,2,2,4,1,6,8,3,5,2,3,9,0,21	5,9,4	0.000000	-188.836759,-189.413958,-189.413958	1.000000	0.566667,0.156667,0.276667
0.5	100	109	4044879863517786779	82	2,2,4,0,6,1,13,10,1,5,3,4,13,0,18	8,11,2	0.000000	-192.406514,-194.037081,-194.037086	1.000000	0.921667,0.071667,0.006667
0.5	100	110	7486568226447158132	85	3,13,5,1,5,1,13,12,0,3,3,0,9,3,14	5,8,1	0.000000	-202.973604,-203.769077,-203.769088	1.000000	0.900000,0.060000,0.040000
0.5	100	111	695119160916384976	83	4,12,4,2,1,2,6,7,1,9,2,2,10,0,21	6,10,3	0.000000	-196.580049,-197.156007,-197.224926	1.000000	0.648333,0.323333,0.028333
0.5	100	112	4380850649112755876	79	1,9,4,1,2,0,9,6,0,3,1,3,11,2,27	7,5,0	1.000000	-166.086012,-170.751071,-170.751110	1.000000	1.000000,0.000000,0.000000
0.5	100	113	1982459291592330890	81	3,8,1,1,7,1,7,10,0,9,3,0,7,5,19	1,16,1	0.000000	-192.596947,-189.206274,-192.596947	0.000000	0.000000,0.960000,0.040000
0.5	100	114	16674908470271343377	80	2,9,4,2,6,2,5,8,3,6,1,1,8,2,21	5,12,5	0.000000	-193.095671,-192.732456,-193.036968	0.000000	0.293333,0.503333,0.203333
0.5	100	115	7339365312519228804	84	3,6,0,2,8,3,4,9,2,7,1,4,10,2,23	4,15,5	0.000000	-202.208988,-200.436287,-202.054326	0.000000	0.030000,0.810000,0.160000
0.5	100	116	12125441523349308841	79	1,6,1,0,3,1,15,10,1,2,3,2,10,3,21	3,5,2	0.000000	-175.730101,-175.862257,-175.862255	1.000000	0.625000,0.090000,0.285000
0.5	100	117	10312449334883746740	80	3,12,2,2,4,0,11,9,2,4,0,2,8,2,19	4,8,2	0.000000	-184.229918,-184.548156,-184.548162	1.000000	0.721667,0.166667,0.111667
0.5	100	118	6155307048452609210	86	1,10,0,2,6,1,7,13,1,8,2,4,9,1,21	4,14,2	0.000000	-197.961435,-197.975057,-198.272043	1.000000	0.493333,0.433333,0.073333
0.5	100	119	18409478497434225155	76	2,13,2,1,4,0,11,10,1,3,1,0,9,2,17	2,7,1	0.000000	-169.131414,-169.147669,-169.147676	1.000000	0.535000,0.230000,0.235000
0.5	100	120	445244232948191915	74	2,8,4,1,4,0,14,6,1,3,3,1,6,1,20	5,7,1	0.000000	-168.842600,-169.914286,-169.914304	1.000000	0.813333,0.163333,0.023333
0.5	100	121	13871382668859637163	80	4,15,3,2,5,0,13,6,0,1,0,0,11,3,17	3,6,0	0.000000	-180.117093,-180.178122,-180.178140	1.000000	0.610000,0.260000,0.130000
0.5	100	122	8846306413399852759	83	1,8,2,0,4,2,10,5,2,3,2,4,14,4,22	6,7,4	0.000000	-193.699529,-194.084133,-194.001209	1.000000	0.620000,0.060000,0.320000
0.5	100	123	2167494171060794032	82	1,9,2,3,3,1,14,13,0,5,1,3,6,1,20	5,8,1	0.000000	-183.348032,-184.087428,-184.087438	1.000000	0.836667,0.116667,0.046667
0.5	100	124	12268752416487846408	81	0,5,2,0,3,2,6,13,3,2,1,1,16,3,24	3,5,5	0.000000	-179.119677,-179.127071,-177.879378	0.000000	0.130000,0.010000,0.860000
0.5	100	125	4714881036933007148	74	0,8,1,1,3,1,9,14,1,7,1,1,6,3,18	2,10,2	0.000000	-165.776949,-165.759520,-165.782699	0.000000	0.325000,0.435000,0.240000
0.5	100	126	11962289983951421470	79	0,9,2,2,8,2,8,9,1,3,1,1,12,1,20	3,11,3	0.000000	-178.238794,-178.349919,-178.340612	1.000000	0.370000,0.350000,0.280000
0.5	100	127	13474763514801477837	82	2,14,2,0,8,6,6,11,1,6,1,0,6,2,17	2,14,7	0.000000	-195.334630,-195.330106,-194.322513	0.000000	0.043333,0.163333,0.793333
0.5	100	128	10702438570408600169	81	3,11,2,1,2,1,11,10,2,4,3,0,10,0,21	2,6,3	0.000000	-182.122025,-182.122026,-182.032293	0.000000	0.241667,0.126667,0.631667
0.5	100	129	3857599695170732812	80	0,8,1,1,4,0,9,10,1,3,1,5,12,0,25	6,7,1	0.000000	-168.538107,-171.301739,-171.301767	1.000000	0.946667,0.026667,0.026667
0.5	100	130	9534727076452725666	78	1,11,2,1,0,2,7,6,1,3,3,2,12,1,26	4,3,3	1.000000	-167.383349,-168.210340,-168.197357	1.000000	0.788333,0.023333,0.188333
0.5	100	131	10281447127246676642	82	3,8,1,0,4,1,10,12,2,3,0,1,15,1,21	2,7,3	0.000000	-177.411354,-177.411349,-177.390940	0.000000	0.243333,0.153333,0.603333
0.5	100	132	5996812535933879742	83	4,11,1,3,2,0,7,10,1,7,1,3,8,2,23	4,9,1	0.000000	-191.466361,-191.512970,-191.721874	1.000000	0.533333,0.463333,0.003333
0.5	100	133	6290168725753529263	77	0,7,0,0,7,0,8,11,2,5,1,0,15,1,20	0,12,2	0.000000	-160.337678,-160.306823,-159.481420	0.000000	0.010000,0.370000,0.620000
0.5	100	134	9902191638712775586	75	1,12,1,1,4,2,10,4,0,7,3,1,5,0,24	2,11,2	0.000000	-164.272899,-163.267613,-164.284976	0.000000	0.135000,0.770000,0.095000
0.5	100	135	9905047406129718597	81	2,9,1,2,3,0,9,11,0,9,1,6,11,2,15	7,12,0	0.000000	-191.217657,-193.575981,-193.575995	1.000000	0.880000,0.120000,0.000000
0.5	100	136	10009687564421295214	84	1,10,4,1,7,3,9,3,2,6,2,2,12,0,22	6,13,5	0.000000	-197.019063,-197.596320,-197.738156	1.000000	0.538333,0.358333,0.103333
0.5	100	137	3943690937179499357	81	4,10,1,2,6,2,4,5,2,10,5,2,5,5,18	3,16,4	0.000000	-205.581988,-200.749603,-205.581984	0.000000	0.010000,0.985000,0.005000
0.5	100	138	1384825474213028844	71	0,8,3,1,2,0,8,8,0,4,0,5,10,3,19	8,6,0	1.000000	-157.388822,-161.614369,-161.614398	1.000000	1.000000,0.000000,0.000000
0.5	100	139	9626712394336686992	80	3,10,4,0,3,0,10,10,0,8,3,2,7,3,17	6,11,0	0.000000	-189.548587,-191.142959,-191.203204	1.000000	0.793333,0.203333,0.003333
0.5	100	140	5706173179244982913	83	2,11,2,1,2,0,16,9,0,4,4,3,12,1,16	5,6,0	0.000000	-190.179937,-191.621021,-191.621039	1.000000	0.930000,0.040000,0.030000
0.5	100	141	11914846770789567564	82	4,5,4,0,9,1,10,14,0,4,3,4,7,1,16	8,13,1	0.000000	-197.234011,-198.183119,-198.365354	1.000000	0.690000,0.310000,0.000000
0.5	100	142	1285324263472285120	79	2,11,2,4,5,1,7,12,2,4,0,2,10,1,16	4,9,3	0.000000	-187.371025,-187.506045,-187.506045	1.000000	0.568333,0.128333,0.303333
0.5	100	143	9513195451680795568	81	0,10,0,0,2,1,7,9,0,6,4,3,16,0,23	3,8,1	0.000000	-171.014149,-171.310589,-171.310615	1.000000	0.743333,0.163333,0.093333
0.5	100	144	14591038325572883241	81	2,12,0,5,4,1,9,11,0,5,0,2,10,3,17	2,9,1	0.000000	-188.742761,-188.742758,-188.742771	0.000000	0.325000,0.525000,0.150000
0.5	100	145	9370291279552725693	77	2,6,3,1,8,0,8,3,2,4,1,0,7,6,26	3,12,2	0.000000	-176.800208,-173.008557,-176.800216	0.000000	0.040000,0.960000,0.000000
0.5	100	146	8030835519456895625	75	0,7,2,0,3,4,8,7,1,1,3,3,7,4,25	5,4,5	0.500000	-171.390300,-171.892454,-171.424882	1.000000	0.510000,0.030000,0.460000
0.5	100	147	7658219264633701261	80	2,9,2,2,1,0,13,8,1,6,1,4,8,1,22	6,7,1	0.000000	-179.782702,-182.061209,-182.061229	1.000000	0.910000,0.060000,0.030000
0.5	100	148	7083548105505059200	84	0,10,4,1,5,0,10,11,1,5,0,0,8,2,27	4,10,1	0.000000	-177.194475,-178.730903,-178.795904	1.000000	0.800000,0.170000,0.030000
0.5	100	149	152139575499237430	83	4,9,3,1,2,1,15,9,1,3,4,1,7,4,19	4,5,2	0.000000	-196.477634,-196.568075,-196.568082	1.000000	0.643333,0.203333,0.153333
0.5	100	150	12866925286816255657	73	1,8,3,1,3,0,10,8,1,6,1,2,5,2,22	5,9,1	0.000000	-163.224464,-164.829105,-165.013871	1.000000	0.683333,0.293333,0.023333
0.5	100	151	4107404031052109149	72	2,7,1,2,7,1,4,7,3,7,4,1,6,1,19	2,14,4	0.000000	-174.382222,-171.448250,-174.315909	0.000000	0.000000,0.910000,0.090000
0.5	100	152	10356473192501811872	83	1,9,5,2,1,1,9,10,1,6,4,1,9,1,23	6,7,2	0.000000	-190.401261,-191.522463,-191.522474	1.000000	0.856667,0.086667,0.056667
0.5	100	153	6713943473393304106	77	2,3,0,3,5,4,9,10,1,8,0,1,10,3,18	1,13,5	0.000000	-183.129689,-182.216137,-182.528545	0.000000	0.000000,0.530000,0.470000
0.5	100	154	18283821668285824113	77	3,9,0,3,4,1,7,7,0,4,1,4,6,3,25	4,8,1	0.000000	-175.281291,-174.921713,-175.588568	0.000000	0.333333,0.663333,0.003333
0.5	100	155	14903162352624096	79	1,11,2,3,4,1,12,9,3,5,2,1,10,0,15	3,9,4	0.000000	-185.160767,-185.160766,-185.147206	0.000000	0.376667,0.156667,0.466667
0.5	100	156	3546378032793352370	87	1,7,1,5,2,1,13,14,3,2,2,4,14,1,17	5,4,4	1.000000	-205.039940,-205.079305,-204.999427	0.000000	0.463333,0.033333,0.503333
0.5	100	157	489462678450319718	76	1,5,1,3,5,1,6,16,2,2,0,1,7,2,24	2,7,3	0.000000	-166.417901,-166.380925,-166.274210	0.000000	0.225000,0.330000,0.445000
0.5	100	158	18017334909778158106	76	3,14,2,1,3,3,8,6,2,6,1,3,3,3,18	5,9,5	0.000000	-184.807219,-184.821427,-184.667496	0.000000	0.286667,0.246667,0.466667
0.5	100	159	7745322303297184064	81	0,7,3,2,7,0,13,7,2,5,4,0,11,1,19	3,12,2	0.000000	-186.143823,-186.015976,-186.143831	0.000000	0.253333,0.663333,0.083333
0.5	100	160	17370567219445505856	81	0,7,2,2,5,1,10,13,4,7,1,3,7,0,19	5,12,5	0.000000	-188.496599,-188.496599,-188.331022	0.000000	0.296667,0.126667,0.576667
0.5	100	161	10153761618878246279	76	5,12,1,2,7,0,5,13,2,3,0,1,7,0,18	2,10,2	0.000000	-174.280596,-174.239439,-174.280595	0.000000	0.233333,0.513333,0.253333
0.5	100	162	14579606878976824374	82	4,8,3,0,4,1,10,6,3,3,1,3,12,5,19	6,7,4	0.000000	-195.554594,-195.568921,-195.568921	1.000000	0.543333,0.203333,0.253333
0.5	100	163	16832341433687836277	75	2,6,3,0,1,0,9,9,1,3,1,4,15,1,20	7,4,1	1.000000	-164.993175,-168.036027,-168.036034	1.000000	0.983333,0.003333,0.013333
0.5	100	164	9341214465298859648	82	4,6,4,0,4,3,11,12,1,4,0,4,7,2,20	8,8,4	0.500000	-192.927977,-194.236291,-194.236299	1.000000	0.878333,0.053333,0.068333
0.5	100	165	14923270817939175429	81	4,7,3,4,4,0,6,11,3,4,2,2,11,2,18	5,8,3	0.000000	-198.105440,-198.231356,-198.231364	1.000000	0.583333,0.273333,0.143333
0.5	100	166	12381843241932053312	75	1,5,2,0,8,0,11,8,0,6,1,0,10,2,21	2,14,0	0.000000	-161.605260,-160.695883,-161.923065	0.000000	0.213333,0.783333,0.003333
0.5	100	167	11332309476615019964	70	1,11,1,0,7,3,7,10,0,5,0,1,6,0,18	2,12,3	0.000000	-153.035977,-153.008288,-152.812246	0.000000	0.293333,0.333333,0.373333
0.5	100	168	7540179904073062326	79	1,6,6,1,5,0,9,6,4,6,2,2,13,2,16	8,11,4	0.000000	-193.663494,-194.842999,-194.843001	1.000000	0.808333,0.088333,0.103333
0.5	100	169	6280050711657537797	86	3,15,2,1,5,0,10,8,1,5,2,2,9,2,21	4,10,1	0.000000	-196.479934,-196.820735,-196.827111	1.000000	0.611667,0.326667,0.061667
0.5	100	170	16724993430694563494	73	2,14,0,1,4,0,9,7,1,3,2,2,8,2,18	2,7,1	0.000000	-163.783881,-163.783883,-163.783894	1.000000	0.443333,0.383333,0.173333
0.5	100	171	6562637344651116362	78	2,6,1,2,8,0,14,12,0,4,0,0,9,2,18	1,12,0	0.000000	-169.845949,-169.628066,-169.845964	0.000000	0.253333,0.698333,0.048333
0.5	100	172	16352243855479586028	78	3,13,1,1,3,1,10,9,0,5,0,3,13,1,15	4,8,1	0.000000	-175.747227,-175.946875,-175.946887	1.000000	0.740000,0.130000,0.130000
0.5	100	173	8995952438341287704	78	1,8,2,2,3,1,15,7,3,5,1,0,10,1,19	2,8,4	0.000000	-177.280950,-177.280946,-176.656001	0.000000	0.158333,0.083333,0.758333
0.5	100	174	6222714395187870619	78	3,7,1,0,3,0,12,9,1,7,0,0,12,0,23	1,10,1	0.000000	-160.234118,-160.204045,-160.234119	0.000000	0.230000,0.530000,0.240000
0.5	100	175	13503700100612515997	80	1,10,0,0,3,1,11,13,1,3,1,0,14,2,20	0,6,2	0.000000	-167.106958,-167.106934,-166.727446	0.000000	0.110000,0.130000,0.760000
0.5	100	176	13106867431678188714	77	0,3,2,0,6,2,16,9,3,9,1,2,6,2,16	4,15,5	0.000000	-179.224411,-179.075086,-179.224411	0.000000	0.201667,0.671667,0.126667
0.5	100	177	141676648311546959	83	0,11,3,2,4,1,14,9,2,8,2,1,11,1,14	4,12,3	0.000000	-194.101617,-194.106111,-194.106113	1.000000	0.520000,0.170000,0.310000
0.5	100	178	13853109884779253259	86	2,15,4,2,3,1,11,12,2,1,2,2,4,0,25	6,4,3	1.000000	-191.664569,-192.955531,-192.955242	1.000000	0.780000,0.010000,0.210000
0.5	100	179	17941306270118616947	80	1,11,2,1,8,1,5,11,0,4,2,2,11,3,18	4,12,1	0.000000	-185.379692,-185.713696,-185.856719	1.000000	0.513333,0.453333,0.033333
0.5	100	180	2860129933697815880	84	4,9,4,4,2,1,9,9,1,2,2,1,7,4,25	5,4,2	1.000000	-194.483374,-194.870174,-194.870184	1.000000	0.756667,0.176667,0.066667
0.5	100	181	14022620917888011015	70	1,8,2,2,3,0,13,8,0,4,4,1,8,1,15	3,7,0	0.000000	-160.125207,-160.265447,-160.265465	1.000000	0.576667,0.366667,0.056667
0.5	100	182	12351738686711995987	82	2,13,2,2,2,2,12,7,1,5,0,5,13,0,16	7,7,3	0.500000	-190.888544,-192.406164,-192.406161	1.000000	0.875000,0.000000,0.125000
0.5	100	183	15426485087736568004	77	2,10,3,0,3,2,11,9,1,2,0,3,8,3,20	6,5,3	1.000000	-174.675438,-175.352723,-175.352722	1.000000	0.810000,0.030000,0.160000
0.5	100	184	17657335418701452091	78	1,7,1,2,4,3,4,13,2,4,2,2,12,5,16	3,8,5	0.000000	-190.453330,-190.453326,-190.210183	0.000000	0.191667,0.246667,0.561667
0.5	100	185	17594863737536580105	83	1,8,4,1,6,1,9,9,0,4,3,1,11,2,23	5,10,1	0.000000	-188.752912,-189.911187,-190.005851	1.000000	0.720000,0.250000,0.030000
0.5	100	186	11043662242128938122	83	1,12,1,2,7,1,6,8,4,4,2,3,6,2,24	4,11,5	0.000000	-195.183032,-194.818374,-194.978721	0.000000	0.125000,0.540000,0.335000
0.5	100	187	122234395400384914	83	2,10,2,4,7,2,11,12,0,6,3,1,5,0,18	3,13,2	0.000000	-194.592179,-194.203660,-194.592181	0.000000	0.156667,0.716667,0.126667
0.5	100	188	2935945895793112517	82	2,8,2,1,6,0,12,10,3,5,2,0,9,1,21	2,11,3	0.000000	-186.063203,-185.994636,-185.976799	0.000000	0.146667,0.436667,0.416667
0.5	100	189	3376587806601035549	81	3,15,2,4,5,2,8,4,1,6,3,2,5,3,18	4,11,3	0.000000	-199.183645,-198.465441,-199.183651	0.000000	0.190000,0.730000,0.080000
0.5	100	190	6262626955994510190	75	3,10,1,3,4,0,8,8,0,5,3,3,9,2,16	4,9,0	0.000000	-179.309980,-179.684520,-179.783042	1.000000	0.643333,0.343333,0.013333
0.5	100	191	4151147345216702365	80	1,5,2,1,5,1,9,12,2,7,2,2,9,1,21	4,12,3	0.000000	-184.149570,-184.057800,-184.276869	0.000000	0.358333,0.453333,0.188333
0.5	100	192	11881538552257915717	78	1,11,2,1,4,0,12,12,2,4,2,2,7,0,18	4,8,2	0.000000	-174.766955,-175.091674,-175.091671	1.000000	0.583333,0.148333,0.268333
0.5	100	193	10444950849962528645	76	1,8,2,1,4,2,5,13,1,4,2,4,8,1,20	6,8,3	0.000000	-176.851996,-178.009800,-178.009801	1.000000	0.765000,0.110000,0.125000
0.5	100	194	15861356738808158824	73	2,9,3,2,2,0,17,8,1,1,1,2,9,1,15	5,3,1	1.000000	-165.664712,-167.075571,-167.075574	1.000000	0.933333,0.023333,0.043333
0.5	100	195	12276412311503818989	77	1,12,2,3,6,0,11,7,2,6,1,3,7,1,15	5,12,2	0.000000	-182.867916,-183.431293,-183.431300	1.000000	0.638333,0.258333,0.103333
0.5	100	196	10639687671525023356	89	1,9,2,0,7,0,15,8,1,9,1,1,11,0,24	3,16,1	0.000000	-189.445251,-189.877631,-190.254252	1.000000	0.400000,0.525000,0.075000
0.5	100	197	10207983975723481449	84	3,13,3,2,4,0,11,12,1,4,5,0,9,0,17	3,8,1	0.000000	-195.451058,-195.475844,-195.475856	1.000000	0.518333,0.323333,0.158333
0.5	100	198	15015994253785823292	80	5,9,1,1,3,0,10,10,3,4,0,4,7,2,21	5,7,3	0.000000	-184.998962,-185.352734,-185.352739	1.000000	0.686667,0.156667,0.156667
0.5	100	199	17454668953051074221	85	1,8,3,3,7,1,5,13,3,3,1,2,9,3,23	5,10,4	0.000000	-201.072402,-201.220786,-201.280008	1.000000	0.430000,0.290000,0.280000
0.5	1000	0	14691322107481328303	818	16,95,17,12,46,17,89,105,13,53,15,17,110,15,198	34,99,30	0.000000	-1884.455775,-1885.086421,-1885.059959	1.000000	0.596667,0.116667,0.286667
0.5	1000	1	2679306957665110889	807	12,106,14,31,39,11,71,85,10,44,18,24,110,18,214	38,83,21	0.000000	-1854.502134,-1857.121012,-1857.128094	1.000000	0.880000,0.120000,0.000000
0.5	1000	2	4716266888175534977	817	13,84,21,22,49,9,105,101,15,40,14,23,86,13,222	44,89,24	0.000000	-1865.602201,-1870.007783,-1870.007840	1.000000	0.970000,0.030000,0.000000
0.5	1000	3	13252927593537311806	810	13,107,19,20,44,11,83,103,17,45,17,26,90,21,194	45,89,28	0.000000	-1899.519893,-1902.719882,-1902.719916	1.000000	0.970000,0.020000,0.010000
0.5	1000	4	2230439861635986908	795	10,82,19,13,38,9,98,79,10,49,30,27,98,16,217	46,87,19	0.000000	-1825.122511,-1831.648779,-1831.711912	1.000000	0.970000,0.030000,0.000000
0.5	1000	5	17741689937384998295	802	21,101,22,16,33,16,92,99,13,41,26,17,85,15,205	39,74,29	0.000000	-1866.066769,-1867.341219,-1867.341217	1.000000	0.858333,0.013333,0.128333
0.5	1000	6	4653769779959330875	815	13,106,17,12,50,13,89,92,13,38,20,27,93,20,212	44,88,26	0.000000	-1880.076580,-1884.103473,-1884.103517	1.000000	1.000000,0.000000,0.000000
0.5	1000	7	847815503118871032	819	17,95,16,22,42,6,106,95,9,45,20,12,104,12,218	28,87,15	0.000000	-1842.138313,-1842.859825,-1842.859946	1.000000	0.736667,0.236667,0.026667
0.5	1000	8	8657543734953162351	787	18,90,16,8,48,12,92,97,12,41,14,16,99,18,206	32,89,24	0.000000	-1788.243620,-1789.365352,-1789.365370	1.000000	0.883333,0.043333,0.073333
0.5	1000	9	15562262618122390919	791	17,99,20,23,50,13,86,95,18,33,19,22,85,14,197	42,83,31	0.000000	-1855.853980,-1857.661560,-1857.661567	1.000000	0.900000,0.030000,0.070000
0.5	1000	10	14787889316005717290	827	15,94,21,14,53,14,100,104,17,31,20,25,99,13,207	46,84,31	0.000000	-1915.065876,-1918.850779,-1918.850765	1.000000	0.940000,0.000000,0.060000
0.5	1000	11	16153173997416328952	821	14,106,19,12,50,13,111,103,8,40,19,21,95,6,204	40,90,21	0.000000	-1856.017874,-1860.761640,-1860.761679	1.000000	1.000000,0.000000,0.000000
0.5	1000	12	10731271012789594340	757	23,84,17,16,54,12,94,81,16,38,11,17,102,17,175	34,92,28	0.000000	-1776.523106,-1776.946324,-1776.946330	1.000000	0.636667,0.186667,0.176667
0.5	1000	13	12950769437365689439	786	18,84,16,8,55,13,89,92,10,46,20,18,96,18,203	34,101,23	0.000000	-1810.602350,-1811.342093,-1811.861539	1.000000	0.683333,0.293333,0.023333
0.5	1000	14	18155999790733518880	792	18,87,20,25,37,11,97,73,14,46,20,20,89,20,215	40,83,25	0.000000	-1844.655811,-1846.202651,-1846.398826	1.000000	0.740000,0.240000,0.020000
0.5	1000	15	12208975394071518786	803	23,112,23,13,58,12,98,87,9,56,20,19,83,11,179	42,114,21	0.000000	-1885.017294,-1888.469939,-1888.573006	1.000000	0.960000,0.040000,0.000000
0.5	1000	16	13669868290441906784	813	14,102,24,16,42,15,101,90,16,42,16,26,95,14,200	50,84,31	0.000000	-1893.036480,-1898.610595,-1898.610595	1.000000	0.990000,0.000000,0.010000
0.5	1000	17	9080871836309691840	791	15,93,23,14,37,14,88,95,8,43,17,16,96,17,215	39,80,22	0.000000	-1800.386474,-1803.969528,-1803.969586	1.000000	0.940000,0.050000,0.010000
0.5	1000	18	13123051415000286808	800	18,96,21,11,39,15,86,91,11,49,16,22,92,18,215	43,88,26	0.000000	-1840.270334,-1844.065345,-1844.065390	1.000000	0.930000,0.040000,0.030000
0.5	1000	19	5025327324446591427	792	22,89,11,14,38,12,88,111,16,35,21,22,88,26,199	33,73,28	0.000000	-1843.054968,-1843.309562,-1843.309565	1.000000	0.670000,0.110000,0.220000
0.5	1000	20	17016940988633774920	801	24,98,20,9,42,14,84,104,21,46,19,27,97,13,183	47,88,35	0.000000	-1893.818463,-1896.393724,-1896.393704	1.000000	0.900000,0.000000,0.100000
0.5	1000	21	15321586232450150893	786	19,121,20,20,35,12,96,84,16,40,8,7,95,17,196	27,75,28	0.000000	-1792.276500,-1792.281975,-1792.107251	0.000000	0.436667,0.036667,0.526667
0.5	1000	22	1263118950834100020	801	17,97,16,12,48,12,101,93,14,42,19,27,94,16,193	43,90,26	0.000000	-1863.093065,-1866.574341,-1866.574376	1.000000	1.000000,0.000000,0.000000
0.5	1000	23	5077084811894085094	773	20,105,23,13,37,14,93,80,6,45,21,16,95,19,186	39,82,20	0.000000	-1798.170265,-1800.757905,-1800.757977	1.000000	0.956667,0.026667,0.016667
0.5	1000	24	8045825806572287002	788	13,84,14,14,41,11,85,94,12,40,23,24,92,15,226	38,81,23	0.000000	-1788.782983,-1791.684763,-1791.704281	1.000000	0.890000,0.080000,0.030000
0.5	1000	25	7791397705818034360	792	18,83,23,16,47,15,100,88,14,44,20,18,94,24,188	41,91,29	0.000000	-1873.457692,-1874.840034,-1874.840069	1.000000	0.833333,0.133333,0.033333
0.5	1000	26	14785900696256199798	783	13,90,19,18,47,17,75,89,11,47,14,16,94,14,219	35,94,28	0.000000	-1789.955998,-1790.836743,-1791.333269	1.000000	0.580000,0.320000,0.100000
0.5	1000	27	13235646719131791173	804	17,93,24,22,46,9,92,93,13,29,19,17,101,17,212	41,75,22	0.000000	-1849.615725,-1852.951836,-1852.951903	1.000000	0.990000,0.010000,0.000000
0.5	1000	28	9763716777003078701	792	18,90,17,15,43,11,87,80,14,36,14,17,117,19,214	34,79,25	0.000000	-1803.339268,-1804.354919,-1804.354929	1.000000	0.763333,0.123333,0.113333
0.5	1000	29	2522627151185802067	801	18,78,18,18,47,10,112,80,13,40,14,22,88,13,230	40,87,23	0.000000	-1817.882667,-1821.437016,-1821.596410	1.000000	0.950000,0.050000,0.000000
0.5	1000	30	16738488947089884989	801	13,85,16,13,40,17,113,99,11,40,26,17,87,18,206	33,80,28	0.000000	-1841.101898,-1841.463515,-1841.463497	1.000000	0.600000,0.110000,0.290000
0.5	1000	31	13513375262910328163	806	27,81,20,20,55,9,87,91,8,46,21,16,102,17,206	36,101,17	0.000000	-1878.240928,-1878.076028,-1879.640847	0.000000	0.500000,0.500000,0.000000
0.5	1000	32	9130663523740110075	805	23,100,21,19,43,8,109,86,16,41,22,15,102,21,179	36,84,24	0.000000	-1897.054265,-1897.701233,-1897.701274	1.000000	0.883333,0.063333,0.053333
0.5	1000	33	15799401651942743934	776	14,86,19,22,46,17,93,82,12,44,13,22,102,18,186	41,90,29	0.000000	-1822.459488,-1824.450777,-1824.450796	1.000000	0.910000,0.040000,0.050000
0.5	1000	34	4135664020315244725	808	19,86,15,12,53,11,82,94,13,52,13,14,100,19,225	29,105,24	0.000000	-1833.967186,-1832.380989,-1834.247866	0.000000	0.280000,0.680000,0.040000
0.5	1000	35	10849818886213983344	787	17,91,25,13,44,13,102,93,13,42,19,19,81,10,205	44,86,26	0.000000	-1813.271929,-1817.683881,-1817.683913	1.000000	0.960000,0.010000,0.030000
0.5	1000	36	4675669625588574011	797	15,99,19,18,48,11,86,90,8,54,18,9,100,15,207	28,102,19	0.000000	-1815.514948,-1815.264609,-1815.995177	0.000000	0.403333,0.583333,0.013333
0.5	1000	37	4202805385147004212	814	12,90,30,16,34,19,120,88,10,41,22,18,91,15,208	48,75,29	0.000000	-1881.549657,-1886.237467,-1886.237456	1.000000	0.980000,0.000000,0.020000
0.5	1000	38	17552774641454596227	802	14,99,13,17,39,7,75,96,12,51,16,31,106,16,210	44,90,19	0.000000	-1835.326136,-1841.624048,-1841.624158	1.000000	0.990000,0.010000,0.000000
0.5	1000	39	6095851066183650119	774	18,72,12,18,52,13,96,90,17,53,22,16,96,7,192	28,105,30	0.000000	-1798.815376,-1798.086256,-1798.664416	0.000000	0.100000,0.630000,0.270000
0.5	1000	40	1942820971624102272	805	16,91,22,13,52,17,86,98,18,52,17,22,103,14,184	44,104,35	0.000000	-1899.915226,-1901.744184,-1901.744177	1.000000	0.835000,0.030000,0.135000
0.5	1000	41	12986073084767190736	793	12,101,23,13,42,18,89,89,11,47,18,21,101,11,197	44,89,29	0.000000	-1831.492754,-1835.884942,-1835.884948	1.000000	0.940000,0.000000,0.060000
0.5	1000	42	11164033817960424740	816	18,114,17,18,43,12,102,104,12,57,17,22,89,13,178	39,100,24	0.000000	-1904.526380,-1906.653791,-1906.653830	1.000000	0.963333,0.003333,0.033333
0.5	1000	43	5474413162396910033	795	23,92,14,24,43,11,112,83,8,39,17,22,84,11,212	36,82,19	0.000000	-1821.700094,-1823.627677,-1823.627779	1.000000	0.853333,0.133333,0.013333
0.5	1000	44	767883643695049287	807	20,101,22,13,39,15,112,92,9,39,19,24,100,14,188	46,78,24	0.000000	-1874.458966,-1879.667305,-1879.667337	1.000000	0.980000,0.000000,0.020000
0.5	1000	45	6279728231508354218	798	19,102,38,11,49,18,99,81,8,49,14,20,89,15,186	58,98,26	0.000000	-1878.217806,-1888.040278,-1888.040341	1.000000	0.980000,0.010000,0.010000
0.5	1000	46	4221429952131982284	813	21,100,15,22,43,15,99,90,9,41,22,15,95,24,202	30,84,24	0.000000	-1892.986905,-1892.999882,-1892.999937	1.000000	0.523333,0.403333,0.073333
0.5	1000	47	8621129991227884214	799	16,102,18,18,43,14,98,85,8,38,15,18,111,19,196	36,81,22	0.000000	-1836.257580,-1838.083897,-1838.083935	1.000000	0.980000,0.000000,0.020000
0.5	1000	48	9996096958433257163	788	11,102,24,22,47,12,76,88,11,39,18,21,91,19,207	45,86,23	0.000000	-1826.478442,-1831.533896,-1831.533985	1.000000	0.990000,0.010000,0.000000
0.5	1000	49	3949048255756156060	778	18,90,28,14,34,15,95,83,12,46,18,21,94,12,198	49,80,27	0.000000	-1809.849434,-1816.139418,-1816.139451	1.000000	0.990000,0.010000,0.000000
0.5	1000	50	8663158518232471998	795	19,104,27,16,30,12,96,98,10,43,17,12,80,15,216	39,73,22	0.000000	-1808.993703,-1812.395459,-1812.395505	1.000000	0.980000,0.010000,0.010000
0.5	1000	51	8210476597521375943	771	21,88,21,22,35,4,99,101,13,34,11,16,83,11,212	37,69,17	0.000000	-1738.792493,-1742.752905,-1742.752991	1.000000	0.990000,0.010000,0.000000
0.5	1000	52	7289954300766297652	782	23,89,25,23,45,12,91,95,16,40,14,21,86,10,192	46,85,28	0.000000	-1837.554436,-1841.173998,-1841.174033	1.000000	0.990000,0.010000,0.000000
0.5	1000	53	7462800582149184086	806	12,103,22,17,40,14,97,89,5,49,24,23,98,9,204	45,89,19	0.000000	-1845.361957,-1852.421005,-1852.421105	1.000000	1.000000,0.000000,0.000000
0.5	1000	54	11768104068397721192	806	14,93,20,17,51,11,84,104,12,57,10,15,90,14,214	35,108,23	0.000000	-1835.520083,-1836.930905,-1837.623505	1.000000	0.720000,0.280000,0.000000
0.5	1000	55	9012776630228839595	788	17,99,11,18,45,13,94,91,16,37,17,11,103,16,200	22,82,29	0.000000	-1799.455148,-1799.455120,-1799.085930	0.000000	0.116667,0.126667,0.756667
0.5	1000	56	1764488366640350	808	12,102,21,14,47,14,98,87,16,39,17,18,114,15,194	39,86,30	0.000000	-1864.609109,-1866.650751,-1866.650728	1.000000	0.840000,0.010000,0.150000
0.5	1000	57	15762662420884681041	797	16,83,29,19,39,14,88,92,10,45,20,21,94,19,208	50,84,24	0.000000	-1860.551933,-1866.782795,-1866.782883	1.000000	0.990000,0.010000,0.000000
0.5	1000	58	13523406818933155499	804	23,103,17,18,55,19,93,91,9,43,17,19,77,20,200	36,98,28	0.000000	-1885.830772,-1886.055927,-1886.341631	1.000000	0.543333,0.443333,0.013333
0.5	1000	59	9309533708037823688	792	15,78,15,16,43,10,94,103,17,38,21,20,95,15,212	35,81,27	0.000000	-1815.629278,-1816.647145,-1816.647149	1.000000	0.720000,0.110000,0.170000
0.5	1000	60	6936295013157280683	798	18,91,19,18,38,13,105,111,10,49,16,13,88,13,196	32,87,23	0.000000	-1827.919339,-1828.698055,-1828.698079	1.000000	0.766667,0.076667,0.156667
0.5	1000	61	9738940631431979853	782	14,110,25,13,36,13,86,95,7,44,18,23,105,22,171	48,80,20	0.000000	-1828.757438,-1835.192260,-1835.192319	1.000000	1.000000,0.000000,0.000000
0.5	1000	62	8674858805275556322	810	18,89,19,21,33,9,98,97,5,38,13,32,95,15,228	51,71,14	0.000000	-1827.517095,-1840.202785,-1840.202951	1.000000	1.000000,0.000000,0.000000
0.5	1000	63	18223661855426714370	805	21,94,19,16,52,13,96,83,10,42,10,22,125,11,191	41,94,23	0.000000	-1853.139434,-1856.558726,-1856.558763	1.000000	0.978333,0.003333,0.018333
0.5	1000	64	14320754274977274072	790	22,95,23,18,37,15,83,112,17,32,12,25,79,13,207	48,69,32	0.000000	-1832.508767,-1837.429918,-1837.429886	1.000000	0.960000,0.000000,0.040000
0.5	1000	65	16126721661690932663	795	15,84,24,18,41,5,102,104,14,58,16,13,87,20,194	37,99,19	0.000000	-1838.962527,-1841.289970,-1841.373302	1.000000	0.830000,0.160000,0.010000
0.5	1000	66	5857101305126948713	767	17,76,18,19,39,13,79,85,16,53,18,22,83,19,210	40,92,29	0.000000	-1794.587900,-1795.029307,-1796.135071	1.000000	0.600000,0.350000,0.050000
0.5	1000	67	10954633638721847932	798	16,102,25,13,39,11,94,92,11,46,14,21,87,13,214	46,85,22	0.000000	-1818.342849,-1825.730216,-1825.730287	1.000000	1.000000,0.000000,0.000000
0.5	1000	68	16286574872594647943	782	24,92,13,23,34,14,116,92,15,36,18,17,75,7,206	30,70,29	0.000000	-1791.508971,-1791.564200,-1791.479556	0.000000	0.443333,0.033333,0.523333
0.5	1000	69	5666442664418945086	786	22,89,21,15,41,10,88,96,11,55,13,17,100,11,197	38,96,21	0.000000	-1808.558355,-1811.599358,-1811.599775	1.000000	0.930000,0.050000,0.020000
0.5	1000	70	13772024105175734153	793	27,77,17,22,34,11,78,104,12,40,21,21,110,16,203	38,74,23	0.000000	-1847.542216,-1848.912257,-1848.912323	1.000000	0.900000,0.070000,0.030000
0.5	1000	71	16790754312088507469	796	24,100,23,21,44,8,81,81,20,44,9,18,101,12,210	41,88,28	0.000000	-1840.299397,-1842.509304,-1842.509328	1.000000	0.860000,0.070000,0.070000
0.5	1000	72	2919852648294697189	792	18,90,18,19,34,10,92,101,6,59,16,21,99,15,194	39,93,16	0.000000	-1824.661720,-1828.773482,-1828.773601	1.000000	0.990000,0.010000,0.000000
0.5	1000	73	4554344118223853853	793	15,95,15,13,55,7,106,91,18,41,12,22,84,17,202	37,96,25	0.000000	-1818.955577,-1821.333120,-1821.333154	1.000000	0.930000,0.040000,0.030000
0.5	1000	74	14192034544566047328	796	12,89,16,18,41,16,112,88,7,43,23,23,96,27,185	39,84,23	0.000000	-1868.027032,-1869.686566,-1869.686622	1.000000	0.950000,0.040000,0.010000
0.5	1000	75	14548526699588776552	785	23,78,23,20,45,11,84,79,15,44,11,20,113,18,201	43,89,26	0.000000	-1833.654995,-1836.226347,-1836.243424	1.000000	0.930000,0.050000,0.020000
0.5	1000	76	9236205561784685525	793	15,88,22,11,36,8,83,104,10,48,24,8,94,16,226	30,84,18	0.000000	-1779.899574,-1780.948053,-1781.079864	1.000000	0.760000,0.240000,0.000000
0.5	1000	77	10987523387032026700	791	25,89,27,13,43,12,101,85,13,43,16,19,112,14,179	46,86,25	0.000000	-1856.897746,-1860.983377,-1860.983414	1.000000	0.990000,0.000000,0.010000
0.5	1000	78	14101015180654209404	807	17,86,22,17,46,9,90,97,16,48,17,14,104,12,212	36,94,25	0.000000	-1849.472843,-1851.152863,-1851.161131	1.000000	0.775000,0.190000,0.035000
0.5	1000	79	1836958672465366383	793	16,105,21,22,38,14,94,95,10,43,13,17,93,14,198	38,81,24	0.000000	-1825.110688,-1827.545817,-1827.545844	1.000000	0.990000,0.000000,0.010000
0.5	1000	80	3480890321849814688	814	18,107,19,16,49,12,91,116,14,48,22,20,82,18,182	39,97,26	0.000000	-1913.466648,-1914.821070,-1914.821107	1.000000	0.920000,0.070000,0.010000
0.5	1000	81	4616878194179888568	803	22,99,21,18,39,18,72,107,13,54,13,19,89,16,203	40,93,31	0.000000	-1875.650535,-1876.987054,-1876.987065	1.000000	0.830000,0.110000,0.060000
0.5	1000	82	12813584552640349872	798	15,84,19,15,46,10,94,115,14,51,18,12,94,14,197	31,97,24	0.000000	-1829.718895,-1830.256386,-1830.256410	1.000000	0.703333,0.143333,0.153333
0.5	1000	83	5676724795690472644	807	15,100,19,21,32,15,96,109,11,29,9,27,91,7,226	46,61,26	0.000000	-1807.951617,-1815.520209,-1815.520154	1.000000	1.000000,0.000000,0.000000
0.5	1000	84	5473435264432681562	812	8,83,21,14,48,10,115,78,12,55,17,27,97,15,212	48,103,22	0.000000	-1861.852893,-1869.462777,-1869.513411	1.000000	0.980000,0.020000,0.000000
0.5	1000	85	11544330035742050205	772	19,85,20,20,43,9,74,87,11,45,15,25,92,12,215	45,88,20	0.000000	-1775.390913,-1781.309803,-1781.676963	1.000000	0.960000,0.040000,0.000000
0.5	1000	86	13003466064100454971	833	15,101,22,17,42,14,118,105,13,51,22,17,93,13,190	39,93,27	0.000000	-1934.351857,-1935.759944,-1935.759951	1.000000	0.930000,0.020000,0.050000
0.5	1000	87	4926434084829814017	813	22,113,22,17,56,6,88,94,9,44,19,17,100,20,186	39,100,15	0.000000	-1893.880425,-1896.885495,-1896.887417	1.000000	0.950000,0.050000,0.000000
0.5	1000	88	11650720758730996125	785	20,95,22,19,40,10,87,79,12,39,16,27,92,21,206	49,79,22	0.000000	-1829.020384,-1835.075306,-1835.075402	1.000000	1.000000,0.000000,0.000000
0.5	1000	89	12128744046300996697	807	21,114,23,16,39,16,87,91,7,49,23,18,97,14,192	41,88,23	0.000000	-1881.430080,-1884.163778,-1884.163840	1.000000	0.963333,0.023333,0.013333
0.5	1000	90	6471120489738811206	801	23,80,21,7,43,11,75,100,12,49,14,18,111,19,218	39,92,23	0.000000	-1827.441673,-1829.978035,-1830.093992	1.000000	0.900000,0.090000,0.010000
0.5	1000	91	1074084313985640347	825	16,89,13,13,42,6,103,90,12,57,12,17,121,18,216	30,99,18	0.000000	-1853.506228,-1854.752422,-1854.772699	1.000000	0.820000,0.160000,0.020000
0.5	1000	92	11180056392121607426	790	23,108,18,20,38,13,85,100,8,49,18,20,89,13,188	38,87,21	0.000000	-1839.897281,-1842.029311,-1842.029381	1.000000	0.960000,0.030000,0.010000
0.5	1000	93	8879711883611393764	803	9,95,20,16,36,10,92,96,20,49,13,17,105,24,201	37,85,30	0.000000	-1852.850679,-1854.103547,-1854.102930	1.000000	0.875000,0.010000,0.115000
0.5	1000	94	11333777098070811864	818	20,117,22,19,56,9,86,87,5,41,16,12,100,19,209	34,97,14	0.000000	-1867.535699,-1869.237439,-1869.507198	1.000000	0.770000,0.230000,0.000000
0.5	1000	95	8178787358751544232	813	15,94,20,19,38,9,116,103,9,44,22,19,78,14,213	39,82,18	0.000000	-1850.347280,-1853.355490,-1853.355582	1.000000	1.000000,0.000000,0.000000
0.5	1000	96	7765875772126571549	795	24,100,20,18,42,11,98,102,15,46,21,13,75,16,194	33,88,26	0.000000	-1856.063217,-1856.338190,-1856.338226	1.000000	0.673333,0.173333,0.153333
0.5	1000	97	903164317582827279	813	20,92,14,21,48,19,93,103,11,42,17,22,84,16,211	36,90,30	0.000000	-1888.241058,-1888.808489,-1888.811583	1.000000	0.673333,0.203333,0.123333
0.5	1000	98	18242854058622592074	796	23,87,22,13,45,7,85,105,12,49,13,15,94,22,204	37,94,19	0.000000	-1832.661174,-1835.023765,-1835.152869	1.000000	0.810000,0.190000,0.000000
0.5	1000	99	11503183276855236261	776	14,84,18,14,50,7,91,99,16,37,17,23,99,13,194	41,87,23	0.000000	-1786.777904,-1790.871913,-1790.871959	1.000000	1.000000,0.000000,0.000000
0.5	1000	100	8715007730050914515	775	17,94,17,18,56,11,95,92,8,41,19,19,86,12,190	36,97,19	0.000000	-1792.066345,-1794.286059,-1794.356488	1.000000	0.860000,0.140000,0.000000
0.5	1000	101	18399433185012534003	789	14,95,19,14,44,11,105,87,10,44,17,23,97,12,197	42,88,21	0.000000	-1808.062792,-1813.323282,-1813.323346	1.000000	0.990000,0.000000,0.010000
0.5	1000	102	7211290820221556037	799	14,94,14,13,31,15,95,82,11,50,16,20,113,24,207	34,81,26	0.000000	-1830.290708,-1831.105540,-1831.105540	1.000000	0.800000,0.110000,0.090000
0.5	1000	103	1663851423543979325	787	23,100,14,13,47,12,108,104,21,34,8,16,81,19,187	30,81,33	0.000000	-1816.625605,-1816.793892,-1816.597215	0.000000	0.533333,0.013333,0.453333
0.5	1000	104	8403272837293270490	778	14,92,15,14,58,14,93,91,14,44,19,19,96,15,180	34,102,28	0.000000	-1817.014563,-1817.630099,-1817.630110	1.000000	0.700000,0.080000,0.220000
0.5	1000	105	9252162887586995080	806	22,95,22,17,53,7,106,95,18,48,16,14,81,17,195	36,101,25	0.000000	-1879.508037,-1880.480331,-1880.570305	1.000000	0.710000,0.240000,0.050000
0.5	1000	106	14966421743692818116	808	14,81,16,14,50,15,117,112,11,51,16,18,88,16,189	34,101,26	0.000000	-1861.656412,-1862.551705,-1862.551719	1.000000	0.760000,0.110000,0.130000
0.5	1000	107	9901939094592852087	794	16,89,18,19,40,20,95,93,14,42,16,19,87,13,213	37,82,34	0.000000	-1833.030625,-1833.890364,-1833.632465	1.000000	0.510000,0.020000,0.470000
0.5	1000	108	10503022778955287474	808	22,100,15,23,46,10,104,86,8,42,17,19,85,10,221	34,88,18	0.000000	-1836.834249,-1838.462873,-1838.599338	1.000000	0.850000,0.150000,0.000000
0.5	1000	109	12102259791831901917	805	10,85,19,21,31,13,97,107,10,43,21,20,96,18,214	39,74,23	0.000000	-1838.327001,-1840.826067,-1840.826099	1.000000	0.950000,0.010000,0.040000
0.5	1000	110	6634974348249675323	792	15,96,14,12,48,11,95,88,10,45,15,21,99,18,205	35,93,21	0.000000	-1806.142041,-1808.326756,-1808.326818	1.000000	0.848333,0.103333,0.048333
0.5	1000	111	2550825580119437094	800	10,96,22,19,46,7,107,89,9,39,20,18,106,19,193	40,85,16	0.000000	-1837.329225,-1842.039284,-1842.039390	1.000000	1.000000,0.000000,0.000000
0.5	1000	112	541975221311601588	810	15,88,18,21,44,11,77,100,11,44,21,21,96,12,231	39,88,22	0.000000	-1842.998516,-1845.803266,-1846.089051	1.000000	0.790000,0.210000,0.000000
0.5	1000	113	11746895632451888714	809	16,101,32,14,45,15,91,91,10,46,20,18,92,18,200	50,91,25	0.000000	-1890.392591,-1896.620262,-1896.620332	1.000000	1.000000,0.000000,0.000000
0.5	1000	114	11588332271037392106	797	16,108,24,19,39,14,96,81,13,37,17,29,83,16,205	53,76,27	0.000000	-1856.765341,-1864.564972,-1864.565012	1.000000	1.000000,0.000000,0.000000
0.5	1000	115	8093002290908620855	812	17,83,24,20,39,9,102,108,5,38,11,21,112,26,197	45,77,14	0.000000	-1866.774254,-1874.107816,-1874.107948	1.000000	1.000000,0.000000,0.000000
0.5	1000	116	4957329358749220426	795	20,83,16,15,37,6,99,102,11,43,15,24,96,16,212	40,80,17	0.000000	-1806.322446,-1811.384880,-1811.384994	1.000000	1.000000,0.000000,0.000000
0.5	1000	117	9584842537161522538	821	19,87,15,8,48,12,91,107,12,51,9,22,97,20,223	37,99,24	0.000000	-1856.740665,-1859.603846,-1859.701080	1.000000	0.870000,0.090000,0.040000
0.5	1000	118	16598824635498276558	805	26,90,16,16,63,19,86,108,11,40,25,11,82,14,198	27,103,30	0.000000	-1885.238530,-1884.351671,-1885.237908	0.000000	0.073333,0.713333,0.213333
0.5	1000	119	5094729412086283123	797	12,94,20,29,47,9,98,92,8,56,16,19,94,19,184	39,103,17	0.000000	-1864.168889,-1866.860216,-1866.992945	1.000000	0.866667,0.126667,0.006667
0.5	1000	120	999772877972188899	799	19,81,24,21,36,20,104,85,11,31,15,23,96,19,214	47,67,31	0.000000	-1855.344962,-1859.373325,-1859.373307	1.000000	0.950000,0.000000,0.050000
0.5	1000	121	17766676848731820757	802	18,96,16,17,52,7,84,88,19,56,15,17,92,14,211	33,108,26	0.000000	-1848.373904,-1847.687864,-1849.028402	0.000000	0.310000,0.660000,0.030000
0.5	1000	122	13041263432868099144	787	15,89,16,20,59,9,78,105,11,51,18,21,83,13,199	37,110,20	0.000000	-1823.551449,-1824.258635,-1825.769787	1.000000	0.600000,0.400000,0.000000
0.5	1000	123	51330981132571372	790	23,98,20,14,35,15,93,96,8,35,26,15,84,21,207	35,70,23	0.000000	-1826.346723,-1827.249540,-1827.249589	1.000000	0.883333,0.053333,0.063333
0.5	1000	124	12209063103258939174	766	15,84,21,22,49,13,92,78,16,50,10,19,89,19,189	40,99,29	0.000000	-1802.265401,-1803.672236,-1803.892544	1.000000	0.770000,0.150000,0.080000
0.5	1000	125	10825420732966121631	801	16,105,17,13,42,8,91,109,16,42,11,20,93,15,203	37,84,24	0.000000	-1820.788192,-1823.636599,-1823.636608	1.000000	0.940000,0.010000,0.050000
0.5	1000	126	13437049327005846933	799	19,84,17,16,46,9,99,99,16,50,19,17,86,15,207	34,96,25	0.000000	-1843.899650,-1844.479185,-1844.702739	1.000000	0.700000,0.260000,0.040000
0.5	1000	127	1664726480292526304	783	19,100,22,17,46,16,90,88,12,41,14,12,96,10,200	34,87,28	0.000000	-1799.638455,-1800.619526,-1800.619517	1.000000	0.633333,0.043333,0.323333
0.5	1000	128	10885446605715749725	792	9,90,23,10,49,10,95,97,7,38,20,20,98,21,205	43,87,17	0.000000	-1805.559215,-1812.468448,-1812.468562	1.000000	0.990000,0.010000,0.000000
0.5	1000	129	7695637645385763759	782	7,98,29,12,45,9,101,85,11,41,16,19,89,9,211	48,86,20	0.000000	-1761.239180,-1772.261027,-1772.261102	1.000000	1.000000,0.000000,0.000000
0.5	1000	130	16382719735466351096	804	20,105,22,12,49,7,113,86,9,33,18,14,113,15,188	36,82,16	0.000000	-1835.506348,-1838.713403,-1838.713481	1.000000	1.000000,0.000000,0.000000
0.5	1000	131	12315032509538809155	795	22,97,16,12,43,14,96,95,11,40,18,16,94,13,208	32,83,25	0.000000	-1815.118632,-1815.880620,-1815.880629	1.000000	0.853333,0.073333,0.073333
0.5	1000	132	7953494787985169056	818	16,92,20,21,44,22,84,85,11,48,13,27,96,20,219	47,92,33	0.000000	-1910.892431,-1913.971365,-1913.998615	1.000000	0.910000,0.040000,0.050000
0.5	1000	133	4517526434820664449	804	11,82,23,20,42,12,88,100,13,58,18,12,108,13,204	35,100,25	0.000000	-1848.551674,-1849.837824,-1849.889099	1.000000	0.780000,0.160000,0.060000
0.5	1000	134	4746362740034796241	784	16,94,18,17,33,8,80,93,7,45,13,17,108,19,216	35,78,15	0.000000	-1763.071762,-1766.394927,-1766.395050	1.000000	0.940000,0.060000,0.000000
0.5	1000	135	1126127630648947068	797	20,85,18,17,33,7,97,107,17,40,25,14,87,21,209	32,73,24	0.000000	-1836.553896,-1836.857942,-1836.857978	1.000000	0.740000,0.140000,0.120000
0.5	1000	136	9152498947663412811	811	13,99,15,23,46,12,84,98,12,45,18,14,90,16,226	29,91,24	0.000000	-1841.145594,-1840.997664,-1841.389732	0.000000	0.443333,0.493333,0.063333
0.5	1000	137	10948009679440380105	787	11,102,22,22,43,11,91,101,6,39,10,17,90,14,208	39,82,17	0.000000	-1776.498008,-1781.984406,-1781.984501	1.000000	0.980000,0.020000,0.000000
0.5	1000	138	6047098211150962029	804	14,105,16,22,48,17,83,95,6,54,17,15,86,16,210	31,102,23	0.000000	-1847.578503,-1847.283818,-1848.085464	0.000000	0.440000,0.540000,0.020000
0.5	1000	139	12373033161649678646	808	16,77,14,19,53,8,96,96,14,57,13,16,109,10,210	30,110,22	0.000000	-1837.980893,-1837.887102,-1838.722229	0.000000	0.380000,0.580000,0.040000
0.5	1000	140	12208655812817655104	812	15,101,22,13,49,13,98,101,11,53,27,13,94,11,191	35,102,24	0.000000	-1880.932662,-1882.035715,-1882.035756	1.000000	0.830000,0.090000,0.080000
0.5	1000	141	381966026563574913	777	13,94,16,30,34,15,88,94,18,51,15,16,88,12,193	32,85,33	0.000000	-1810.984914,-1811.048022,-1810.880291	0.000000	0.350000,0.110000,0.540000
0.5	1000	142	1518257572153175001	798	21,92,19,14,36,8,102,86,15,49,18,18,84,25,211	37,85,23	0.000000	-1845.449696,-1846.954480,-1846.985331	1.000000	0.813333,0.173333,0.013333
0.5	1000	143	10451723896317939433	819	14,90,17,21,46,13,103,92,15,33,9,14,113,23,216	31,79,28	0.000000	-1864.194085,-1864.523144,-1864.512401	1.000000	0.633333,0.063333,0.303333
0.5	1000	144	857170186559235198	792	12,101,25,16,42,13,75,101,14,42,28,18,81,13,211	43,84,27	0.000000	-1833.159665,-1836.468925,-1836.468969	1.000000	0.940000,0.050000,0.010000
0.5	1000	145	1171780352152591124	803	19,86,21,19,44,18,82,88,7,61,19,13,97,17,212	34,105,25	0.000000	-1864.520071,-1863.243058,-1865.100712	0.000000	0.300000,0.690000,0.010000
0.5	1000	146	11908367188713127405	782	14,87,18,14,37,15,93,83,11,50,17,19,87,14,223	37,87,26	0.000000	-1778.698520,-1780.928636,-1781.058855	1.000000	0.770000,0.150000,0.080000
0.5	1000	147	8810132257386707355	794	25,88,13,17,47,8,108,84,17,51,15,30,75,17,199	43,98,25	0.000000	-1862.394487,-1865.113587,-1865.414949	1.000000	0.920000,0.080000,0.000000
0.5	1000	148	12363212330850514052	815	11,105,15,21,47,12,92,102,16,48,14,23,88,17,204	38,95,28	0.000000	-1882.678464,-1884.304854,-1884.304869	1.000000	0.870000,0.040000,0.090000
0.5	1000	149	15130794095227144284	802	19,104,20,21,38,16,88,102,5,36,18,24,96,19,196	44,74,21	0.000000	-1863.582028,-1867.877133,-1867.877201	1.000000	1.000000,0.000000,0.000000
0.5	1000	150	7545254942250974331	789	23,101,20,14,40,16,101,86,13,44,15,13,87,17,199	33,84,29	0.000000	-1826.001590,-1826.384275,-1826.384264	1.000000	0.616667,0.116667,0.266667
0.5	1000	151	4103708694495797115	820	17,96,18,22,51,10,85,101,11,59,17,19,100,11,203	37,110,21	0.000000	-1894.415068,-1896.095431,-1896.603450	1.000000	0.810000,0.190000,0.000000
0.5	1000	152	10056255477960850069	766	16,97,21,16,46,14,97,75,10,44,21,22,93,18,176	43,90,24	0.000000	-1807.339794,-1810.559347,-1810.559404	1.000000	0.940000,0.050000,0.010000
0.5	1000	153	7563168795423103593	805	20,96,17,21,43,16,94,94,12,47,17,19,94,21,194	36,90,28	0.000000	-1888.561888,-1889.072832,-1889.072859	1.000000	0.696667,0.206667,0.096667
0.5	1000	154	5958955417847161497	795	13,79,18,19,40,12,107,80,18,41,25,17,99,16,211	35,81,30	0.000000	-1837.981640,-1838.494963,-1838.494955	1.000000	0.623333,0.123333,0.253333
0.5	1000	155	12221423663031230347	771	10,100,17,17,25,13,88,114,11,52,9,23,82,26,184	40,77,24	0.000000	-1782.655059,-1786.125181,-1786.125202	1.000000	1.000000,0.000000,0.000000
0.5	1000	156	11886086749823035325	781	14,95,13,9,49,8,97,91,14,58,14,19,83,26,191	32,107,22	0.000000	-1803.118546,-1803.559251,-1804.085054	1.000000	0.553333,0.433333,0.013333
0.5	1000	157	7506965150600281592	806	13,101,16,17,50,11,112,95,6,40,19,15,98,12,201	31,90,17	0.000000	-1821.597835,-1823.229411,-1823.229485	1.000000	0.900000,0.060000,0.040000
0.5	1000	158	11066116668054145499	791	25,74,21,16,58,13,110,92,16,37,19,21,89,12,188	42,95,29	0.000000	-1864.464014,-1866.320243,-1866.320277	1.000000	0.820000,0.100000,0.080000
0.5	1000	159	2201955138955979340	797	15,104,21,13,40,11,87,95,12,49,16,22,103,15,194	43,89,23	0.000000	-1837.039517,-1841.723835,-1841.723883	1.000000	0.990000,0.010000,0.000000
0.5	1000	160	12355064898257624259	792	16,96,12,26,37,13,98,88,6,44,21,21,99,16,199	33,81,19	0.000000	-1826.138466,-1827.134388,-1827.134475	1.000000	0.866667,0.116667,0.016667
0.5	1000	161	9504913511921643823	796	10,95,21,19,46,14,89,101,14,46,12,21,91,11,206	42,92,28	0.000000	-1825.054574,-1828.807910,-1828.807917	1.000000	0.950000,0.010000,0.040000
0.5	1000	162	5890319205470798449	778	26,98,25,12,40,10,92,88,10,33,16,22,104,18,184	47,73,20	0.000000	-1811.946417,-1817.491693,-1817.491754	1.000000	1.000000,0.000000,0.000000
0.5	1000	163	13400969717179564515	805	12,101,20,11,36,5,101,95,11,42,18,24,99,14,216	44,78,16	0.000000	-1806.539528,-1815.670084,-1815.670194	1.000000	1.000000,0.000000,0.000000
0.5	1000	164	15462910257832572947	813	16,93,22,12,39,11,83,114,12,46,25,17,98,12,213	39,85,23	0.000000	-1858.207016,-1861.136104,-1861.136154	1.000000	0.955000,0.030000,0.015000
0.5	1000	165	12387489216422730504	794	14,99,19,10,39,11,97,95,15,47,10,20,100,13,205	39,86,26	0.000000	-1798.753861,-1802.465800,-1802.465788	1.000000	0.910000,0.000000,0.090000
0.5	1000	166	2288874295128721298	782	28,84,16,20,41,6,87,91,12,51,18,19,95,20,194	35,92,18	0.000000	-1830.503505,-1830.995532,-1831.514004	1.000000	0.560000,0.440000,0.000000
0.5	1000	167	1489776551539059194	816	22,98,21,15,63,8,86,93,10,48,13,22,91,12,214	43,111,18	0.000000	-1873.167052,-1877.654198,-1878.842304	1.000000	0.810000,0.190000,0.000000
0.5	1000	168	449045872203409402	780	18,83,14,18,32,15,93,99,7,40,9,23,95,22,212	37,72,22	0.000000	-1774.747574,-1777.554465,-1777.554509	1.000000	0.970000,0.000000,0.030000
0.5	1000	169	2829059083353327809	776	21,85,18,10,48,11,102,108,18,40,14,15,83,21,182	33,88,29	0.000000	-1804.500749,-1805.221205,-1805.221208	1.000000	0.740000,0.070000,0.190000
0.5	1000	170	10110260978057056508	768	14,104,10,14,43,10,98,100,8,42,16,20,91,12,186	30,85,18	0.000000	-1740.942720,-1742.505839,-1742.505885	1.000000	0.960000,0.020000,0.020000
0.5	1000	171	1722446852194636571	816	21,109,23,14,37,16,81,107,12,35,16,19,95,15,216	42,72,28	0.000000	-1868.667341,-1871.839927,-1871.839907	1.000000	0.950000,0.000000,0.050000
0.5	1000	172	10288662300649358811	799	17,80,15,19,37,15,88,95,11,52,12,18,111,18,211	33,89,26	0.000000	-1831.516262,-1832.259936,-1832.259957	1.000000	0.700000,0.170000,0.130000
0.5	1000	173	10392371367768800791	806	24,114,11,19,30,14,89,89,14,48,15,26,81,21,211	37,78,28	0.000000	-1868.582299,-1869.395137,-1869.395151	1.000000	0.795000,0.040000,0.165000
0.5	1000	174	9586694192534130106	806	17,99,26,22,40,13,105,97,9,41,17,18,86,17,199	44,81,22	0.000000	-1870.410331,-1874.563704,-1874.563771	1.000000	0.980000,0.000000,0.020000
0.5	1000	175	15567585113865195289	784	16,84,17,17,52,8,97,86,12,42,19,17,99,18,200	34,94,20	0.000000	-1808.187319,-1809.431580,-1809.605621	1.000000	0.740000,0.250000,0.010000
0.5	1000	176	17392588649574974034	800	13,99,20,13,59,9,87,78,10,50,15,18,106,24,199	38,109,19	0.000000	-1846.160716,-1847.821168,-1848.659142	1.000000	0.770000,0.230000,0.000000
0.5	1000	177	10512849052817966567	804	17,97,22,15,47,14,93,76,16,48,20,20,84,21,214	42,95,30	0.000000	-1878.622396,-1880.074902,-1880.465551	1.000000	0.740000,0.230000,0.030000
0.5	1000	178	9466223848075101745	794	15,98,21,18,47,9,71,77,12,42,21,33,95,15,220	54,89,21	0.000000	-1835.596054,-1845.884257,-1846.156841	1.000000	0.990000,0.010000,0.000000
0.5	1000	179	7119810846288476311	820	18,116,22,9,41,7,98,99,6,47,18,11,79,13,236	33,88,13	0.000000	-1810.482568,-1814.435918,-1814.467245	1.000000	0.940000,0.060000,0.000000
0.5	1000	180	16013249079737268279	798	19,102,24,13,41,5,92,110,7,48,17,20,84,20,196	44,89,12	0.000000	-1832.112606,-1840.202584,-1840.202748	1.000000	0.990000,0.010000,0.000000
0.5	1000	181	4373521352886922738	798	13,110,18,15,54,12,85,96,4,37,13,24,91,18,208	42,91,16	0.000000	-1812.703199,-1819.384030,-1819.384155	1.000000	0.990000,0.010000,0.000000
0.5	1000	182	5085273911392764844	798	18,96,20,18,32,8,117,89,12,43,18,24,81,12,210	44,75,20	0.000000	-1822.413320,-1828.050876,-1828.050947	1.000000	1.000000,0.000000,0.000000
0.5	1000	183	9159544580400647749	798	21,79,14,19,45,14,88,89,10,55,20,24,102,18,200	38,100,24	0.000000	-1870.386616,-1871.026281,-1871.673628	1.000000	0.600000,0.390000,0.010000
0.5	1000	184	1358929780156646627	810	19,100,12,14,46,14,95,81,17,56,14,32,92,21,197	44,102,31	0.000000	-1904.938673,-1906.927575,-1906.946455	1.000000	0.810000,0.120000,0.070000
0.5	1000	185	13629851186977089441	797	14,109,18,23,37,9,99,91,7,47,10,20,100,22,191	38,84,16	0.000000	-1830.676983,-1834.309775,-1834.309874	1.000000	0.990000,0.010000,0.000000
0.5	1000	186	8437102533869734496	791	22,74,11,15,44,15,104,82,15,40,15,25,109,16,204	36,84,30	0.000000	-1832.242102,-1833.111388,-1833.111380	1.000000	0.680000,0.080000,0.240000
0.5	1000	187	3106186447225052813	798	18,106,16,20,50,12,98,86,13,39,22,18,91,20,189	34,89,25	0.000000	-1868.845107,-1869.281010,-1869.281053	1.000000	0.766667,0.176667,0.056667
0.5	1000	188	18168382336911876823	774	25,88,24,18,57,12,94,91,9,54,16,19,84,18,165	43,111,21	0.000000	-1847.941490,-1850.789782,-1851.115283	1.000000	0.860000,0.140000,0.000000
0.5	1000	189	1115327687341106247	810	10,95,19,10,48,11,102,109,10,47,17,19,106,14,193	38,95,21	0.000000	-1842.106174,-1846.012022,-1846.012064	1.000000	0.980000,0.000000,0.020000
0.5	1000	190	7886639396495362273	801	15,91,15,15,52,14,93,75,13,45,18,25,96,13,221	40,97,27	0.000000	-1838.855168,-1841.216785,-1841.658601	1.000000	0.760000,0.180000,0.060000
0.5	1000	191	14373398800216714438	809	21,92,24,20,48,11,103,89,14,52,16,15,101,20,183	39,100,25	0.000000	-1907.410463,-1908.760244,-1908.760299	1.000000	0.846667,0.126667,0.026667
0.5	1000	192	17447918009622955400	792	20,79,19,12,60,14,101,94,10,46,17,10,94,18,198	29,106,24	0.000000	-1827.971580,-1827.400003,-1828.177062	0.000000	0.300000,0.630000,0.070000
0.5	1000	193	16498184530638600364	809	14,86,15,25,48,11,100,90,14,46,18,15,111,15,201	30,94,25	0.000000	-1865.767399,-1865.943124,-1865.943416	1.000000	0.596667,0.306667,0.096667
0.5	1000	194	2416249759275044109	807	9,84,14,13,45,11,94,87,21,52,16,26,109,14,212	40,97,32	0.000000	-1853.468137,-1855.831505,-1855.791305	1.000000	0.800000,0.050000,0.150000
0.5	1000	195	6654646764342291122	805	14,87,21,11,37,13,113,94,11,41,24,17,97,16,209	38,78,24	0.000000	-1839.071184,-1841.502232,-1841.502252	1.000000	0.933333,0.023333,0.043333
0.5	1000	196	10924211736635355009	793	20,89,16,18,43,9,89,92,11,43,17,20,100,21,205	36,86,20	0.000000	-1830.589371,-1832.244876,-1832.250896	1.000000	0.880000,0.120000,0.000000
0.5	1000	197	2765750919325470701	793	22,104,20,12,46,14,78,74,5,45,19,12,101,18,223	32,91,19	0.000000	-1798.635711,-1798.375427,-1799.480667	0.000000	0.470000,0.530000,0.000000
0.5	1000	198	1426928893324469453	781	14,90,17,20,36,12,94,109,13,46,14,14,74,20,208	31,82,25	0.000000	-1785.860653,-1786.332611,-1786.332631	1.000000	0.786667,0.116667,0.096667
0.5	1000	199	16821612827419501225	793	25,98,25,18,52,11,81,81,15,37,23,22,79,14,212	47,89,26	0.000000	-1861.621644,-1865.058970,-1865.428936	1.000000	0.840000,0.150000,0.010000
0.5	10000	0	15152294937673028067	7913	146,910,203,155,439,132,911,979,104,504,181,193,912,187,1957	396,943,236	0.000000	-18382.667790,-18408.365796,-18408.366411	1.000000	1.000000,0.000000,0.000000
0.5	10000	1	12475860921430298465	8051	180,982,187,181,427,112,918,960,114,450,168,190,947,167,2068	377,877,226	0.000000	-18540.267554,-18562.100567,-18562.101205	1.000000	1.000000,0.000000,0.000000
0.5	10000	2	725223373074065740	7974	169,945,189,176,433,121,918,955,119,408,174,214,974,168,2011	403,841,240	0.000000	-18446.951006,-18475.295167,-18475.295647	1.000000	1.000000,0.000000,0.000000
0.5	10000	3	1146042388207420638	8001	174,939,195,195,437,120,923,965,124,453,170,183,927,173,2023	378,890,244	0.000000	-18543.857491,-18561.239491,-18561.240015	1.000000	1.000000,0.000000,0.000000
0.5	10000	4	6695524550911750104	7996	164,950,186,191,438,108,952,936,129,442,156,205,950,161,2028	391,880,237	0.000000	-18460.203862,-18485.752779,-18485.753307	1.000000	1.000000,0.000000,0.000000
0.5	10000	5	16433677728658646672	7989	163,947,188,152,450,134,924,946,111,452,175,201,1001,189,1956	389,902,245	0.000000	-18540.044335,-18561.587031,-18561.587475	1.000000	1.000000,0.000000,0.000000
0.5	10000	6	7660466759042594791	7971	185,885,186,166,447,132,921,958,121,436,174,205,920,198,2037	391,883,253	0.000000	-18518.596662,-18537.897844,-18537.898376	1.000000	1.000000,0.000000,0.000000
0.5	10000	7	14611531094313765931	7974	160,921,212,163,463,115,945,936,105,437,155,200,983,139,2040	412,900,220	0.000000	-18319.019380,-18360.836150,-18360.836834	1.000000	1.000000,0.000000,0.000000
0.5	10000	8	4725993870453762155	8026	157,983,200,167,444,114,934,983,102,424,198,201,924,155,2040	401,868,216	0.000000	-18483.867455,-18517.126927,-18517.127642	1.000000	1.000000,0.000000,0.000000
0.5	10000	9	13456836392495008687	7969	182,958,194,161,452,120,899,971,115,420,155,208,876,177,2081	402,872,235	0.000000	-18372.034437,-18402.335666,-18402.336301	1.000000	1.000000,0.000000,0.000000
0.5	10000	10	17199483788928171217	7960	150,906,204,172,444,132,944,941,122,433,180,196,897,186,2053	400,877,254	0.000000	-18437.231502,-18461.336595,-18461.337075	1.000000	1.000000,0.000000,0.000000
0.5	10000	11	4223643786561969811	7935	180,987,164,182,448,108,957,874,120,424,157,180,954,192,2008	344,872,228	0.000000	-18308.452512,-18319.631546,-18319.632078	1.000000	1.000000,0.000000,0.000000
0.5	10000	12	8011233144388957240	7972	168,938,180,169,491,127,904,920,108,465,162,207,941,189,2003	387,956,235	0.000000	-18500.446646,-18521.904170,-18522.213852	1.000000	1.000000,0.000000,0.000000
0.5	10000	13	9491993133553071394	8003	175,971,188,183,432,113,953,940,108,459,188,184,924,161,2024	372,891,221	0.000000	-18482.222451,-18502.084641,-18502.085330	1.000000	1.000000,0.000000,0.000000
0.5	10000	14	11365489016721762586	7946	173,918,172,160,445,106,923,956,105,442,170,182,1001,169,2024	354,887,211	0.000000	-18247.101867,-18265.931675,-18265.932350	1.000000	1.000000,0.000000,0.000000
0.5	10000	15	10106412012008730066	7971	172,932,208,178,446,112,957,929,114,458,176,217,934,139,1999	425,904,226	0.000000	-18462.568185,-18502.270933,-18502.271648	1.000000	1.000000,0.000000,0.000000
0.5	10000	16	7256109828308820386	7965	163,956,202,175,468,87,937,947,118,458,160,193,946,165,1990	395,926,205	0.000000	-18379.547070,-18413.014012,-18413.014850	1.000000	1.000000,0.000000,0.000000
0.5	10000	17	10491928580583329846	7995	165,965,199,160,442,114,970,917,98,436,152,175,928,179,2095	374,878,212	0.000000	-18295.671895,-18322.626595,-18322.627327	1.000000	1.000000,0.000000,0.000000
0.5	10000	18	7215410249649015971	7945	177,949,208,180,441,137,920,918,112,431,174,198,979,167,1954	406,872,249	0.000000	-18492.413108,-18517.846748,-18517.847209	1.000000	1.000000,0.000000,0.000000
0.5	10000	19	11362976963165873681	7990	179,909,191,186,419,122,943,911,125,425,151,183,1011,174,2061	374,844,247	0.000000	-18417.757783,-18435.996781,-18435.997169	1.000000	1.000000,0.000000,0.000000
0.5	10000	20	10076982425069297020	7988	165,930,180,191,430,137,984,921,124,432,170,197,928,164,2035	377,862,261	0.000000	-18480.957379,-18497.255196,-18497.255494	1.000000	1.000000,0.000000,0.000000
0.5	10000	21	3089330843245237670	7999	184,944,199,175,469,111,944,935,100,422,182,206,931,179,2018	405,891,211	0.000000	-18531.949648,-18563.404669,-18563.405545	1.000000	1.000000,0.000000,0.000000
0.5	10000	22	13203489428581223356	8061	177,959,188,182,437,132,965,938,116,451,162,150,930,178,2096	338,888,248	0.000000	-18533.939270,-18542.609553,-18542.609939	1.000000	1.000000,0.000000,0.000000
0.5	10000	23	692865788923470407	7893	167,936,192,159,407,125,952,1009,126,430,155,172,884,179,2000	364,837,251	0.000000	-18191.015792,-18207.811233,-18207.811482	1.000000	1.000000,0.000000,0.000000
0.5	10000	24	17816816469717366092	7963	177,975,185,160,453,121,984,995,104,409,158,195,872,171,2004	380,862,225	0.000000	-18338.695193,-18363.918751,-18363.919297	1.000000	1.000000,0.000000,0.000000
0.5	10000	25	9794175778095998233	8006	155,929,208,174,445,114,954,983,122,476,158,213,866,160,2049	421,921,236	0.000000	-18495.196239,-18532.512138,-18532.512793	1.000000	1.000000,0.000000,0.000000
0.5	10000	26	1159212162624509480	7890	187,962,190,165,455,118,896,909,115,387,175,184,985,171,1991	374,842,233	0.000000	-18239.365277,-18258.639492,-18258.639987	1.000000	1.000000,0.000000,0.000000
0.5	10000	27	9988092388051732467	7936	178,912,187,171,462,102,919,948,107,464,154,213,899,165,2055	400,926,209	0.000000	-18293.665205,-18328.030894,-18328.320794	1.000000	1.000000,0.000000,0.000000
0.5	10000	28	14786223795032417251	7892	170,922,192,150,435,117,924,900,103,450,179,210,974,174,1992	402,885,220	0.000000	-18251.740882,-18283.983805,-18283.984519	1.000000	1.000000,0.000000,0.000000
0.5	10000	29	4275072771600458308	7982	175,930,203,162,438,120,924,910,112,455,171,208,958,157,2059	411,893,232	0.000000	-18424.866958,-18459.028773,-18459.029447	1.000000	1.000000,0.000000,0.000000
0.5	10000	30	14913711827460753831	8016	165,936,204,160,449,101,954,903,116,435,151,196,1043,168,2035	400,884,217	0.000000	-18421.031720,-18456.031169,-18456.031835	1.000000	1.000000,0.000000,0.000000
0.5	10000	31	11970588321513788315	8058	165,918,196,203,433,112,971,973,120,407,179,210,963,174,2034	406,840,232	0.000000	-18651.959586,-18680.011333,-18680.011928	1.000000	1.000000,0.000000,0.000000
0.5	10000	32	6757159788563570890	7989	168,916,194,181,471,111,946,920,92,451,146,203,1022,169,1999	397,922,203	0.000000	-18420.850865,-18455.467346,-18455.468199	1.000000	1.000000,0.000000,0.000000
0.5	10000	33	6828980315486542073	7939	143,939,194,163,431,116,924,889,122,449,170,200,948,148,2103	394,880,238	0.000000	-18202.140036,-18233.706454,-18233.706990	1.000000	1.000000,0.000000,0.000000
0.5	10000	34	645849271915353488	8112	159,972,191,178,442,127,959,947,109,433,171,189,910,179,2146	380,875,236	0.000000	-18617.994588,-18640.325588,-18640.326178	1.000000	1.000000,0.000000,0.000000
0.5	10000	35	18438990432742044187	7957	150,958,177,162,451,114,926,988,104,447,164,222,935,158,2001	399,898,218	0.000000	-18316.536313,-18351.594461,-18351.595119	1.000000	1.000000,0.000000,0.000000
0.5	10000	36	8223822015428587408	7963	197,903,196,180,420,114,910,975,118,438,136,183,934,190,2069	379,858,232	0.000000	-18360.328094,-18381.805757,-18381.806373	1.000000	1.000000,0.000000,0.000000
0.5	10000	37	9521050854340166100	7950	178,977,203,170,465,105,911,912,114,430,152,192,909,162,2070	395,895,219	0.000000	-18291.468138,-18323.051794,-18323.052558	1.000000	1.000000,0.000000,0.000000
0.5	10000	38	12904447010856565063	8020	172,954,191,161,415,125,965,954,128,462,188,187,916,140,2062	378,877,253	0.000000	-18475.826151,-18495.447367,-18495.447712	1.000000	1.000000,0.000000,0.000000
0.5	10000	39	12370000965216823766	7983	166,976,183,157,435,105,952,983,114,467,173,185,929,172,1986	368,902,219	0.000000	-18398.835632,-18420.192950,-18420.193558	1.000000	1.000000,0.000000,0.000000
0.5	10000	40	653025120383336029	7967	172,918,187,163,423,103,945,934,118,499,191,192,929,165,2028	379,922,221	0.000000	-18409.988098,-18432.561150,-18432.609561	1.000000	1.000000,0.000000,0.000000
0.5	10000	41	14942764166331222504	8030	166,950,188,173,426,116,930,954,130,496,146,185,936,198,2036	373,922,246	0.000000	-18565.760993,-18582.900797,-18582.901293	1.000000	1.000000,0.000000,0.000000
0.5	10000	42	166791866119185802	7989	163,931,209,178,437,132,904,965,100,478,172,198,953,159,2010	407,915,232	0.000000	-18499.282576,-18530.381654,-18530.382314	1.000000	1.000000,0.000000,0.000000
0.5	10000	43	3586076694503390328	7993	182,930,231,156,440,112,901,885,108,473,169,209,944,183,2070	440,913,220	0.000000	-18513.723638,-18558.667449,-18558.734904	1.000000	1.000000,0.000000,0.000000
0.5	10000	44	4712281038010879724	8009	163,913,196,167,439,102,982,1004,141,434,170,206,937,165,1990	402,873,243	0.000000	-18527.245590,-18555.169715,-18555.170153	1.000000	1.000000,0.000000,0.000000
0.5	10000	45	12447542801495560980	8008	183,946,215,167,406,120,929,964,113,458,176,178,952,136,2065	393,864,233	0.000000	-18422.381888,-18450.909771,-18450.910317	1.000000	1.000000,0.000000,0.000000
0.5	10000	46	16698370659363720791	7926	165,954,186,149,412,110,897,908,112,446,189,214,928,166,2090	400,858,222	0.000000	-18221.576428,-18254.922161,-18254.922893	1.000000	1.000000,0.000000,0.000000
0.5	10000	47	5079024162482132972	8028	171,972,206,166,444,119,967,938,100,446,152,183,964,166,2034	389,890,219	0.000000	-18460.259924,-18490.037853,-18490.038502	1.000000	1.000000,0.000000,0.000000
0.5	10000	48	2344973126358125012	7941	165,982,207,170,433,107,970,866,123,446,176,209,968,163,1956	416,879,230	0.000000	-18421.975544,-18456.853405,-18456.854012	1.000000	1.000000,0.000000,0.000000
0.5	10000	49	10219054320246791898	8032	171,927,185,171,445,118,969,926,125,426,165,205,991,177,2031	390,871,243	0.000000	-18559.654034,-18582.958297,-18582.958764	1.000000	1.000000,0.000000,0.000000
0.5	10000	50	7486340381735296517	8020	163,967,197,179,461,122,895,958,111,425,169,187,947,177,2062	384,886,233	0.000000	-18497.603814,-18520.727174,-18520.727784	1.000000	1.000000,0.000000,0.000000
0.5	10000	51	2797277839240278135	7952	161,921,194,162,439,103,889,960,111,456,191,190,963,164,2048	384,895,214	0.000000	-18312.629831,-18340.084696,-18340.085482	1.000000	1.000000,0.000000,0.000000
0.5	10000	52	12286766747396768942	8001	193,931,187,158,469,121,935,911,123,470,183,191,915,165,2049	378,939,244	0.000000	-18539.160390,-18556.389469,-18556.852509	1.000000	0.990000,0.010000,0.000000
0.5	10000	53	13301065799071819237	8018	167,932,205,180,453,113,989,937,102,473,168,201,981,186,1931	406,926,215	0.000000	-18640.090355,-18671.190533,-18671.191290	1.000000	1.000000,0.000000,0.000000
0.5	10000	54	16694730484740412042	7983	159,942,201,193,451,97,937,968,119,449,183,192,919,161,2012	393,900,216	0.000000	-18457.728521,-18485.431186,-18485.431956	1.000000	1.000000,0.000000,0.000000
0.5	10000	55	9789039818048328303	7991	143,972,199,172,440,105,957,902,127,478,167,227,916,169,2017	426,918,232	0.000000	-18493.082656,-18533.148952,-18533.149636	1.000000	1.000000,0.000000,0.000000
0.5	10000	56	12175620060917277952	7977	151,942,199,196,427,119,948,959,127,480,176,198,951,150,1954	397,907,246	0.000000	-18521.451716,-18545.577307,-18545.577765	1.000000	1.000000,0.000000,0.000000
0.5	10000	57	4164488802587790838	7960	166,956,196,172,417,105,933,948,99,416,156,221,968,176,2031	417,833,204	0.000000	-18310.654413,-18354.648042,-18354.648844	1.000000	1.000000,0.000000,0.000000
0.5	10000	58	2209813577755705434	7970	178,970,206,152,464,91,960,922,110,461,162,189,1002,172,1931	395,925,201	0.000000	-18423.387641,-18456.683217,-18456.684008	1.000000	1.000000,0.000000,0.000000
0.5	10000	59	1185437393146471468	7983	159,970,199,173,422,122,964,946,106,460,165,188,932,171,2006	387,882,228	0.000000	-18418.810648,-18444.894716,-18444.895286	1.000000	1.000000,0.000000,0.000000
0.5	10000	60	2570683178221531877	8015	167,962,203,171,459,114,863,984,105,421,163,186,977,169,2071	389,880,219	0.000000	-18422.013752,-18451.127920,-18451.128626	1.000000	1.000000,0.000000,0.000000
0.5	10000	61	18013663657019699603	7994	154,929,201,177,425,125,917,967,122,436,179,172,931,168,2091	373,861,247	0.000000	-18393.839007,-18412.597421,-18412.597845	1.000000	1.000000,0.000000,0.000000
0.5	10000	62	15313191312004304743	7984	178,986,190,180,417,110,948,957,120,450,154,196,862,153,2083	386,867,230	0.000000	-18347.000106,-18373.678118,-18373.678712	1.000000	1.000000,0.000000,0.000000
0.5	10000	63	12761590196585259602	7973	190,967,188,179,409,123,961,917,132,425,173,187,889,178,2055	375,834,255	0.000000	-18446.266868,-18461.958867,-18461.959239	1.000000	1.000000,0.000000,0.000000
0.5	10000	64	5987454199718671291	7923	177,973,192,170,475,98,887,929,118,443,170,171,941,163,2016	363,918,216	0.000000	-18265.993572,-18285.482812,-18285.516707	1.000000	1.000000,0.000000,0.000000
0.5	10000	65	10840738246423581648	7911	145,892,185,165,443,114,940,928,108,413,164,191,994,189,2040	376,856,222	0.000000	-18180.248461,-18205.219871,-18205.220469	1.000000	1.000000,0.000000,0.000000
0.5	10000	66	11129633471131562579	8051	172,904,191,156,442,138,980,967,111,430,184,195,963,171,2047	386,872,249	0.000000	-18592.422847,-18613.663365,-18613.663778	1.000000	1.000000,0.000000,0.000000
0.5	10000	67	5866801395958832399	7997	163,952,222,181,454,95,874,955,122,427,169,191,984,192,2016	413,881,217	0.000000	-18519.340125,-18553.684279,-18553.685077	1.000000	1.000000,0.000000,0.000000
0.5	10000	68	11792522042838057951	7990	175,944,215,176,430,111,972,960,105,429,175,163,935,177,2023	378,859,216	0.000000	-18423.656796,-18447.062351,-18447.063036	1.000000	1.000000,0.000000,0.000000
0.5	10000	69	1907161772412999258	7959	152,931,187,161,419,111,949,944,131,457,172,167,958,158,2062	354,876,242	0.000000	-18251.907888,-18268.050717,-18268.051071	1.000000	1.000000,0.000000,0.000000
0.5	10000	70	12226582858515489585	7967	156,950,171,155,403,129,952,933,142,464,164,202,965,193,1988	373,867,271	0.000000	-18452.890071,-18467.532974,-18467.533121	1.000000	1.000000,0.000000,0.000000
0.5	10000	71	8391485901673383681	7907	171,882,206,178,397,129,924,954,108,431,160,212,960,178,2017	418,828,237	0.000000	-18305.072822,-18339.750244,-18339.750798	1.000000	1.000000,0.000000,0.000000
0.5	10000	72	3983675606200229605	7959	186,973,177,184,434,111,932,928,128,454,183,183,941,180,1965	360,888,239	0.000000	-18492.029348,-18504.102884,-18504.103397	1.000000	1.000000,0.000000,0.000000
0.5	10000	73	5727211232430016745	7951	151,972,178,164,452,108,898,954,122,455,169,203,952,146,2027	381,907,230	0.000000	-18279.888881,-18306.631863,-18306.632412	1.000000	1.000000,0.000000,0.000000
0.5	10000	74	12382542664835122709	8001	169,937,185,195,455,110,991,917,106,443,164,175,950,158,2046	360,898,216	0.000000	-18400.222257,-18418.923992,-18418.924687	1.000000	1.000000,0.000000,0.000000
0.5	10000	75	17363791555085406670	8022	182,940,209,140,481,114,963,925,103,499,158,190,936,168,2014	399,980,217	0.000000	-18525.829269,-18558.264782,-18558.418081	1.000000	1.000000,0.000000,0.000000
0.5	10000	76	11126318684050504159	8001	188,945,214,198,456,124,962,914,129,423,202,188,888,179,1991	402,879,253	0.000000	-18704.491937,-18723.283853,-18723.284422	1.000000	1.000000,0.000000,0.000000
0.5	10000	77	6609456451103226772	7927	171,972,187,165,415,116,912,984,112,407,176,183,939,169,2019	370,822,228	0.000000	-18238.495936,-18259.517578,-18259.518042	1.000000	1.000000,0.000000,0.000000
0.5	10000	78	5571555269945262933	7959	171,952,191,180,408,113,924,920,125,418,160,178,980,199,2040	369,826,238	0.000000	-18359.877085,-18376.871459,-18376.871903	1.000000	1.000000,0.000000,0.000000
0.5	10000	79	9667202039200305483	7969	162,978,204,169,466,106,937,889,112,441,201,180,947,189,1988	384,907,218	0.000000	-18484.850865,-18507.438794,-18507.439568	1.000000	1.000000,0.000000,0.000000
0.5	10000	80	17326355206764641492	7995	189,952,220,178,431,111,918,975,122,450,175,181,931,165,1997	401,881,233	0.000000	-18549.532282,-18576.036561,-18576.037185	1.000000	1.000000,0.000000,0.000000
0.5	10000	81	2208618632643562717	7883	174,904,170,183,441,120,951,946,106,417,189,203,938,160,1981	373,858,226	0.000000	-18243.298807,-18262.684487,-18262.685078	1.000000	1.000000,0.000000,0.000000
0.5	10000	82	7831888990930264254	8004	181,948,207,186,450,116,949,929,93,430,153,186,969,162,2045	393,880,209	0.000000	-18425.358244,-18456.810333,-18456.811137	1.000000	1.000000,0.000000,0.000000
0.5	10000	83	4256021670577224834	8012	200,926,215,172,440,102,987,916,113,412,189,197,936,156,2051	412,852,215	0.000000	-18517.764812,-18552.224866,-18552.225682	1.000000	1.000000,0.000000,0.000000
0.5	10000	84	5466988874415591298	7947	160,918,212,179,447,118,992,982,113,473,150,177,890,173,1963	389,920,231	0.000000	-18397.541654,-18422.973548,-18422.974126	1.000000	1.000000,0.000000,0.000000
0.5	10000	85	3762391876848212330	7882	168,912,178,177,443,113,932,934,114,467,172,160,883,170,2059	338,910,227	0.000000	-18133.513108,-18143.982179,-18144.782512	1.000000	1.000000,0.000000,0.000000
0.5	10000	86	943626086953648039	7988	172,997,196,149,432,114,950,922,108,435,160,210,937,184,2022	406,867,222	0.000000	-18415.515596,-18449.846244,-18449.846889	1.000000	1.000000,0.000000,0.000000
0.5	10000	87	546670114630803808	7944	154,929,193,166,470,121,972,942,113,404,182,183,898,167,2050	376,874,234	0.000000	-18291.038149,-18312.774202,-18312.774735	1.000000	1.000000,0.000000,0.000000
0.5	10000	88	14887397561906464790	7965	140,888,199,188,465,119,970,931,137,414,160,189,972,169,2024	388,879,256	0.000000	-18404.570187,-18426.492119,-18426.492459	1.000000	1.000000,0.000000,0.000000
0.5	10000	89	10522342266173937599	7892	171,901,203,188,445,119,932,884,140,434,183,183,966,182,1961	386,879,259	0.000000	-18411.142006,-18427.394305,-18427.394730	1.000000	1.000000,0.000000,0.000000
0.5	10000	90	3242026605587870617	7958	167,897,186,186,433,104,977,929,117,434,148,195,1015,156,2014	381,867,221	0.000000	-18304.424717,-18331.229631,-18331.230214	1.000000	1.000000,0.000000,0.000000
0.5	10000	91	1356130136242814055	7936	189,968,185,166,416,113,918,928,117,443,163,181,952,166,2031	366,859,230	0.000000	-18278.625536,-18297.212603,-18297.213127	1.000000	1.000000,0.000000,0.000000
0.5	10000	92	15075282462894988075	8003	178,960,187,155,467,134,922,942,120,450,180,194,904,149,2061	381,917,254	0.000000	-18480.620434,-18500.367012,-18500.367453	1.000000	1.000000,0.000000,0.000000
0.5	10000	93	8785678644426322751	7936	182,919,204,170,451,125,948,941,134,429,174,180,938,162,1979	384,880,259	0.000000	-18430.672499,-18448.631408,-18448.631755	1.000000	1.000000,0.000000,0.000000
0.5	10000	94	8128328663736132932	7963	155,965,188,174,472,122,948,916,101,461,164,195,945,191,1966	383,933,223	0.000000	-18453.982898,-18477.297422,-18477.298104	1.000000	1.000000,0.000000,0.000000
0.5	10000	95	14660892137016183327	7941	156,929,193,191,438,116,913,938,96,450,187,186,939,148,2061	379,888,212	0.000000	-18265.115448,-18291.165538,-18291.166342	1.000000	1.000000,0.000000,0.000000
0.5	10000	96	17807403875318679589	8011	170,971,216,171,462,120,906,941,107,442,185,165,971,170,2014	381,904,227	0.000000	-18524.269397,-18546.320581,-18546.321234	1.000000	1.000000,0.000000,0.000000
0.5	10000	97	7929059691363697336	7991	141,960,194,174,419,108,952,941,89,426,161,200,964,199,2063	394,845,197	0.000000	-18319.722536,-18355.946322,-18355.947186	1.000000	1.000000,0.000000,0.000000
0.5	10000	98	9157443542495492360	8022	172,906,192,176,457,117,1048,916,103,455,184,196,922,159,2019	388,912,220	0.000000	-18536.092941,-18561.374630,-18561.375353	1.000000	1.000000,0.000000,0.000000
0.5	10000	99	12698790566545383008	8000	163,965,183,169,450,129,955,942,111,412,179,194,948,179,2021	377,862,240	0.000000	-18475.400710,-18495.069714,-18495.070168	1.000000	1.000000,0.000000,0.000000
0.5	10000	100	17802823568718787234	8013	183,969,169,148,415,124,906,919,136,482,194,189,932,160,2087	358,897,260	0.000000	-18479.509532,-18491.564680,-18491.565031	1.000000	1.000000,0.000000,0.000000
0.5	10000	101	18153968728184360121	7952	175,985,185,168,409,108,925,978,121,468,160,170,892,182,2026	355,877,229	0.000000	-18312.488963,-18328.067172,-18328.067702	1.000000	1.000000,0.000000,0.000000
0.5	10000	102	16582029175432296857	7926	172,952,206,167,434,110,910,917,120,482,155,222,922,159,1998	428,916,230	0.000000	-18369.507340,-18410.362065,-18410.362776	1.000000	1.000000,0.000000,0.000000
0.5	10000	103	14981452920332432431	7976	183,988,211,164,410,124,941,916,113,405,168,188,936,193,2036	399,815,237	0.000000	-18432.515507,-18458.893214,-18458.893709	1.000000	1.000000,0.000000,0.000000
0.5	10000	104	15387821356886182452	8016	197,967,195,204,441,118,950,879,112,469,165,201,985,156,1977	396,910,230	0.000000	-18640.174222,-18663.933701,-18663.934383	1.000000	1.000000,0.000000,0.000000
0.5	10000	105	6545727810035601122	8008	155,931,179,154,435,120,942,965,111,448,167,190,972,154,2085	369,883,231	0.000000	-18322.657895,-18346.071953,-18346.072437	1.000000	1.000000,0.000000,0.000000
0.5	10000	106	8572802442026680173	7962	172,919,199,158,451,121,923,994,106,442,156,198,936,151,2036	397,893,227	0.000000	-18318.514654,-18351.050907,-18351.051516	1.000000	1.000000,0.000000,0.000000
0.5	10000	107	16243121601313184469	8050	175,996,204,180,399,110,919,970,123,462,181,202,941,156,2032	406,861,233	0.000000	-18606.686104,-18636.928382,-18636.928966	1.000000	1.000000,0.000000,0.000000
0.5	10000	108	7381250429660501762	7988	174,866,181,204,436,130,917,943,123,466,172,192,970,161,2053	373,902,253	0.000000	-18509.606350,-18524.378857,-18524.398316	1.000000	0.990000,0.010000,0.000000
0.5	10000	109	3739795384310448854	7985	156,942,186,173,417,115,1000,953,118,481,156,189,961,153,1985	375,898,233	0.000000	-18388.736070,-18411.674907,-18411.675351	1.000000	1.000000,0.000000,0.000000
0.5	10000	110	7151978249965622059	8012	144,922,199,163,445,119,958,937,121,429,164,183,943,196,2089	382,874,240	0.000000	-18425.961408,-18449.231346,-18449.231854	1.000000	1.000000,0.000000,0.000000
0.5	10000	111	4376643665643854477	7987	175,910,221,180,429,96,987,894,129,469,181,212,936,188,1980	433,898,225	0.000000	-18617.520542,-18654.971357,-18654.972164	1.000000	1.000000,0.000000,0.000000
0.5	10000	112	7478201262184909002	7985	189,953,209,152,426,124,928,988,124,436,153,197,930,166,2010	406,862,248	0.000000	-18461.173023,-18490.656653,-18490.657064	1.000000	1.000000,0.000000,0.000000
0.5	10000	113	16915790240208662501	7931	168,950,175,157,425,117,979,895,112,445,164,216,950,166,2012	391,870,229	0.000000	-18280.027510,-18308.591547,-18308.592102	1.000000	1.000000,0.000000,0.000000
0.5	10000	114	18383413991582888941	8030	161,894,203,178,469,99,950,917,124,445,176,217,984,160,2053	420,914,223	0.000000	-18559.303286,-18597.487933,-18597.488733	1.000000	1.000000,0.000000,0.000000
0.5	10000	115	12879914260009496245	8024	166,983,185,183,468,126,912,917,102,445,187,192,949,164,2045	377,913,228	0.000000	-18536.647193,-18557.343742,-18557.344432	1.000000	1.000000,0.000000,0.000000
0.5	10000	116	5675385938390357096	7947	169,955,198,167,409,102,957,950,100,444,161,184,920,148,2083	382,853,202	0.000000	-18155.266742,-18188.686240,-18188.687026	1.000000	1.000000,0.000000,0.000000
0.5	10000	117	13607931338476740424	7922	165,933,200,182,446,112,915,964,101,445,164,195,969,159,1972	395,891,213	0.000000	-18304.799001,-18336.272582,-18336.273308	1.000000	1.000000,0.000000,0.000000
0.5	10000	118	13356188857657991197	7936	175,918,201,168,433,119,946,914,134,431,171,185,943,162,2036	386,864,253	0.000000	-18346.019610,-18367.182169,-18367.182563	1.000000	1.000000,0.000000,0.000000
0.5	10000	119	11380288158142372270	7967	164,931,195,180,444,119,950,930,118,463,154,186,972,159,2002	381,907,237	0.000000	-18396.543836,-18419.346687,-18419.347196	1.000000	1.000000,0.000000,0.000000
0.5	10000	120	13043962408468882647	8015	173,961,212,154,446,114,956,973,129,406,135,193,964,151,2048	405,852,243	0.000000	-18395.516083,-18430.344867,-18430.345219	1.000000	1.000000,0.000000,0.000000
0.5	10000	121	15991383840977459997	8017	180,931,196,180,449,109,895,968,112,454,163,195,947,175,2063	391,903,221	0.000000	-18506.855541,-18533.429209,-18533.429993	1.000000	1.000000,0.000000,0.000000
0.5	10000	122	8902696226771391465	7946	187,931,177,156,436,124,945,980,143,428,164,187,937,165,1986	364,864,267	0.000000	-18390.669374,-18403.722950,-18403.723116	1.000000	1.000000,0.000000,0.000000
0.5	10000	123	15306672589363852737	7878	156,914,196,164,454,123,897,992,101,453,166,196,918,152,1996	392,907,224	0.000000	-18167.519865,-18197.960074,-18197.960712	1.000000	1.000000,0.000000,0.000000
0.5	10000	124	2246476587501308851	7959	155,943,184,179,440,123,956,959,122,456,179,192,935,159,1977	376,896,245	0.000000	-18423.055357,-18441.675307,-18441.675722	1.000000	1.000000,0.000000,0.000000
0.5	10000	125	12429472373020026211	7926	187,924,207,176,430,108,941,913,123,428,193,172,968,174,1982	379,858,231	0.000000	-18395.589492,-18414.454908,-18414.455506	1.000000	1.000000,0.000000,0.000000
0.5	10000	126	5660518978550273164	7955	155,948,187,190,418,101,945,969,120,471,144,182,928,149,2048	369,889,221	0.000000	-18234.928524,-18259.102580,-18259.103166	1.000000	1.000000,0.000000,0.000000
0.5	10000	127	14785572457526426939	7977	172,932,195,150,419,105,952,969,114,397,175,191,910,179,2117	386,816,219	0.000000	-18258.443030,-18288.120532,-18288.121181	1.000000	1.000000,0.000000,0.000000
0.5	10000	128	4858237037972432354	7913	172,852,211,161,428,113,938,931,115,434,177,185,942,170,2084	396,862,228	0.000000	-18227.003683,-18256.469316,-18256.470014	1.000000	1.000000,0.000000,0.000000
0.5	10000	129	8230775182890340310	7939	174,992,190,175,414,116,967,911,103,455,186,188,910,160,1998	378,869,219	0.000000	-18333.957011,-18357.087012,-18357.087672	1.000000	1.000000,0.000000,0.000000
0.5	10000	130	12366389554625627930	7927	186,948,199,171,428,106,918,945,120,458,179,192,926,173,1978	391,886,226	0.000000	-18395.531735,-18419.819856,-18419.820532	1.000000	1.000000,0.000000,0.000000
0.5	10000	131	5242111544516406019	7991	180,959,185,164,444,126,984,910,94,431,161,210,951,141,2051	395,875,220	0.000000	-18353.155598,-18386.271304,-18386.271953	1.000000	1.000000,0.000000,0.000000
0.5	10000	132	3236816103720025131	8003	202,937,207,170,463,108,972,910,114,476,153,173,917,168,2033	380,939,222	0.000000	-18501.461464,-18523.752018,-18523.943756	1.000000	1.000000,0.000000,0.000000
0.5	10000	133	3367873023331059071	7947	171,917,192,165,439,132,969,940,127,468,165,191,900,157,2014	383,907,259	0.000000	-18394.775581,-18414.199840,-18414.200202	1.000000	1.000000,0.000000,0.000000
0.5	10000	134	5550671884067092017	7984	146,934,209,171,486,116,940,976,118,424,172,186,947,146,2013	395,910,234	0.000000	-18402.160989,-18431.608644,-18431.609177	1.000000	1.000000,0.000000,0.000000
0.5	10000	135	9534340203103483824	8018	195,926,209,176,429,123,993,953,99,431,181,198,925,180,2000	407,860,222	0.000000	-18607.581916,-18636.851370,-18636.852098	1.000000	1.000000,0.000000,0.000000
0.5	10000	136	8484264910942479960	7934	156,946,194,170,407,125,930,904,114,426,165,186,933,174,2104	380,833,239	0.000000	-18205.797707,-18229.808888,-18229.809356	1.000000	1.000000,0.000000,0.000000
0.5	10000	137	10322054090437674688	8034	166,938,190,171,451,115,948,978,124,461,172,194,922,154,2050	384,912,239	0.000000	-18525.592579,-18548.640766,-18548.641302	1.000000	1.000000,0.000000,0.000000
0.5	10000	138	16947575511928831106	7893	163,931,209,200,429,112,966,907,133,451,174,172,964,183,1899	381,880,245	0.000000	-18417.724685,-18434.558330,-18434.558780	1.000000	1.000000,0.000000,0.000000
0.5	10000	139	4808036146648718204	7970	151,954,194,155,413,109,949,996,116,445,168,165,928,163,2064	359,858,225	0.000000	-18221.238533,-18242.324302,-18242.324766	1.000000	1.000000,0.000000,0.000000
0.5	10000	140	11643502291510199066	7931	157,983,193,183,449,121,903,917,102,411,178,212,946,140,2036	405,860,223	0.000000	-18263.484834,-18299.363131,-18299.363796	1.000000	1.000000,0.000000,0.000000
0.5	10000	141	10922981287822305924	7976	157,943,205,193,395,111,961,989,96,422,162,213,936,158,2035	418,817,207	0.000000	-18335.718748,-18379.365865,-18379.366602	1.000000	1.000000,0.000000,0.000000
0.5	10000	142	10134311814687902540	7966	170,945,164,160,409,99,933,974,106,423,172,210,928,167,2106	374,832,205	0.000000	-18196.712966,-18225.102393,-18225.103152	1.000000	1.000000,0.000000,0.000000
0.5	10000	143	18056246577771949933	7931	132,919,191,146,438,110,973,913,107,435,149,225,982,159,2052	416,873,217	0.000000	-18141.727477,-18190.255353,-18190.255997	1.000000	1.000000,0.000000,0.000000
0.5	10000	144	17775600752371785628	7957	165,951,192,155,454,121,943,879,107,435,178,204,906,180,2087	396,889,228	0.000000	-18337.220660,-18366.221377,-18366.225100	1.000000	1.000000,0.000000,0.000000
0.5	10000	145	6831467237402902618	8009	156,964,185,159,433,101,969,949,121,441,167,198,930,177,2059	383,874,222	0.000000	-18392.608492,-18420.027331,-18420.027952	1.000000	1.000000,0.000000,0.000000
0.5	10000	146	11911285785911863527	7978	203,909,180,165,437,111,936,964,108,451,169,174,962,160,2049	354,888,219	0.000000	-18356.743111,-18372.857272,-18372.857945	1.000000	1.000000,0.000000,0.000000
0.5	10000	147	11527350120376598843	7907	167,992,177,182,446,117,865,899,113,444,159,207,979,183,1977	384,890,230	0.000000	-18317.658809,-18339.895835,-18339.896436	1.000000	1.000000,0.000000,0.000000
0.5	10000	148	2779331801459424523	7929	161,894,206,167,470,107,956,916,108,433,201,232,964,174,1940	438,903,215	0.000000	-18477.056783,-18520.394845,-18520.395690	1.000000	1.000000,0.000000,0.000000
0.5	10000	149	3959496465103806558	8014	176,944,196,186,416,102,988,920,102,438,196,204,964,156,2026	400,854,204	0.000000	-18495.255514,-18527.757315,-18527.758163	1.000000	1.000000,0.000000,0.000000
0.5	10000	150	15390642685808583352	7995	155,922,205,168,436,124,958,932,112,477,185,191,876,160,2094	396,913,236	0.000000	-18429.493412,-18456.729852,-18456.825385	1.000000	1.000000,0.000000,0.000000
0.5	10000	151	9939621198347491465	8030	153,955,190,198,428,114,961,962,130,445,176,176,920,185,2037	366,873,244	0.000000	-18561.886733,-18576.386156,-18576.386610	1.000000	1.000000,0.000000,0.000000
0.5	10000	152	5702398963238813446	8002	175,920,198,156,452,107,916,969,114,453,177,175,1012,156,2022	373,905,221	0.000000	-18419.797703,-18442.842120,-18442.842752	1.000000	1.000000,0.000000,0.000000
0.5	10000	153	17517622394207092512	7950	138,930,202,167,438,110,970,936,118,470,147,210,909,171,2034	412,908,228	0.000000	-18306.518054,-18345.263704,-18345.264348	1.000000	1.000000,0.000000,0.000000
0.5	10000	154	10974139185603118330	7946	171,886,173,159,453,119,880,972,128,454,170,186,986,167,2042	359,907,247	0.000000	-18323.809103,-18338.439366,-18338.439797	1.000000	1.000000,0.000000,0.000000
0.5	10000	155	2867724500805660581	8029	164,910,219,161,447,120,972,976,116,497,176,193,978,141,1959	412,944,236	0.000000	-18605.956285,-18638.944602,-18638.945166	1.000000	1.000000,0.000000,0.000000
0.5	10000	156	1087624946577743925	7938	184,903,207,180,444,107,919,911,111,444,158,191,984,173,2022	398,888,218	0.000000	-18356.921471,-18386.537843,-18386.538623	1.000000	1.000000,0.000000,0.000000
0.5	10000	157	16347671317456191509	7949	169,927,208,161,432,113,925,964,141,417,193,169,965,146,2019	377,849,254	0.000000	-18350.216275,-18369.157747,-18369.158037	1.000000	1.000000,0.000000,0.000000
0.5	10000	158	5739486462497986491	7993	194,919,200,154,475,131,875,917,111,433,180,191,933,177,2103	391,908,242	0.000000	-18482.180885,-18503.750054,-18504.314199	1.000000	1.000000,0.000000,0.000000
0.5	10000	159	13016953520170088900	8067	178,932,222,180,421,116,950,987,131,433,182,200,933,164,2038	422,854,247	0.000000	-18706.749046,-18738.401143,-18738.401657	1.000000	1.000000,0.000000,0.000000
0.5	10000	160	11247189457661402167	7867	176,889,165,166,430,141,970,967,123,409,175,206,948,156,1946	371,839,264	0.000000	-18240.289309,-18255.281609,-18255.281769	1.000000	1.000000,0.000000,0.000000
0.5	10000	161	15714355394030609016	7994	170,939,191,162,463,88,911,926,112,459,162,175,1002,183,2051	366,922,200	0.000000	-18358.350915,-18381.864109,-18381.913082	1.000000	1.000000,0.000000,0.000000
0.5	10000	162	12156761002356412775	8031	163,950,212,162,418,127,900,927,117,488,193,205,969,174,2026	417,906,244	0.000000	-18644.016755,-18674.681658,-18674.682271	1.000000	1.000000,0.000000,0.000000
0.5	10000	163	17551337859996080874	7925	167,924,188,166,449,117,914,935,96,472,176,202,911,195,2013	390,921,213	0.000000	-18353.774393,-18380.268811,-18380.465176	1.000000	1.000000,0.000000,0.000000
0.5	10000	164	11637509295167439047	7953	150,963,214,205,448,115,916,906,104,433,189,193,938,155,2024	407,881,219	0.000000	-18399.017923,-18432.072154,-18432.072947	1.000000	1.000000,0.000000,0.000000
0.5	10000	165	4612026349665121811	7967	166,949,173,186,451,101,921,916,110,451,163,188,955,169,2068	361,902,211	0.000000	-18301.526406,-18321.744746,-18321.792256	1.000000	1.000000,0.000000,0.000000
0.5	10000	166	8505889304220933840	8000	174,917,199,154,437,118,952,975,124,436,159,212,910,171,2062	411,873,242	0.000000	-18453.138567,-18486.428461,-18486.428998	1.000000	1.000000,0.000000,0.000000
0.5	10000	167	7063398072918829865	7991	177,980,183,169,449,107,962,921,124,436,170,201,933,164,2015	384,885,231	0.000000	-18453.516547,-18477.156135,-18477.156707	1.000000	1.000000,0.000000,0.000000
0.5	10000	168	8469866330657889484	7989	167,912,187,163,456,124,959,967,122,424,147,203,928,185,2045	390,880,246	0.000000	-18430.397605,-18455.115654,-18455.116109	1.000000	1.000000,0.000000,0.000000
0.5	10000	169	14598076987691383377	7920	158,859,184,180,426,122,927,961,118,423,172,200,939,180,2071	384,849,240	0.000000	-18264.734489,-18287.114792,-18287.115325	1.000000	1.000000,0.000000,0.000000
0.5	10000	170	6685834469910006228	8035	191,901,186,178,463,124,939,990,93,439,166,193,937,165,2070	379,902,217	0.000000	-18514.118470,-18537.600121,-18537.600910	1.000000	1.000000,0.000000,0.000000
0.5	10000	171	9309117801795469188	7944	169,978,195,160,385,116,943,942,141,456,169,192,975,156,1967	387,841,257	0.000000	-18370.526407,-18392.480225,-18392.480437	1.000000	1.000000,0.000000,0.000000
0.5	10000	172	7174014331654044574	7937	169,916,195,179,447,126,954,960,99,421,196,187,935,165,1988	382,868,225	0.000000	-18378.016846,-18399.833460,-18399.834089	1.000000	1.000000,0.000000,0.000000
0.5	10000	173	7164116307154395704	7976	190,954,184,155,447,124,934,929,114,462,170,194,905,168,2046	378,909,238	0.000000	-18425.434513,-18445.661030,-18445.661617	1.000000	1.000000,0.000000,0.000000
0.5	10000	174	10275685824772437562	7913	161,960,189,179,412,120,977,943,115,447,185,167,920,180,1958	356,859,235	0.000000	-18315.707940,-18329.153691,-18329.154128	1.000000	1.000000,0.000000,0.000000
0.5	10000	175	7766689693095410657	7938	174,914,181,172,431,112,936,968,115,474,175,204,946,146,1990	385,905,227	0.000000	-18344.275889,-18369.307333,-18369.307946	1.000000	1.000000,0.000000,0.000000
0.5	10000	176	14366483557548334037	7953	179,948,185,200,401,122,952,969,111,464,160,186,902,151,2023	371,865,233	0.000000	-18350.244779,-18369.155518,-18369.156039	1.000000	1.000000,0.000000,0.000000
0.5	10000	177	17536352935843176167	8051	172,954,188,180,453,116,968,955,113,461,176,215,942,144,2014	403,914,229	0.000000	-18614.571397,-18644.774000,-18644.774646	1.000000	1.000000,0.000000,0.000000
0.5	10000	178	14469733046441291616	7952	180,980,220,164,436,112,869,953,113,441,180,203,915,164,2022	423,877,225	0.000000	-18419.089597,-18457.145471,-18457.146219	1.000000	1.000000,0.000000,0.000000
0.5	10000	179	13631103269617902422	7969	158,949,194,165,449,117,893,930,127,431,164,214,961,165,2052	408,880,244	0.000000	-18390.400818,-18422.162058,-18422.162572	1.000000	1.000000,0.000000,0.000000
0.5	10000	180	5840138210376213083	7925	158,939,202,141,451,129,936,957,120,416,177,199,895,169,2036	401,867,249	0.000000	-18286.950885,-18315.958735,-18315.959153	1.000000	1.000000,0.000000,0.000000
0.5	10000	181	8071427577609031999	7938	164,968,187,158,467,131,958,895,113,448,153,181,918,205,1992	368,915,244	0.000000	-18378.712416,-18394.649425,-18394.649898	1.000000	1.000000,0.000000,0.000000
0.5	10000	182	16722096525060172568	7982	178,914,207,182,413,108,956,1000,124,420,176,177,921,176,2030	384,833,232	0.000000	-18437.289732,-18459.375847,-18459.376386	1.000000	1.000000,0.000000,0.000000
0.5	10000	183	8905144113120517162	7982	171,906,190,186,409,105,912,948,136,455,178,217,964,174,2031	407,864,241	0.000000	-18511.363660,-18538.783455,-18538.784043	1.000000	1.000000,0.000000,0.000000
0.5	10000	184	12351426909392518543	7914	184,903,203,162,429,123,928,923,102,439,169,186,930,182,2051	389,868,225	0.000000	-18271.457077,-18297.322743,-18297.323456	1.000000	1.000000,0.000000,0.000000
0.5	10000	185	7320670345400481746	7976	182,948,197,166,416,122,968,953,103,489,154,206,905,174,1993	403,905,225	0.000000	-18461.807143,-18492.950120,-18492.950806	1.000000	1.000000,0.000000,0.000000
0.5	10000	186	10723740298408107815	7946	156,924,211,180,443,95,940,944,113,456,182,212,933,162,1995	423,899,208	0.000000	-18392.708794,-18434.891298,-18434.892177	1.000000	1.000000,0.000000,0.000000
0.5	10000	187	16280194179580626818	7944	178,952,194,146,411,132,914,951,97,429,154,182,980,154,2070	376,840,229	0.000000	-18174.074208,-18200.471236,-18200.471682	1.000000	1.000000,0.000000,0.000000
0.5	10000	188	3685129393903225446	7979	164,942,173,138,481,122,924,927,127,458,187,174,963,157,2042	347,939,249	0.000000	-18365.066533,-18377.224125,-18377.243282	1.000000	1.000000,0.000000,0.000000
0.5	10000	189	6950801398508384683	7937	161,929,201,171,472,119,966,912,109,434,168,221,944,170,1960	422,906,228	0.000000	-18430.133176,-18467.382107,-18467.382787	1.000000	1.000000,0.000000,0.000000
0.5	10000	190	6848011556772620514	7974	170,963,185,158,458,106,966,952,121,411,166,215,903,174,2026	400,869,227	0.000000	-18392.182462,-18423.487437,-18423.488053	1.000000	1.000000,0.000000,0.000000
0.5	10000	191	12437319154655917678	8010	162,989,195,170,447,124,958,941,112,423,176,197,928,166,2022	392,870,236	0.000000	-18490.118778,-18516.156999,-18516.157510	1.000000	1.000000,0.000000,0.000000
0.5	10000	192	14231252084525407857	7940	190,922,180,171,434,134,941,897,118,424,159,211,967,157,2035	391,858,252	0.000000	-18357.720062,-18380.486123,-18380.486523	1.000000	1.000000,0.000000,0.000000
0.5	10000	193	17545822164257537170	7918	170,959,208,156,451,137,907,949,114,423,174,176,902,175,2017	384,874,251	0.000000	-18320.654709,-18341.274292,-18341.274705	1.000000	1.000000,0.000000,0.000000
0.5	10000	194	4297971077965519841	7949	152,931,195,158,442,115,902,966,118,438,177,191,973,159,2032	386,880,233	0.000000	-18295.226934,-18322.136408,-18322.136930	1.000000	1.000000,0.000000,0.000000
0.5	10000	195	4551231835447258301	7923	169,930,189,168,400,87,960,935,108,438,146,201,927,183,2082	390,838,195	0.000000	-18126.203712,-18162.838677,-18162.839577	1.000000	1.000000,0.000000,0.000000
0.5	10000	196	17102731699382315125	7953	185,960,180,164,411,123,928,956,117,424,169,159,955,187,2035	339,835,240	0.000000	-18304.431888,-18314.126470,-18314.126817	1.000000	1.000000,0.000000,0.000000
0.5	10000	197	4767460624054341784	7997	156,922,187,178,441,113,957,999,142,448,182,180,987,158,1947	367,889,255	0.000000	-18530.047439,-18544.403822,-18544.404083	1.000000	1.000000,0.000000,0.000000
0.5	10000	198	14171842548083844355	8051	183,924,213,163,427,108,965,956,122,485,187,179,951,171,2017	392,912,230	0.000000	-18651.775972,-18675.843120,-18675.843790	1.000000	1.000000,0.000000,0.000000
0.5	10000	199	17252197013806542877	7956	166,951,188,148,453,124,938,971,121,433,161,214,925,169,1994	402,886,245	0.000000	-18390.675324,-18420.025181,-18420.025620	1.000000	1.000000,0.000000,0.000000
0.5	100000	0	14316616323163414234	79698	1782,9358,2010,1700,4389,1182,9340,9395,1110,4494,1667,1884,9345,1685,20357	3894,8883,2292	0.000000	-184055.752137,-184311.956817,-184311.963276	1.000000	1.000000,0.000000,0.000000
0.5	100000	1	6720688005550970316	79852	1614,9496,2013,1736,4387,1184,9294,9430,1192,4532,1663,1968,9378,1676,20289	3981,8919,2376	0.000000	-184528.115985,-184805.943819,-184805.949470	1.000000	1.000000,0.000000,0.000000
0.5	100000	2	7507432987915362901	79740	1711,9446,1978,1628,4397,1209,9353,9451,1210,4468,1643,1979,9399,1623,20245	3957,8865,2419	0.000000	-184191.193828,-184459.439130,-184459.444104	1.000000	1.000000,0.000000,0.000000
0.5	100000	3	12954493022469031945	79922	1654,9515,1915,1688,4401,1158,9392,9571,1144,4414,1694,1928,9491,1775,20182	3843,8815,2302	0.000000	-184517.971876,-184757.015543,-184757.021314	1.000000	1.000000,0.000000,0.000000
0.5	100000	4	18421961569501663538	79869	1678,9387,1997,1726,4407,1159,9419,9502,1107,4402,1691,1962,9561,1614,20257	3959,8809,2266	0.000000	-184273.272390,-184566.929459,-184566.935745	1.000000	1.000000,0.000000,0.000000
0.5	100000	5	9782944147871030953	79771	1778,9501,1955,1612,4358,1098,9539,9392,1194,4346,1706,1876,9505,1638,20273	3831,8704,2292	0.000000	-183868.445587,-184114.407860,-184114.413478	1.000000	1.000000,0.000000,0.000000
0.5	100000	6	15964138383561163528	79707	1748,9407,1948,1648,4385,1200,9521,9309,1139,4377,1715,1951,9371,1702,20286	3899,8762,2339	0.000000	-184107.981274,-184359.712559,-184359.718289	1.000000	1.000000,0.000000,0.000000
0.5	100000	7	7041214452722668736	79980	1671,9340,1995,1727,4516,1165,9396,9427,1150,4380,1710,1958,9502,1708,20335	3953,8896,2315	0.000000	-184795.622977,-185067.242852,-185067.249115	1.000000	1.000000,0.000000,0.000000
0.5	100000	8	15360615332791535504	79607	1635,9285,1910,1653,4290,1147,9449,9438,1141,4421,1661,1969,9478,1644,20486	3879,8711,2288	0.000000	-183183.670192,-183459.722654,-183459.728473	1.000000	1.000000,0.000000,0.000000
0.5	100000	9	6002702182786666458	79726	1563,9404,1949,1708,4430,1183,9388,9430,1174,4457,1674,1970,9570,1718,20108	3919,8887,2357	0.000000	-184190.464904,-184452.570102,-184452.575502	1.000000	1.000000,0.000000,0.000000
0.5	100000	10	1351961536373626379	79684	1599,9360,1920,1653,4484,1182,9321,9330,1144,4479,1777,1947,9455,1670,20363	3867,8963,2326	0.000000	-183877.559702,-184127.616921,-184127.622924	1.000000	1.000000,0.000000,0.000000
0.5	100000	11	18066770601229943449	79703	1677,9542,1983,1726,4350,1137,9419,9394,1154,4380,1650,1962,9486,1668,20175	3945,8730,2291	0.000000	-183973.894297,-184257.291201,-184257.297104	1.000000	1.000000,0.000000,0.000000
0.5	100000	12	12764103288414790068	79850	1701,9519,1962,1660,4369,1113,9398,9268,1154,4539,1679,1958,9531,1652,20347	3920,8908,2267	0.000000	-184149.722228,-184430.202005,-184430.208431	1.000000	1.000000,0.000000,0.000000
0.5	100000	13	10954109438011764653	79767	1695,9282,2043,1743,4511,1149,9483,9404,1131,4380,1803,1965,9250,1745,20183	4008,8891,2280	0.000000	-184751.764870,-185033.317759,-185033.324691	1.000000	1.000000,0.000000,0.000000
0.5	100000	14	6181179269730671326	79746	1723,9227,1988,1713,4376,1096,9548,9393,1146,4440,1753,1922,9481,1686,20254	3910,8816,2242	0.000000	-184176.550474,-184444.801284,-184444.808018	1.000000	1.000000,0.000000,0.000000
0.5	100000	15	13076151813308285370	79673	1628,9426,1938,1768,4469,1173,9501,9270,1142,4339,1709,1848,9547,1690,20225	3786,8808,2315	0.000000	-183854.777408,-184075.886001,-184075.891625	1.000000	1.000000,0.000000,0.000000
0.5	100000	16	5661192366816885954	79902	1681,9641,1920,1760,4386,1163,9311,9441,1149,4417,1628,1951,9393,1720,20341	3871,8803,2312	0.000000	-184371.273758,-184620.703448,-184620.709322	1.000000	1.000000,0.000000,0.000000
0.5	100000	17	7330242459481897650	79841	1736,9483,1976,1653,4290,1144,9560,9431,1154,4390,1734,1950,9481,1692,20167	3926,8680,2298	0.000000	-184383.760937,-184652.482187,-184652.487991	1.000000	1.000000,0.000000,0.000000
0.5	100000	18	16920564094656244377	79698	1732,9329,1951,1744,4548,1126,9511,9323,1161,4453,1644,1964,9377,1714,20121	3915,9001,2287	0.000000	-184347.416787,-184606.932945,-184606.939460	1.000000	1.000000,0.000000,0.000000
0.5	100000	19	15008561351277108514	79593	1771,9253,1957,1645,4389,1221,9290,9374,1142,4346,1713,1980,9466,1701,20345	3937,8735,2363	0.000000	-183936.212379,-184195.272056,-184195.277785	1.000000	1.000000,0.000000,0.000000
0.5	100000	20	9852728388772114476	79544	1686,9431,2014,1676,4364,1170,9343,9229,1172,4423,1657,1977,9320,1656,20426	3991,8787,2342	0.000000	-183585.196542,-183879.058228,-183879.064187	1.000000	1.000000,0.000000,0.000000
0.5	100000	21	14682268877916643595	79724	1748,9291,1927,1739,4505,1218,9488,9308,1119,4410,1683,1888,9480,1702,20218	3815,8915,2337	0.000000	-184276.215268,-184494.376541,-184494.382383	1.000000	1.000000,0.000000,0.000000
0.5	100000	22	6423883136882147584	79805	1731,9439,1932,1689,4340,1182,9355,9294,1136,4430,1775,1997,9475,1734,20296	3929,8770,2318	0.000000	-184516.086807,-184772.420591,-184772.426783	1.000000	1.000000,0.000000,0.000000
0.5	100000	23	3614167537756827449	79739	1700,9391,1995,1736,4361,1105,9369,9489,1163,4347,1693,2021,9498,1663,20208	4016,8708,2268	0.000000	-184192.747014,-184500.326206,-184500.332602	1.000000	1.000000,0.000000,0.000000
0.5	100000	24	5709937456749990414	79701	1639,9529,1994,1744,4327,1131,9507,9412,1132,4429,1650,1984,9303,1799,20121	3978,8756,2263	0.000000	-184213.953589,-184504.213215,-184504.219642	1.000000	1.000000,0.000000,0.000000
0.5	100000	25	11081941499389582132	79685	1672,9235,1996,1725,4448,1068,9593,9363,1127,4455,1627,1995,9342,1690,20349	3991,8903,2195	0.000000	-183787.987719,-184107.401232,-184107.408569	1.000000	1.000000,0.000000,0.000000
0.5	100000	26	7080425540535292523	79648	1669,9338,1948,1661,4425,1140,9488,9432,1211,4359,1729,1912,9449,1665,20222	3860,8784,2351	0.000000	-183859.125630,-184101.754497,-184101.759846	1.000000	1.000000,0.000000,0.000000
0.5	100000	27	4482414372489116179	79763	1691,9575,1946,1660,4427,1128,9435,9423,1220,4370,1634,1931,9387,1714,20222	3877,8797,2348	0.000000	-184091.649523,-184341.781286,-184341.786630	1.000000	1.000000,0.000000,0.000000
0.5	100000	28	9035550770740827159	79512	1707,9282,1996,1671,4328,1101,9355,9381,1119,4419,1731,1949,9489,1653,20331	3945,8747,2220	0.000000	-183379.623802,-183676.251861,-183676.258726	1.000000	1.000000,0.000000,0.000000
0.5	100000	29	7955542842121416545	79885	1793,9534,1933,1642,4325,1126,9429,9339,1154,4416,1703,1909,9606,1722,20254	3842,8741,2280	0.000000	-184360.318218,-184600.901459,-184600.907443	1.000000	1.000000,0.000000,0.000000
0.5	100000	30	17826453472415277041	79612	1715,9259,1998,1712,4384,1168,9437,9406,1119,4485,1693,1942,9575,1617,20102	3940,8869,2287	0.000000	-183951.809437,-184229.573160,-184229.579337	1.000000	1.000000,0.000000,0.000000
0.5	100000	31	7188043806770234675	79859	1753,9272,2083,1667,4515,1167,9501,9339,1156,4373,1614,1916,9543,1711,20249	3999,8888,2323	0.000000	-184561.364108,-184851.812468,-184851.818603	1.000000	1.000000,0.000000,0.000000
0.5	100000	32	16871986065052945873	79815	1796,9462,1925,1679,4440,1115,9475,9360,1177,4401,1675,1967,9441,1693,20209	3892,8841,2292	0.000000	-184398.831731,-184652.744964,-184652.751138	1.000000	1.000000,0.000000,0.000000
0.5	100000	33	4408149860793720102	80007	1723,9455,2015,1622,4444,1113,9494,9651,1185,4282,1651,1943,9400,1618,20411	3958,8726,2298	0.000000	-184288.181184,-184586.048304,-184586.054075	1.000000	1.000000,0.000000,0.000000
0.5	100000	34	3623820933250161635	79975	1617,9462,1928,1704,4491,1110,9602,9430,1127,4396,1603,1922,9392,1695,20496	3850,8887,2237	0.000000	-183985.971831,-184257.165486,-184257.171895	1.000000	1.000000,0.000000,0.000000
0.5	100000	35	12073409449330089670	79816	1727,9396,1967,1730,4520,1098,9321,9392,1149,4386,1693,1957,9413,1711,20356	3924,8906,2247	0.000000	-184325.566933,-184598.022871,-184598.029825	1.000000	1.000000,0.000000,0.000000
0.5	100000	36	4030696792622030127	79802	1681,9460,1980,1616,4388,1159,9465,9250,1190,4464,1723,1917,9419,1725,20365	3897,8852,2349	0.000000	-184220.267399,-184473.533017,-184473.538734	1.000000	1.000000,0.000000,0.000000
0.5	100000	37	9754794860199268792	79632	1678,9389,2031,1714,4446,1122,9449,9366,1118,4346,1670,1989,9385,1688,20241	4020,8792,2240	0.000000	-183877.757289,-184195.319554,-184195.326357	1.000000	1.000000,0.000000,0.000000
0.5	100000	38	8932243366262550572	79824	1698,9474,1986,1694,4507,1135,9447,9389,1168,4397,1657,1961,9265,1726,20320	3947,8904,2303	0.000000	-184374.738028,-184649.997545,-184650.003883	1.000000	1.000000,0.000000,0.000000
0.5	100000	39	16002702872936912436	79756	1733,9361,2039,1741,4323,1186,9395,9423,1175,4385,1696,1939,9275,1691,20394	3978,8708,2361	0.000000	-184339.197032,-184610.599530,-184610.605372	1.000000	1.000000,0.000000,0.000000
0.5	100000	40	5217936445503447816	79926	1679,9526,1956,1702,4374,1146,9453,9457,1157,4420,1719,1939,9448,1725,20225	3895,8794,2303	0.000000	-184586.401441,-184841.592154,-184841.598091	1.000000	1.000000,0.000000,0.000000
0.5	100000	41	2584493060665153691	79505	1664,9362,2024,1666,4478,1146,9363,9459,1141,4388,1675,1832,9308,1675,20324	3856,8866,2287	0.000000	-183321.337009,-183578.380774,-183578.386889	1.000000	1.000000,0.000000,0.000000
0.5	100000	42	8437789170065649301	79823	1703,9517,1939,1626,4440,1146,9491,9460,1174,4515,1680,1905,9364,1670,20193	3844,8955,2320	0.000000	-184215.376507,-184458.972823,-184458.978513	1.000000	1.000000,0.000000,0.000000
0.5	100000	43	10231153410755484939	79841	1665,9335,1956,1673,4401,1207,9456,9432,1156,4322,1741,1953,9569,1676,20299	3909,8723,2363	0.000000	-184321.825292,-184577.275234,-184577.280553	1.000000	1.000000,0.000000,0.000000
0.5	100000	44	17510809774919111908	79943	1752,9465,1965,1686,4389,1140,9496,9461,1173,4308,1703,2011,9401,1677,20316	3976,8697,2313	0.000000	-184614.759203,-184898.069564,-184898.075525	1.000000	1.000000,0.000000,0.000000
0.5	100000	45	9194349362535096311	79336	1732,9319,1906,1702,4453,1117,9336,9408,1165,4306,1703,1918,9485,1696,20090	3824,8759,2282	0.000000	-183260.270262,-183496.031808,-183496.037803	1.000000	1.000000,0.000000,0.000000
0.5	100000	46	4017795897513376045	79625	1706,9396,1985,1719,4512,1192,9239,9392,1125,4426,1684,1851,9504,1670,20224	3836,8938,2317	0.000000	-183909.313581,-184144.181180,-184144.187158	1.000000	1.000000,0.000000,0.000000
0.5	100000	47	17558987403543296178	80013	1669,9538,2099,1662,4354,1197,9479,9358,1133,4408,1669,1969,9419,1758,20301	4068,8762,2330	0.000000	-184900.516311,-185215.138486,-185215.144518	1.000000	1.000000,0.000000,0.000000
0.5	100000	48	5701064476632010183	79719	1673,9457,2010,1647,4352,1147,9403,9633,1209,4438,1731,1882,9405,1745,19987	3892,8790,2356	0.000000	-184378.500605,-184622.427758,-184622.433044	1.000000	1.000000,0.000000,0.000000
0.5	100000	49	761597611989518418	79639	1711,9423,1992,1699,4420,1145,9293,9580,1156,4317,1754,1879,9371,1724,20175	3871,8737,2301	0.000000	-184033.722066,-184277.512259,-184277.518239	1.000000	1.000000,0.000000,0.000000
0.5	100000	50	16583172604574865051	79845	1694,9456,1893,1758,4382,1161,9528,9401,1147,4485,1707,1942,9450,1672,20169	3835,8867,2308	0.000000	-184436.357256,-184669.258092,-184669.263950	1.000000	1.000000,0.000000,0.000000
0.5	100000	51	5654914184128234854	79774	1662,9320,1934,1700,4352,1136,9361,9479,1126,4386,1737,1953,9547,1755,20326	3887,8738,2262	0.000000	-184092.363171,-184353.029473,-184353.035857	1.000000	1.000000,0.000000,0.000000
0.5	100000	52	4751811214701587525	79768	1720,9300,1952,1652,4482,1124,9456,9384,1134,4343,1673,2025,9498,1656,20369	3977,8825,2258	0.000000	-183982.128975,-184285.487215,-184285.493799	1.000000	1.000000,0.000000,0.000000
0.5	100000	53	10113106963846964780	79466	1652,9253,1896,1790,4417,1153,9415,9539,1123,4474,1664,1905,9379,1634,20172	3801,8891,2276	0.000000	-183362.758620,-183597.199994,-183597.206056	1.000000	1.000000,0.000000,0.000000
0.5	100000	54	5271343977565231841	79618	1707,9364,1884,1703,4499,1112,9485,9490,1186,4404,1690,1860,9274,1611,20349	3744,8903,2298	0.000000	-183467.075774,-183683.661498,-183683.667303	1.000000	1.000000,0.000000,0.000000
0.5	100000	55	5634060275598541894	80008	1689,9423,1963,1693,4461,1154,9499,9503,1155,4486,1644,1949,9532,1635,20222	3912,8947,2309	0.000000	-184635.868948,-184905.367137,-184905.373004	1.000000	1.000000,0.000000,0.000000
0.5	100000	56	10453153229300046152	79684	1655,9458,1960,1691,4530,1167,9481,9267,1125,4378,1708,1908,9436,1670,20250	3868,8908,2292	0.000000	-183896.830587,-184151.754318,-184151.760430	1.000000	1.000000,0.000000,0.000000
0.5	100000	57	15922184837125736220	79438	1712,9476,1934,1615,4416,1172,9150,9431,1152,4348,1684,1912,9530,1766,20140	3846,8764,2324	0.000000	-183465.932049,-183704.220124,-183704.225721	1.000000	1.000000,0.000000,0.000000
0.5	100000	58	2663625550969063040	80018	1652,9362,1886,1698,4411,1125,9474,9506,1124,4491,1651,1973,9487,1649,20529	3859,8902,2249	0.000000	-184157.753142,-184426.913419,-184426.919853	1.000000	1.000000,0.000000,0.000000
0.5	100000	59	5476818710337324912	79852	1745,9419,1936,1770,4455,1161,9452,9496,1129,4452,1719,1953,9287,1710,20168	3889,8907,2290	0.000000	-184723.057283,-184967.045714,-184967.052151	1.000000	1.000000,0.000000,0.000000
0.5	100000	60	14423481292021773805	79783	1697,9374,1911,1726,4400,1106,9467,9362,1160,4299,1695,1927,9363,1651,20645	3838,8699,2266	0.000000	-183618.036907,-183872.574396,-183872.580705	1.000000	1.000000,0.000000,0.000000
0.5	100000	61	1998802583287080991	79664	1631,9455,1893,1710,4478,1187,9375,9387,1175,4363,1587,1999,9432,1719,20273	3892,8841,2362	0.000000	-183839.062246,-184095.125983,-184095.131335	1.000000	1.000000,0.000000,0.000000
0.5	100000	62	14305212958440012237	79625	1742,9408,1921,1640,4362,1147,9421,9593,1181,4363,1712,1911,9381,1716,20127	3832,8725,2328	0.000000	-183891.609202,-184123.832894,-184123.838329	1.000000	1.000000,0.000000,0.000000
0.5	100000	63	8278617382123418981	79473	1679,9239,1932,1558,4578,1128,9228,9625,1123,4436,1668,1937,9314,1658,20370	3869,9014,2251	0.000000	-183069.425725,-183345.621842,-183345.628411	1.000000	1.000000,0.000000,0.000000
0.5	100000	64	7075561235326179826	79819	1692,9436,1929,1684,4428,1136,9352,9371,1164,4421,1715,1938,9481,1710,20362	3867,8849,2300	0.000000	-184202.475121,-184451.527561,-184451.533698	1.000000	1.000000,0.000000,0.000000
0.5	100000	65	2655835396449646317	79733	1683,9429,1881,1754,4430,1158,9433,9337,1193,4396,1673,1934,9286,1650,20496	3815,8826,2351	0.000000	-183851.601121,-184079.473621,-184079.479238	1.000000	1.000000,0.000000,0.000000
0.5	100000	66	3046508367116984137	79707	1716,9428,1909,1661,4390,1182,9452,9468,1126,4344,1686,1905,9394,1771,20275	3814,8734,2308	0.000000	-183930.513474,-184160.260293,-184160.266021	1.000000	1.000000,0.000000,0.000000
0.5	100000	67	18185774489099655543	79728	1687,9351,1948,1713,4419,1195,9478,9380,1165,4413,1722,1946,9405,1669,20237	3894,8832,2360	0.000000	-184242.078935,-184487.853045,-184487.858618	1.000000	1.000000,0.000000,0.000000
0.5	100000	68	8372575939784433003	79776	1666,9432,1914,1656,4553,1125,9430,9395,1148,4422,1675,1890,9427,1680,20363	3804,8975,2273	0.000000	-183834.705308,-184076.246999,-184076.253200	1.000000	1.000000,0.000000,0.000000
0.5	100000	69	3009235817271459963	79735	1723,9320,1880,1678,4331,1214,9347,9543,1216,4369,1700,1936,9461,1598,20419	3816,8700,2430	0.000000	-183881.646111,-184101.279625,-184101.284127	1.000000	1.000000,0.000000,0.000000
0.5	100000	70	12179796536403718959	79812	1696,9327,1905,1652,4356,1184,9381,9449,1177,4509,1722,1950,9531,1746,20227	3855,8865,2361	0.000000	-184437.386531,-184668.230903,-184668.236424	1.000000	1.000000,0.000000,0.000000
0.5	100000	71	17854055443234329668	79596	1671,9345,1926,1717,4424,1139,9275,9340,1163,4347,1683,1996,9436,1686,20448	3922,8771,2302	0.000000	-183615.379083,-183888.134443,-183888.140677	1.000000	1.000000,0.000000,0.000000
0.5	100000	72	11104118745527636116	79553	1673,9240,1965,1765,4460,1137,9240,9553,1160,4343,1724,1876,9352,1684,20381	3841,8803,2297	0.000000	-183612.473292,-183851.342983,-183851.349214	1.000000	1.000000,0.000000,0.000000
0.5	100000	73	8979041636311876676	79760	1676,9530,1956,1678,4432,1132,9453,9271,1129,4470,1632,1957,9409,1663,20372	3913,8902,2261	0.000000	-183837.026241,-184120.461112,-184120.467543	1.000000	1.000000,0.000000,0.000000
0.5	100000	74	11560166635374217155	79894	1716,9460,1962,1739,4470,1150,9316,9371,1178,4457,1691,1983,9414,1746,20241	3945,8927,2328	0.000000	-184851.116631,-185109.893906,-185109.900181	1.000000	1.000000,0.000000,0.000000
0.5	100000	75	5167036382817394328	79529	1704,9509,1933,1728,4334,1133,9416,9369,1110,4563,1672,1872,9439,1669,20078	3805,8897,2243	0.000000	-183570.022649,-183809.230860,-183809.237165	1.000000	1.000000,0.000000,0.000000
0.5	100000	76	10356040548190359453	79651	1642,9526,1967,1653,4486,1167,9379,9509,1220,4333,1711,2028,9378,1701,19951	3995,8819,2387	0.000000	-184356.718223,-184633.699264,-184633.704465	1.000000	1.000000,0.000000,0.000000
0.5	100000	77	13919667836458091648	79800	1736,9540,1913,1727,4325,1199,9435,9261,1177,4485,1643,1909,9441,1645,20364	3822,8810,2376	0.000000	-184131.991759,-184356.967339,-184356.972550	1.000000	1.000000,0.000000,0.000000
0.5	100000	78	8797795608653906048	79645	1587,9453,1971,1688,4334,1123,9393,9435,1110,4410,1714,1945,9500,1762,20220	3916,8744,2233	0.000000	-183709.983350,-183993.574903,-183993.581370	1.000000	1.000000,0.000000,0.000000
0.5	100000	79	7815411384079988648	79798	1738,9397,1951,1717,4272,1155,9356,9336,1185,4522,1687,1945,9490,1699,20348	3896,8794,2340	0.000000	-184324.284582,-184572.570020,-184572.575870	1.000000	1.000000,0.000000,0.000000
0.5	100000	80	17586060364858220390	79652	1646,9265,1973,1633,4401,1125,9428,9372,1172,4510,1725,1887,9461,1670,20384	3860,8911,2297	0.000000	-183640.477137,-183896.942326,-183896.948436	1.000000	1.000000,0.000000,0.000000
0.5	100000	81	3426636350014678733	79607	1596,9512,1900,1651,4481,1117,9469,9369,1170,4263,1693,1934,9459,1661,20332	3834,8744,2287	0.000000	-183267.673718,-183526.149962,-183526.155586	1.000000	1.000000,0.000000,0.000000
0.5	100000	82	8662769764108798411	79742	1696,9460,1893,1609,4410,1189,9560,9385,1122,4411,1706,1974,9223,1726,20378	3867,8821,2311	0.000000	-183916.376038,-184169.212031,-184169.217953	1.000000	1.000000,0.000000,0.000000
0.5	100000	83	7517740258140095229	79645	1704,9452,1887,1707,4358,1189,9275,9504,1190,4430,1624,1928,9516,1637,20244	3815,8788,2379	0.000000	-183736.515531,-183963.881628,-183963.886547	1.000000	1.000000,0.000000,0.000000
0.5	100000	84	15260254771264065867	79641	1618,9370,2010,1661,4411,1190,9420,9443,1169,4460,1736,1894,9328,1724,20207	3904,8871,2359	0.000000	-184033.408403,-184285.544618,-184285.550209	1.000000	1.000000,0.000000,0.000000
0.5	100000	85	12261477459317376245	79711	1658,9341,1989,1733,4380,1118,9217,9470,1174,4427,1729,1931,9430,1709,20405	3920,8807,2292	0.000000	-184020.815932,-184287.892665,-184287.899088	1.000000	1.000000,0.000000,0.000000
0.5	100000	86	6404026554200509363	79490	1667,9319,1987,1721,4455,1100,9492,9251,1194,4479,1671,1988,9619,1697,19850	3975,8934,2294	0.000000	-184031.649141,-184314.368220,-184314.374378	1.000000	1.000000,0.000000,0.000000
0.5	100000	87	4975627582087610433	79626	1643,9435,1815,1732,4341,1137,9514,9344,1139,4494,1715,1928,9344,1655,20390	3743,8835,2276	0.000000	-183411.933596,-183631.458211,-183631.464181	1.000000	1.000000,0.000000,0.000000
0.5	100000	88	2440024204811845917	79838	1708,9515,2020,1677,4357,1150,9365,9235,1163,4451,1786,1897,9397,1767,20350	3917,8808,2313	0.000000	-184559.779179,-184812.298328,-184812.304661	1.000000	1.000000,0.000000,0.000000
0.5	100000	89	14300578496139925713	79615	1746,9454,2035,1708,4313,1175,9280,9401,1206,4302,1724,1954,9323,1689,20305	3989,8615,2381	0.000000	-184104.008195,-184375.573758,-184375.579264	1.000000	1.000000,0.000000,0.000000
0.5	100000	90	11085105210851595043	79741	1643,9517,1900,1659,4457,1091,9448,9431,1159,4412,1729,1984,9525,1721,20065	3884,8869,2250	0.000000	-184114.869372,-184380.057268,-184380.063530	1.000000	1.000000,0.000000,0.000000
0.5	100000	91	8645670152985445058	79713	1702,9636,1951,1710,4279,1172,9548,9252,1160,4324,1719,1927,9401,1690,20242	3878,8603,2332	0.000000	-183998.916841,-184247.231351,-184247.236734	1.000000	1.000000,0.000000,0.000000
0.5	100000	92	12311409996981934299	79735	1689,9431,1955,1716,4388,1119,9472,9350,1127,4435,1623,1958,9539,1689,20244	3913,8823,2246	0.000000	-183907.870597,-184189.036960,-184189.043375	1.000000	1.000000,0.000000,0.000000
0.5	100000	93	17497665303537663477	79798	1699,9410,1971,1712,4248,1201,9571,9488,1129,4378,1734,1898,9468,1729,20162	3869,8626,2330	0.000000	-184332.262665,-184572.674672,-184572.680075	1.000000	1.000000,0.000000,0.000000
0.5	100000	94	15277227490762123550	79806	1673,9437,1972,1735,4441,1167,9661,9161,1165,4457,1743,1898,9485,1626,20185	3870,8898,2332	0.000000	-184375.726429,-184618.814359,-184618.820107	1.000000	1.000000,0.000000,0.000000
0.5	100000	95	8411787830265103558	79846	1714,9476,1984,1743,4394,1111,9416,9601,1133,4402,1727,1900,9510,1648,20087	3884,8796,2244	0.000000	-184392.206634,-184653.660083,-184653.666387	1.000000	1.000000,0.000000,0.000000
0.5	100000	96	17530492610915491430	79758	1652,9553,1912,1717,4442,1210,9355,9281,1144,4404,1710,1911,9205,1676,20586	3823,8846,2354	0.000000	-183860.911134,-184091.750838,-184091.756569	1.000000	1.000000,0.000000,0.000000
0.5	100000	97	11875063815209067759	79788	1620,9617,1994,1694,4321,1096,9506,9561,1209,4382,1748,2005,9286,1670,20079	3999,8703,2305	0.000000	-184339.606426,-184636.534179,-184636.539940	1.000000	1.000000,0.000000,0.000000
0.5	100000	98	11453388700146603615	79870	1707,9330,1980,1768,4495,1103,9644,9288,1151,4469,1699,1885,9495,1650,20206	3865,8964,2254	0.000000	-184456.598859,-184708.527268,-184708.533844	1.000000	1.000000,0.000000,0.000000
0.5	100000	99	8299976001771257149	79711	1673,9462,1894,1649,4277,1109,9517,9490,1195,4447,1657,1851,9433,1749,20308	3745,8724,2304	0.000000	-183605.164037,-183822.711570,-183822.716936	1.000000	1.000000,0.000000,0.000000
0.5	100000	100	18316057849494302026	79688	1667,9433,1919,1692,4494,1110,9495,9263,1137,4417,1671,2020,9540,1732,20098	3939,8911,2247	0.000000	-184105.356426,-184388.179740,-184388.186327	1.000000	1.000000,0.000000,0.000000
0.5	100000	101	1323214381129327224	79726	1708,9383,1955,1680,4538,1138,9342,9347,1180,4369,1685,1927,9499,1725,20250	3882,8907,2318	0.000000	-184189.547476,-184437.841635,-184437.847688	1.000000	1.000000,0.000000,0.000000
0.5	100000	102	11299038607313199778	79756	1681,9501,1976,1707,4382,1150,9486,9370,1120,4498,1610,1944,9405,1625,20301	3920,8880,2270	0.000000	-183851.774451,-184137.590336,-184137.596548	1.000000	1.000000,0.000000,0.000000
0.5	100000	103	2330835147654396239	79685	1771,9361,1937,1667,4366,1121,9414,9426,1172,4398,1701,1989,9440,1703,20219	3926,8764,2293	0.000000	-184109.278996,-184375.937474,-184375.943658	1.000000	1.000000,0.000000,0.000000
0.5	100000	104	5099974164055500664	79735	1665,9371,1968,1692,4404,1220,9323,9365,1117,4424,1702,1927,9423,1778,20356	3895,8828,2337	0.000000	-184194.960942,-184443.334245,-184443.340214	1.000000	1.000000,0.000000,0.000000
0.5	100000	105	10199229620212310226	79677	1729,9410,1941,1697,4395,1116,9441,9456,1190,4336,1722,1909,9423,1670,20242	3850,8731,2306	0.000000	-183916.691045,-184158.932556,-184158.938341	1.000000	1.000000,0.000000,0.000000
0.5	100000	106	16391483602104257454	79726	1687,9543,1889,1721,4382,1235,9472,9384,1123,4479,1648,1951,9404,1735,20073	3840,8861,2358	0.000000	-184294.947439,-184522.178008,-184522.183339	1.000000	1.000000,0.000000,0.000000
0.5	100000	107	9435998825913629591	79782	1655,9543,2017,1687,4330,1161,9361,9414,1178,4351,1751,1906,9465,1709,20254	3923,8681,2339	0.000000	-184249.613785,-184511.209675,-184511.215225	1.000000	1.000000,0.000000,0.000000
0.5	100000	108	15696220288849237060	79815	1650,9315,1902,1728,4470,1141,9464,9311,1163,4451,1797,1974,9441,1739,20269	3876,8921,2304	0.000000	-184534.661210,-184774.917832,-184774.924216	1.000000	1.000000,0.000000,0.000000
0.5	100000	109	16086148321266605313	79630	1656,9492,1980,1698,4334,1113,9354,9407,1103,4361,1658,1933,9538,1693,20310	3913,8695,2216	0.000000	-183450.386132,-183742.293890,-183742.300415	1.000000	1.000000,0.000000,0.000000
0.5	100000	110	6516988119901848625	79668	1687,9337,1889,1691,4423,1142,9482,9169,1262,4472,1708,1873,9535,1648,20350	3762,8895,2404	0.000000	-183858.344788,-184060.254296,-184060.259287	1.000000	1.000000,0.000000,0.000000
0.5	100000	111	6719936181618508874	79724	1642,9372,1959,1736,4320,1185,9514,9427,1197,4332,1759,1963,9239,1651,20428	3922,8652,2382	0.000000	-184029.826459,-184285.258080,-184285.263368	1.000000	1.000000,0.000000,0.000000
0.5	100000	112	2128421724426477098	79739	1718,9444,1943,1699,4364,1107,9291,9332,1149,4458,1728,1980,9463,1683,20380	3923,8822,2256	0.000000	-184038.380683,-184313.289796,-184313.296515	1.000000	1.000000,0.000000,0.000000
0.5	100000	113	1592861961923913084	79669	1620,9505,1932,1709,4392,1131,9423,9460,1063,4524,1694,1906,9429,1642,20239	3838,8916,2194	0.000000	-183520.570861,-183790.020834,-183790.027580	1.000000	1.000000,0.000000,0.000000
0.5	100000	114	8485498398849965584	79824	1649,9495,1863,1694,4452,1130,9337,9239,1159,4411,1724,1902,9477,1691,20601	3765,8863,2289	0.000000	-183777.345857,-184002.007802,-184002.013946	1.000000	1.000000,0.000000,0.000000
0.5	100000	115	12049419798155152186	79719	1665,9261,2043,1739,4379,1188,9239,9678,1166,4384,1646,1958,9536,1681,20156	4001,8763,2354	0.000000	-184285.209175,-184572.466167,-184572.471759	1.000000	1.000000,0.000000,0.000000
0.5	100000	116	8987968026124034818	79764	1693,9264,1900,1688,4375,1188,9497,9350,1115,4406,1660,2010,9581,1677,20360	3910,8781,2303	0.000000	-183966.840890,-184237.187808,-184237.193769	1.000000	1.000000,0.000000,0.000000
0.5	100000	117	9057756161988974271	79643	1727,9434,1933,1709,4415,1155,9378,9419,1162,4373,1636,1916,9466,1663,20257	3849,8788,2317	0.000000	-183754.887663,-184000.096047,-184000.101716	1.000000	1.000000,0.000000,0.000000
0.5	100000	118	18345458775629854176	79706	1734,9456,1954,1679,4454,1109,9496,9328,1132,4320,1668,2033,9416,1695,20232	3987,8774,2241	0.000000	-184024.435820,-184328.044484,-184328.051162	1.000000	1.000000,0.000000,0.000000
0.5	100000	119	2049372713914436003	79916	1683,9450,1954,1751,4494,1132,9420,9572,1190,4444,1708,1923,9349,1639,20207	3877,8938,2322	0.000000	-184621.526996,-184867.464100,-184867.469995	1.000000	1.000000,0.000000,0.000000
0.5	100000	120	7840778330886581966	79792	1685,9351,1919,1707,4391,1175,9543,9532,1178,4321,1664,1936,9403,1654,20333	3855,8712,2353	0.000000	-183997.878900,-184241.898639,-184241.903831	1.000000	1.000000,0.000000,0.000000
0.5	100000	121	10203346514492339146	79635	1701,9544,2001,1634,4283,1160,9325,9263,1158,4357,1718,1998,9493,1607,20393	3999,8640,2318	0.000000	-183625.986028,-183931.784589,-183931.790376	1.000000	1.000000,0.000000,0.000000
0.5	100000	122	9178977939791039699	79735	1775,9471,1916,1721,4415,1186,9284,9319,1131,4338,1713,1972,9580,1683,20231	3888,8753,2317	0.000000	-184272.458963,-184518.250444,-184518.256388	1.000000	1.000000,0.000000,0.000000
0.5	100000	123	5720228510963893467	79686	1638,9429,1939,1689,4479,1193,9345,9427,1138,4527,1716,1999,9440,1662,20065	3938,9006,2331	0.000000	-184274.115765,-184541.709825,-184541.715758	1.000000	1.000000,0.000000,0.000000
0.5	100000	124	13056177428649092709	80003	1731,9483,1919,1751,4322,1130,9409,9545,1231,4439,1671,1940,9451,1690,20291	3859,8761,2361	0.000000	-184770.455911,-185002.932620,-185002.937980	1.000000	1.000000,0.000000,0.000000
0.5	100000	125	16087235297421010621	79912	1600,9400,1987,1688,4336,1183,9363,9543,1077,4502,1685,1993,9540,1693,20322	3980,8838,2260	0.000000	-184283.631515,-184589.673797,-184589.680213	1.000000	1.000000,0.000000,0.000000
0.5	100000	126	5348111673113888159	79936	1652,9599,1945,1733,4433,1136,9466,9409,1163,4441,1697,1937,9398,1665,20262	3882,8874,2299	0.000000	-184475.925588,-184732.773310,-184732.779281	1.000000	1.000000,0.000000,0.000000
0.5	100000	127	7242930602232687231	79705	1726,9342,1904,1754,4441,1124,9456,9353,1193,4391,1721,1965,9420,1743,20172	3869,8832,2317	0.000000	-184374.591691,-184608.732257,-184608.738355	1.000000	1.000000,0.000000,0.000000
0.5	100000	128	13955016742926998869	79615	1661,9477,1893,1627,4413,1125,9501,9312,1095,4383,1589,1898,9576,1739,20326	3791,8796,2220	0.000000	-183141.062853,-183396.064261,-183396.070444	1.000000	1.000000,0.000000,0.000000
0.5	100000	129	5135806764369000732	79799	1770,9292,1955,1685,4412,1125,9379,9369,1238,4427,1740,1938,9475,1671,20323	3893,8839,2363	0.000000	-184466.198498,-184706.219513,-184706.225277	1.000000	1.000000,0.000000,0.000000
0.5	100000	130	11063739039809947441	79835	1719,9378,1984,1680,4380,1197,9455,9303,1113,4493,1736,1964,9357,1701,20375	3948,8873,2310	0.000000	-184453.682704,-184724.042396,-184724.048793	1.000000	1.000000,0.000000,0.000000
0.5	100000	131	11849825168629726434	79698	1632,9423,1970,1684,4463,1175,9529,9346,1152,4427,1721,1961,9412,1641,20162	3931,8890,2327	0.000000	-184073.360068,-184344.663902,-184344.669676	1.000000	1.000000,0.000000,0.000000
0.5	100000	132	7848638028749609984	79806	1689,9523,1962,1698,4410,1096,9394,9551,1195,4394,1687,1990,9351,1659,20207	3952,8804,2291	0.000000	-184257.591133,-184541.105101,-184541.111172	1.000000	1.000000,0.000000,0.000000
0.5	100000	133	11877312285929140796	79956	1722,9469,1916,1740,4446,1183,9362,9569,1105,4366,1678,1952,9453,1729,20266	3868,8812,2288	0.000000	-184634.004563,-184880.139755,-184880.145890	1.000000	1.000000,0.000000,0.000000
0.5	100000	134	11917357490075419164	79762	1730,9348,1948,1695,4468,1141,9497,9316,1184,4326,1690,1999,9354,1742,20324	3947,8794,2325	0.000000	-184341.514114,-184607.948588,-184607.954729	1.000000	1.000000,0.000000,0.000000
0.5	100000	135	12413501639044413112	79806	1737,9512,1989,1792,4304,1135,9506,9505,1145,4302,1671,1891,9436,1694,20187	3880,8606,2280	0.000000	-184262.126556,-184514.816948,-184514.822819	1.000000	1.000000,0.000000,0.000000
0.5	100000	136	6579161251752048430	79669	1696,9380,1963,1718,4363,1131,9522,9353,1167,4522,1723,1907,9321,1667,20236	3870,8885,2298	0.000000	-184011.257722,-184259.475772,-184259.481939	1.000000	1.000000,0.000000,0.000000
0.5	100000	137	12949520509432444776	79715	1657,9388,1962,1705,4299,1124,9521,9398,1082,4497,1696,1886,9282,1707,20511	3848,8796,2206	0.000000	-183533.827029,-183800.795070,-183800.801993	1.000000	1.000000,0.000000,0.000000
0.5	100000	138	14143940292699421112	79864	1716,9417,1950,1666,4436,1186,9519,9235,1125,4427,1718,1949,9574,1716,20230	3899,8863,2311	0.000000	-184509.203248,-184763.458579,-184763.464605	1.000000	1.000000,0.000000,0.000000
0.5	100000	139	7229323804744639760	79606	1619,9397,1893,1668,4371,1180,9345,9348,1164,4315,1757,1965,9639,1695,20250	3858,8686,2344	0.000000	-183679.224958,-183923.958158,-183923.963451	1.000000	1.000000,0.000000,0.000000
0.5	100000	140	6093090379711061106	79850	1717,9408,1891,1730,4395,1159,9322,9605,1178,4389,1706,1973,9434,1647,20296	3864,8784,2337	0.000000	-184341.062277,-184582.523941,-184582.529549	1.000000	1.000000,0.000000,0.000000
0.5	100000	141	14426313398359523666	79893	1678,9406,1878,1747,4419,1152,9439,9442,1129,4521,1727,1910,9438,1678,20329	3788,8940,2281	0.000000	-184338.283455,-184562.004973,-184562.011206	1.000000	1.000000,0.000000,0.000000
0.5	100000	142	6793744150584522106	79802	1680,9416,2021,1679,4433,1193,9366,9507,1120,4430,1738,1961,9439,1659,20160	3982,8863,2313	0.000000	-184461.883287,-184747.340749,-184747.346827	1.000000	1.000000,0.000000,0.000000
0.5	100000	143	8673472494042162675	79749	1664,9352,1900,1691,4395,1159,9400,9519,1182,4250,1679,2009,9503,1756,20290	3909,8645,2341	0.000000	-184086.355533,-184344.935989,-184344.941438	1.000000	1.000000,0.000000,0.000000
0.5	100000	144	6616417559654066282	79811	1728,9256,1889,1674,4540,1163,9469,9340,1223,4399,1670,1973,9540,1679,20268	3862,8939,2386	0.000000	-184412.049005,-184644.245445,-184644.250837	1.000000	1.000000,0.000000,0.000000
0.5	100000	145	4286316560485809970	79727	1707,9514,1903,1699,4421,1156,9496,9400,1188,4411,1745,1918,9294,1640,20235	3821,8832,2344	0.000000	-184091.976333,-184318.015137,-184318.020635	1.000000	1.000000,0.000000,0.000000
0.5	100000	146	11341241755733006469	79902	1723,9400,2021,1597,4424,1196,9353,9575,1197,4425,1648,1941,9406,1576,20420	3962,8849,2393	0.000000	-184239.027727,-184521.470378,-184521.475524	1.000000	1.000000,0.000000,0.000000
0.5	100000	147	10541701575569619891	79731	1677,9461,1976,1710,4347,1114,9491,9410,1221,4331,1668,1913,9381,1725,20306	3889,8678,2335	0.000000	-183999.758488,-184253.367131,-184253.372644	1.000000	1.000000,0.000000,0.000000
0.5	100000	148	46860402169700314	79736	1723,9417,1928,1707,4366,1135,9461,9384,1179,4332,1660,1958,9430,1644,20412	3886,8698,2314	0.000000	-183816.186306,-184077.309070,-184077.314806	1.000000	1.000000,0.000000,0.000000
0.5	100000	149	2926879296838805298	79713	1631,9401,1905,1703,4410,1141,9401,9384,1143,4346,1657,1954,9528,1666,20443	3859,8756,2284	0.000000	-183548.126309,-183811.833772,-183811.839693	1.000000	1.000000,0.000000,0.000000
0.5	100000	150	4986437578240909931	80074	1781,9431,1989,1734,4472,1149,9450,9502,1136,4429,1701,2117,9338,1695,20150	4106,8901,2285	0.000000	-185476.285466,-185796.594875,-185796.601732	1.000000	1.000000,0.000000,0.000000
0.5	100000	151	10934793239161851864	79778	1629,9398,1929,1701,4435,1169,9508,9373,1141,4379,1688,1935,9430,1730,20333	3864,8814,2310	0.000000	-184036.220555,-184286.828090,-184286.833951	1.000000	1.000000,0.000000,0.000000
0.5	100000	152	8173561948264794681	79709	1663,9409,1928,1657,4356,1182,9537,9346,1168,4325,1698,1994,9615,1689,20142	3922,8681,2350	0.000000	-184039.462946,-184304.692985,-184304.698177	1.000000	1.000000,0.000000,0.000000
0.5	100000	153	17827003536185114665	79693	1755,9504,1927,1753,4439,1183,9484,9270,1094,4316,1676,1952,9304,1758,20278	3879,8755,2277	0.000000	-184137.584980,-184385.038859,-184385.045284	1.000000	1.000000,0.000000,0.000000
0.5	100000	154	7589100847717981894	79581	1677,9501,1983,1713,4428,1132,9377,9430,1137,4370,1733,2029,9345,1693,20033	4012,8798,2269	0.000000	-184093.938675,-184394.209461,-184394.215937	1.000000	1.000000,0.000000,0.000000
0.5	100000	155	3430231526290157779	79777	1678,9392,1939,1684,4445,1153,9549,9295,1163,4396,1597,1947,9494,1736,20309	3886,8841,2316	0.000000	-184028.030204,-184287.870723,-184287.876518	1.000000	1.000000,0.000000,0.000000
0.5	100000	156	17806761370250522519	79669	1698,9500,1933,1720,4403,1143,9369,9326,1185,4470,1656,1937,9414,1746,20169	3870,8873,2328	0.000000	-184143.307045,-184384.018101,-184384.023959	1.000000	1.000000,0.000000,0.000000
0.5	100000	157	14890593725368648066	79595	1654,9309,1928,1721,4405,1180,9350,9473,1138,4491,1698,1913,9646,1642,20047	3841,8896,2318	0.000000	-183847.561124,-184087.728316,-184087.733929	1.000000	1.000000,0.000000,0.000000
0.5	100000	158	13502082369200136517	79616	1597,9497,1883,1660,4411,1143,9402,9470,1164,4426,1708,2019,9407,1665,20164	3902,8837,2307	0.000000	-183686.555896,-183957.428235,-183957.433943	1.000000	1.000000,0.000000,0.000000
0.5	100000	159	9922762427854475684	79412	1720,9296,1952,1728,4382,1209,9397,9275,1115,4410,1715,1993,9419,1659,20142	3945,8792,2324	0.000000	-183666.837174,-183933.907266,-183933.913306	1.000000	1.000000,0.000000,0.000000
0.5	100000	160	15224761689884619304	79788	1718,9357,1964,1743,4353,1139,9454,9548,1100,4476,1621,1910,9532,1658,20215	3874,8829,2239	0.000000	-184011.348775,-184278.653915,-184278.660284	1.000000	1.000000,0.000000,0.000000
0.5	100000	161	16768415993630754283	79823	1674,9399,1947,1641,4356,1189,9277,9395,1141,4510,1680,1964,9661,1666,20323	3911,8866,2330	0.000000	-184144.232425,-184411.702937,-184411.708659	1.000000	1.000000,0.000000,0.000000
0.5	100000	162	4208730955921162831	79905	1671,9606,2030,1657,4355,1184,9552,9363,1156,4499,1688,1875,9551,1622,20096	3905,8854,2340	0.000000	-184455.542856,-184718.803235,-184718.808532	1.000000	1.000000,0.000000,0.000000
0.5	100000	163	18385963437915158169	79852	1690,9486,2062,1675,4320,1114,9367,9410,1160,4434,1677,2000,9440,1753,20264	4062,8754,2274	0.000000	-184514.361589,-184835.977371,-184835.983937	1.000000	1.000000,0.000000,0.000000
0.5	100000	164	12284776836225982146	79794	1698,9428,1940,1685,4366,1144,9389,9503,1114,4269,1716,1926,9615,1734,20267	3866,8635,2258	0.000000	-184024.012611,-184281.513159,-184281.519205	1.000000	1.000000,0.000000,0.000000
0.5	100000	165	18120340259948134492	79743	1633,9334,1928,1708,4413,1144,9396,9467,1114,4447,1646,1913,9417,1676,20507	3841,8860,2258	0.000000	-183569.158279,-183830.261411,-183830.267770	1.000000	1.000000,0.000000,0.000000
0.5	100000	166	16934789177806381038	79727	1698,9256,1927,1687,4454,1136,9309,9520,1150,4445,1656,1973,9485,1752,20279	3900,8899,2286	0.000000	-184116.045113,-184377.571182,-184377.577559	1.000000	1.000000,0.000000,0.000000
0.5	100000	167	1141467488529644357	79698	1675,9528,1964,1727,4404,1064,9603,9291,1116,4507,1674,1987,9344,1728,20086	3951,8911,2180	0.000000	-184085.808560,-184383.679595,-184383.686830	1.000000	1.000000,0.000000,0.000000
0.5	100000	168	10180780126248071329	79637	1738,9412,1910,1644,4484,1193,9448,9414,1193,4413,1700,1917,9304,1677,20190	3827,8897,2386	0.000000	-184025.738705,-184246.841327,-184246.846560	1.000000	1.000000,0.000000,0.000000
0.5	100000	169	15132900081314380867	79820	1698,9482,1986,1727,4352,1159,9427,9550,1110,4446,1716,1978,9335,1652,20202	3964,8798,2269	0.000000	-184361.403651,-184648.580458,-184648.586832	1.000000	1.000000,0.000000,0.000000
0.5	100000	170	8727131202970278913	79797	1720,9379,1875,1707,4450,1134,9517,9478,1153,4401,1696,1948,9332,1674,20333	3823,8851,2287	0.000000	-184074.619879,-184312.176848,-184312.182946	1.000000	1.000000,0.000000,0.000000
0.5	100000	171	13500506682052382658	79828	1679,9504,1884,1791,4302,1133,9472,9379,1167,4339,1714,1969,9408,1695,20392	3853,8641,2300	0.000000	-184149.627015,-184392.436996,-184392.442869	1.000000	1.000000,0.000000,0.000000
0.5	100000	172	3724643414451740131	79778	1686,9496,1871,1673,4316,1149,9511,9379,1128,4326,1660,1919,9561,1702,20401	3790,8642,2277	0.000000	-183617.506428,-183856.696167,-183856.701775	1.000000	1.000000,0.000000,0.000000
0.5	100000	173	12556706391009123659	79648	1724,9366,1906,1675,4327,1150,9481,9415,1145,4428,1663,1886,9501,1667,20314	3792,8755,2295	0.000000	-183549.144137,-183782.263765,-183782.269439	1.000000	1.000000,0.000000,0.000000
0.5	100000	174	14971934173054176980	79678	1718,9281,1973,1758,4407,1163,9438,9439,1142,4430,1714,1904,9307,1603,20401	3877,8837,2305	0.000000	-183872.375272,-184124.501118,-184124.507300	1.000000	1.000000,0.000000,0.000000
0.5	100000	175	507586814066366151	79685	1719,9485,1974,1661,4337,1183,9398,9450,1120,4432,1620,1983,9431,1675,20217	3957,8769,2303	0.000000	-183897.490459,-184185.767647,-184185.773518	1.000000	1.000000,0.000000,0.000000
0.5	100000	176	8729880955568646725	79630	1715,9465,1968,1736,4297,1168,9409,9369,1156,4417,1693,1903,9416,1687,20231	3871,8714,2324	0.000000	-183904.715425,-184149.432746,-184149.438443	1.000000	1.000000,0.000000,0.000000
0.5	100000	177	12260572125168214605	79661	1744,9371,1930,1652,4544,1167,9429,9497,1124,4213,1692,1992,9409,1717,20180	3922,8757,2291	0.000000	-184008.418243,-184276.976388,-184276.982465	1.000000	1.000000,0.000000,0.000000
0.5	100000	178	8993542629382707492	79696	1724,9436,1924,1700,4402,1136,9402,9371,1157,4425,1741,1899,9490,1716,20173	3823,8827,2293	0.000000	-184120.501195,-184349.672242,-184349.678285	1.000000	1.000000,0.000000,0.000000
0.5	100000	179	1142312210905107874	79709	1643,9430,1951,1690,4417,1144,9482,9448,1167,4354,1746,2015,9297,1739,20186	3966,8771,2311	0.000000	-184250.461483,-184527.954715,-184527.960778	1.000000	1.000000,0.000000,0.000000
0.5	100000	180	18198228117271898257	79785	1682,9392,2054,1716,4427,1144,9431,9271,1112,4351,1722,1960,9264,1703,20556	4014,8778,2256	0.000000	-184100.200676,-184409.502020,-184409.509065	1.000000	1.000000,0.000000,0.000000
0.5	100000	181	16701226763498925174	79624	1648,9418,1919,1640,4495,1170,9346,9441,1147,4395,1670,2037,9583,1642,20073	3956,8890,2317	0.000000	-183866.821068,-184154.146912,-184154.152635	1.000000	1.000000,0.000000,0.000000
0.5	100000	182	4041813896915391121	79856	1681,9382,1922,1675,4366,1178,9441,9761,1181,4437,1690,1924,9431,1699,20088	3846,8803,2359	0.000000	-184448.556852,-184681.929855,-184681.934953	1.000000	1.000000,0.000000,0.000000
0.5	100000	183	17118092519118801475	79618	1695,9347,1922,1744,4397,1180,9528,9408,1142,4335,1675,1903,9479,1658,20205	3825,8732,2322	0.000000	-183734.457507,-183968.832795,-183968.838277	1.000000	1.000000,0.000000,0.000000
0.5	100000	184	3879996454903155319	79684	1705,9470,1944,1692,4382,1116,9362,9403,1105,4391,1726,1955,9469,1685,20279	3899,8773,2221	0.000000	-183816.122479,-184091.791693,-184091.798425	1.000000	1.000000,0.000000,0.000000
0.5	100000	185	1619124380174903226	79962	1710,9504,1993,1703,4364,1119,9469,9392,1110,4508,1688,2030,9499,1647,20226	4023,8872,2229	0.000000	-184632.204805,-184951.451132,-184951.458014	1.000000	1.000000,0.000000,0.000000
0.5	100000	186	14660229903802249714	79629	1684,9479,1951,1675,4432,1153,9383,9371,1134,4501,1648,2018,9301,1690,20209	3969,8933,2287	0.000000	-183931.626047,-184222.392038,-184222.398442	1.000000	1.000000,0.000000,0.000000
0.5	100000	187	14757300612801746570	79952	1654,9547,1964,1706,4425,1144,9585,9471,1140,4308,1669,1838,9454,1769,20278	3802,8733,2284	0.000000	-184320.708979,-184553.704108,-184553.709818	1.000000	1.000000,0.000000,0.000000
0.5	100000	188	10467645261513783165	79792	1664,9491,1892,1734,4449,1138,9384,9343,1164,4410,1636,1862,9585,1639,20401	3754,8859,2302	0.000000	-183723.715265,-183946.955162,-183946.960783	1.000000	1.000000,0.000000,0.000000
0.5	100000	189	8229571564326598920	79594	1719,9326,1947,1607,4276,1189,9451,9288,1195,4392,1725,1930,9497,1717,20335	3877,8668,2384	0.000000	-183739.017300,-183980.744445,-183980.749563	1.000000	1.000000,0.000000,0.000000
0.5	100000	190	3760872209614015365	79638	1674,9332,1930,1662,4446,1165,9371,9473,1142,4428,1658,1952,9306,1769,20330	3882,8874,2307	0.000000	-183831.500832,-184086.522022,-184086.528168	1.000000	1.000000,0.000000,0.000000
0.5	100000	191	12631302207136891543	79607	1660,9266,1968,1682,4440,1170,9452,9591,1126,4501,1710,1942,9372,1690,20037	3910,8941,2296	0.000000	-184022.865520,-184286.150477,-184286.156570	1.000000	1.000000,0.000000,0.000000
0.5	100000	192	3879249898879306760	79870	1736,9376,1967,1704,4470,1133,9494,9527,1103,4415,1721,1892,9302,1703,20327	3859,8885,2236	0.000000	-184325.533556,-184578.697966,-184578.704745	1.000000	1.000000,0.000000,0.000000
0.5	100000	193	1433075276069425548	79871	1715,9542,1969,1670,4347,1140,9288,9592,1126,4360,1629,1977,9486,1717,20313	3946,8707,2266	0.000000	-184174.124669,-184463.850505,-184463.856655	1.000000	1.000000,0.000000,0.000000
0.5	100000	194	12178757204293767049	79765	1712,9508,1908,1640,4438,1143,9445,9244,1101,4402,1770,1941,9445,1689,20379	3849,8840,2244	0.000000	-183937.629600,-184191.523441,-184191.530046	1.000000	1.000000,0.000000,0.000000
0.5	100000	195	2490128629031664547	79813	1672,9458,2001,1683,4316,1212,9457,9399,1082,4367,1717,1928,9470,1724,20327	3929,8683,2294	0.000000	-184166.781400,-184440.517029,-184440.523022	1.000000	1.000000,0.000000,0.000000
0.5	100000	196	8715149364497319197	79649	1661,9342,1948,1641,4369,1178,9361,9464,1102,4421,1690,1945,9453,1703,20371	3893,8790,2280	0.000000	-183604.550454,-183875.863263,-183875.869408	1.000000	1.000000,0.000000,0.000000
0.5	100000	197	14494521795810106700	79813	1711,9307,1960,1665,4359,1139,9580,9430,1122,4407,1686,1886,9612,1692,20257	3846,8766,2261	0.000000	-184011.006566,-184265.160858,-184265.166906	1.000000	1.000000,0.000000,0.000000
0.5	100000	198	3060625860932878601	79695	1750,9462,1975,1683,4389,1161,9424,9458,1170,4463,1702,1943,9302,1642,20171	3918,8852,2331	0.000000	-184190.656971,-184449.978228,-184449.984065	1.000000	1.000000,0.000000,0.000000
0.5	100000	199	18135101091171284268	79712	1667,9394,1974,1749,4373,1119,9373,9345,1139,4415,1688,2002,9400,1655,20419	3976,8788,2258	0.000000	-183893.102586,-184192.570214,-184192.576917	1.000000	1.000000,0.000000,0.000000
1	100	0	10603597106884779726	81	0,12,2,1,9,0,14,10,3,8,0,1,11,1,9	3,17,3	0.000000	-184.690625,-184.693414,-184.690625	0.500000	0.336667,0.266667,0.396667
1	100	1	5532068861287236793	88	1,13,2,2,7,3,9,13,2,6,0,2,13,4,11	4,13,5	0.000000	-213.315069,-213.315068,-213.286667	0.000000	0.258333,0.148333,0.593333
1	100	2	304344616079249850	86	4,12,0,1,8,3,10,8,1,4,2,0,13,2,18	0,12,4	0.000000	-200.014159,-199.972717,-199.282338	0.000000	0.010000,0.240000,0.750000
1	100	3	5852181598647046896	90	2,15,3,1,5,2,13,8,0,10,1,2,12,1,15	5,15,2	0.000000	-208.970165,-209.349303,-209.349307	1.000000	0.708333,0.198333,0.093333
1	100	4	1370177815790834877	84	2,8,3,2,6,1,13,10,5,8,2,3,10,0,11	6,14,6	0.000000	-208.256226,-208.256226,-208.218536	0.000000	0.286667,0.166667,0.546667
1	100	5	14182755230105445208	90	2,9,0,4,9,4,10,15,2,7,3,3,6,1,15	3,16,6	0.000000	-221.258493,-221.149413,-220.927514	0.000000	0.030000,0.615000,0.355000
1	100	6	18378559229090668041	82	4,11,3,0,9,2,10,9,1,5,0,1,11,2,14	4,14,3	0.000000	-193.374502,-193.374496,-193.374508	0.000000	0.280000,0.480000,0.240000
1	100	7	4373705825776067110	84	1,8,2,1,12,0,10,14,1,6,0,2,9,3,15	4,18,1	0.000000	-193.503441,-193.580937,-193.708721	1.000000	0.320000,0.655000,0.025000
1	100	8	16399932325983226214	82	2,8,2,3,7,0,11,11,1,10,2,1,9,2,13	3,17,1	0.000000	-195.881174,-195.570278,-195.952352	0.000000	0.190000,0.780000,0.030000
1	100	9	12024058817485023890	84	3,12,2,2,10,0,8,11,0,13,2,1,5,5,10	3,23,0	0.000000	-204.853014,-203.242547,-204.853015	0.000000	0.045000,0.955000,0.000000
1	100	10	5946137074076780556	83	2,12,3,0,11,2,8,10,2,6,1,1,9,2,14	4,17,4	0.000000	-197.757050,-197.753419,-197.757049	0.000000	0.240000,0.475000,0.285000
1	100	11	9937283726630313349	85	1,14,3,2,6,1,14,10,2,6,0,4,10,0,12	7,12,3	0.000000	-200.661048,-201.568526,-201.568530	1.000000	0.868333,0.018333,0.113333
1	100	12	13992065576548943154	87	1,11,2,1,11,1,6,11,2,10,1,3,16,1,10	5,21,3	0.000000	-205.003790,-205.003790,-205.003790	0.500000	0.343333,0.568333,0.088333
1	100	13	10889900412006184765	83	3,10,2,1,6,0,9,9,5,9,0,3,15,2,9	5,15,5	0.000000	-203.005143,-203.005142,-203.005144	0.000000	0.355000,0.335000,0.310000
1	100	14	11238487282258707491	88	1,8,2,2,12,0,9,15,1,9,2,1,15,1,10	3,21,1	0.000000	-203.579539,-203.579539,-203.579542	0.500000	0.375000,0.555000,0.070000
1	100	15	1223289716517749259	92	2,11,4,1,13,2,9,9,1,6,6,4,12,4,8	8,19,3	0.000000	-234.703937,-234.706403,-234.706404	1.000000	0.430000,0.545000,0.025000
1	100	16	13014853456048832159	88	2,7,1,3,12,1,11,11,0,11,4,3,9,1,12	4,23,1	0.000000	-212.538661,-211.363525,-212.538669	0.000000	0.066667,0.916667,0.016667
1	100	17	2632319489080091546	86	1,8,2,2,7,1,11,12,1,11,1,0,11,0,18	2,18,2	0.000000	-192.474906,-192.161454,-192.474904	0.000000	0.140000,0.685000,0.175000
1	100	18	15976299643910069425	89	4,10,2,2,8,2,9,10,2,12,1,1,14,2,10	3,20,4	0.000000	-216.931442,-216.930115,-216.931443	0.000000	0.148333,0.613333,0.238333
1	100	19	9443321265689726301	89	1,13,2,1,8,3,9,5,0,9,1,3,9,2,23	5,17,3	0.000000	-206.304302,-205.480636,-206.588214	0.000000	0.200000,0.730000,0.070000
1	100	20	16584736335956527571	87	3,13,1,0,3,1,12,12,2,7,2,1,20,2,8	2,10,3	0.000000	-203.291816,-203.291814,-203.257699	0.000000	0.311667,0.156667,0.531667
1	100	21	14082002243506699004	84	1,8,2,2,7,2,12,6,1,10,0,2,11,2,18	4,17,3	0.000000	-197.184863,-196.915635,-197.300194	0.000000	0.270000,0.575000,0.155000
1	100	22	15255156231103483255	81	0,10,0,2,13,1,13,6,1,2,1,1,19,0,12	1,15,2	0.000000	-176.814949,-176.876293,-176.814930	0.000000	0.181667,0.391667,0.426667
1	100	23	14797147368118428006	88	3,15,1,1,4,4,12,9,2,9,0,1,14,0,13	2,13,6	0.000000	-205.342952,-205.369954,-204.515536	0.000000	0.090000,0.060000,0.850000
1	100	24	10411456763985520429	86	2,12,1,3,5,0,11,11,2,13,1,1,8,2,14	2,18,2	0.000000	-202.899376,-202.662139,-202.899376	0.000000	0.135000,0.705000,0.160000
1	100	25	4305006136013766323	92	3,10,2,2,8,4,15,9,2,7,0,1,11,0,18	3,15,6	0.000000	-216.837004,-216.837001,-216.200840	0.000000	0.131667,0.166667,0.701667
1	100	26	7618837135166889560	86	1,8,0,0,10,4,7,9,2,9,3,0,19,1,13	0,19,6	0.000000	-198.680212,-198.655171,-198.655172	0.000000	0.000000,0.565000,0.435000
1	100	27	3954183751037000839	83	1,11,0,1,7,1,12,7,0,13,0,4,18,0,8	4,20,1	0.000000	-185.596729,-185.596729,-185.596736	0.500000	0.473333,0.493333,0.033333
1	100	28	10638237086576441565	86	0,6,3,2,8,1,10,15,1,10,1,1,8,3,17	4,18,2	0.000000	-200.560397,-200.049787,-200.652673	0.000000	0.216667,0.751667,0.031667
1	100	29	831091226747063185	84	2,13,3,1,5,0,10,8,1,14,2,1,10,2,12	4,19,1	0.000000	-198.575966,-198.500558,-198.601861	0.000000	0.293333,0.698333,0.008333
1	100	30	5517241198324460464	84	3,12,0,2,10,1,5,14,1,8,0,0,14,0,14	0,18,2	0.000000	-187.127634,-187.057238,-186.952194	0.000000	0.036667,0.651667,0.311667
1	100	31	2895795628932229122	87	1,13,0,0,10,4,9,9,1,10,0,2,8,0,20	2,20,5	0.000000	-195.004661,-194.598203,-194.237301	0.000000	0.030000,0.535000,0.435000
1	100	32	10445760159035512292	80	0,10,1,3,7,3,12,9,1,6,3,2,9,3,11	3,13,4	0.000000	-196.329353,-196.329351,-196.318507	0.000000	0.210000,0.400000,0.390000
1	100	33	18035199405420156922	82	0,5,3,3,12,1,11,14,1,8,3,1,9,0,11	4,20,2	0.000000	-192.846915,-192.696843,-192.846932	0.000000	0.153333,0.813333,0.033333
1	100	34	8108905071368307012	87	1,13,3,1,7,3,10,15,0,12,2,1,5,3,11	4,19,3	0.000000	-208.931674,-208.931674,-208.931674	0.333333	0.256667,0.641667,0.101667
1	100	35	4620136652106663055	87	4,12,2,0,9,4,11,9,1,5,2,0,11,3,14	2,14,5	0.000000	-209.867856,-209.867846,-209.809649	0.000000	0.106667,0.346667,0.546667
1	100	36	6992540652693775477	91	1,18,3,4,3,0,6,8,2,10,2,2,12,0,20	5,13,2	0.000000	-208.868618,-209.450970,-209.465046	1.000000	0.560000,0.400000,0.040000
1	100	37	4230925535426831709	81	4,11,2,0,9,2,10,8,0,4,3,1,12,3,12	3,13,2	0.000000	-195.809763,-195.809543,-195.809765	0.000000	0.260000,0.565000,0.175000
1	100	38	9914010394485782310	92	1,9,2,0,3,1,5,13,3,14,2,7,17,2,13	9,17,4	0.000000	-224.425653,-224.586702,-224.586707	1.000000	0.656667,0.246667,0.096667
1	100	39	9189769321448287737	90	1,11,1,3,8,1,10,12,3,11,1,1,14,1,12	2,19,4	0.000000	-211.334307,-211.334302,-211.327236	0.000000	0.158333,0.483333,0.358333
1	100	40	1687469973886748964	88	0,9,0,4,9,3,15,9,0,2,1,0,17,3,16	0,11,3	0.000000	-201.136471,-201.136455,-200.751354	0.000000	0.066667,0.216667,0.716667
1	100	41	12005137496179702742	87	2,13,3,3,13,1,12,10,1,6,1,0,10,2,10	3,19,2	0.000000	-207.618830,-207.644533,-207.644534	1.000000	0.316667,0.546667,0.136667
1	100	42	12632092780844092755	84	1,10,1,1,10,0,14,8,2,5,3,3,11,2,13	4,15,2	0.000000	-199.886638,-200.105170,-200.105173	1.000000	0.531667,0.366667,0.101667
1	100	43	6707502208123558776	84	1,6,1,1,9,1,14,10,1,7,4,1,13,1,14	2,16,2	0.000000	-195.433058,-195.396124,-195.433057	0.000000	0.175000,0.585000,0.240000
1	100	44	9861420249487717605	86	0,15,3,3,10,1,11,8,1,2,2,2,13,0,15	5,12,2	0.000000	-198.453042,-198.599877,-198.599891	1.000000	0.723333,0.183333,0.093333
1	100	45	7817054143826844564	89	1,8,3,4,9,0,14,12,2,11,1,2,5,3,14	5,20,2	0.000000	-214.646690,-214.019539,-214.646691	0.000000	0.053333,0.923333,0.023333
1	100	46	9604075247499545707	89	0,9,1,1,8,1,12,14,3,9,1,5,11,2,12	6,17,4	0.000000	-212.639579,-212.718590,-212.718590	1.000000	0.621667,0.246667,0.131667
1	100	47	4853530148876106940	89	1,11,1,2,5,2,13,11,4,4,2,1,15,3,14	2,9,6	0.000000	-213.291828,-213.291822,-212.233646	0.000000	0.073333,0.023333,0.903333
1	100	48	1090323343619319151	90	2,13,4,6,12,2,12,9,2,4,2,2,9,0,11	6,16,4	0.000000	-223.903846,-223.903845,-223.903851	0.000000	0.413333,0.403333,0.183333
1	100	49	13783280631337620692	85	3,12,1,2,8,1,9,9,2,3,2,2,14,1,16	3,11,3	0.000000	-200.519893,-200.519893,-200.519893	0.500000	0.413333,0.228333,0.358333
1	100	50	13097959296559926326	87	1,9,0,0,10,1,10,13,1,8,1,2,14,5,12	2,18,2	0.000000	-202.460566,-202.460558,-202.460566	0.000000	0.185000,0.645000,0.170000
1	100	51	11292016015936921248	86	1,8,5,3,9,0,11,11,1,12,3,1,13,0,8	6,21,1	0.000000	-207.021249,-207.021249,-207.021258	0.500000	0.311667,0.631667,0.056667
1	100	52	13392585071690031824	87	1,9,2,1,6,3,13,7,2,13,2,1,13,1,13	3,19,5	0.000000	-207.135576,-207.135574,-207.041826	0.000000	0.121667,0.506667,0.371667
1	100	53	13202373325285509982	86	1,12,1,2,10,1,10,11,2,8,3,1,10,1,13	2,18,3	0.000000	-202.653801,-202.621015,-202.653798	0.000000	0.130000,0.655000,0.215000
1	100	54	10783140973123241168	85	3,11,1,0,11,1,12,8,0,5,6,2,11,1,13	3,16,1	0.000000	-204.009498,-203.984082,-204.123044	0.000000	0.275000,0.660000,0.065000
1	100	55	8246965035466705109	80	0,9,1,1,10,1,11,9,0,10,0,3,15,2,8	4,20,1	0.000000	-182.497595,-182.497595,-182.497601	0.500000	0.460000,0.520000,0.020000
1	100	56	13105942863231400628	90	0,11,5,2,8,1,8,5,6,11,0,3,16,1,13	8,19,7	0.000000	-220.233310,-220.233310,-220.233311	0.333333	0.400000,0.410000,0.190000
1	100	57	2356663616055378770	83	0,12,2,1,5,1,10,12,3,10,2,1,11,4,9	3,15,4	0.000000	-200.709037,-200.709036,-200.669010	0.000000	0.276667,0.321667,0.401667
1	100	58	2623835755311859080	90	2,7,1,1,11,3,11,14,2,4,1,3,11,1,18	4,15,5	0.000000	-212.256239,-212.289475,-212.202912	0.000000	0.316667,0.276667,0.406667
1	100	59	16989782034209440780	87	1,6,2,1,6,2,12,18,0,5,1,3,17,2,11	5,11,2	0.000000	-202.842306,-203.405762,-203.405764	1.000000	0.818333,0.073333,0.108333
1	100	60	15667415317186027005	89	0,8,6,0,5,2,16,16,1,12,0,4,10,1,8	10,17,3	0.000000	-211.116548,-211.116548,-211.116556	1.000000	0.833333,0.133333,0.033333
1	100	61	6976881624959620223	83	3,8,0,0,8,1,6,9,1,7,2,3,13,2,20	3,15,2	0.000000	-192.197024,-191.238536,-192.197026	0.000000	0.120000,0.750000,0.130000
1	100	62	9627324945803602164	87	2,13,1,4,9,1,11,5,2,8,3,5,7,3,13	6,17,3	0.000000	-219.094239,-219.013420,-219.376633	0.000000	0.281667,0.691667,0.026667
1	100	63	9918786761210479752	90	2,13,3,2,8,1,16,6,3,8,2,2,13,2,9	5,16,4	0.000000	-220.588376,-220.604481,-220.604481	1.000000	0.470000,0.225000,0.305000
1	100	64	15143036252943772895	87	1,8,0,2,13,2,13,11,1,5,1,2,8,3,17	2,18,3	0.000000	-203.361047,-202.733859,-203.357777	0.000000	0.138333,0.703333,0.158333
1	100	65	5703390829835310936	81	3,5,2,7,8,0,14,8,2,7,1,1,12,1,10	3,15,2	0.000000	-200.158294,-200.062002,-200.158296	0.000000	0.155000,0.775000,0.070000
1	100	66	17779505967335508845	90	3,11,2,1,8,0,11,12,4,9,0,1,9,0,19	3,17,4	0.000000	-206.788367,-206.729918,-206.757045	0.000000	0.181667,0.521667,0.296667
1	100	67	14678487176477912722	90	1,10,2,1,5,1,16,14,0,8,1,3,12,2,14	5,13,1	0.000000	-206.051769,-206.920828,-206.920832	1.000000	0.835000,0.085000,0.080000
1	100	68	8044080076204550861	84	0,9,3,2,7,0,10,12,2,11,1,2,10,3,12	5,18,2	0.000000	-200.575916,-200.767812,-200.767814	1.000000	0.488333,0.473333,0.038333
1	100	69	3718160669056563187	88	1,11,0,5,11,1,11,8,4,9,3,1,14,0,9	1,20,5	0.000000	-211.878528,-211.875579,-211.878510	0.000000	0.033333,0.763333,0.203333
1	100	70	7421364545616411632	87	4,6,1,3,11,0,7,10,2,9,2,5,12,1,14	6,20,2	0.000000	-215.213789,-214.738361,-215.596185	0.000000	0.160000,0.830000,0.010000
1	100	71	11501836120300470626	84	2,11,3,1,4,1,12,10,0,10,2,1,13,2,12	4,14,1	0.000000	-197.624392,-198.035305,-198.035309	1.000000	0.676667,0.241667,0.081667
1	100	72	3388910893433817004	80	2,6,0,2,8,0,11,17,2,5,1,2,12,1,11	2,13,2	0.000000	-184.802615,-184.819192,-184.802615	0.500000	0.378333,0.293333,0.328333
1	100	73	12411646129973778813	90	0,13,1,2,4,1,10,10,0,11,4,3,11,0,20	4,15,1	0.000000	-203.468841,-203.397013,-203.472101	0.000000	0.373333,0.583333,0.043333
1	100	74	13257021557423771695	85	3,15,2,1,7,0,8,12,4,5,1,3,11,1,12	5,12,4	0.000000	-204.514605,-204.520807,-204.509925	0.000000	0.448333,0.128333,0.423333
1	100	75	4053531932747958572	88	3,9,3,2,6,2,9,12,1,10,2,1,11,0,17	4,16,3	0.000000	-209.312908,-209.278628,-209.379443	0.000000	0.281667,0.576667,0.141667
1	100	76	12192201647810471588	87	5,14,0,1,10,0,16,10,0,4,3,4,12,1,7	4,14,0	0.000000	-208.759758,-208.985899,-208.985905	1.000000	0.710000,0.245000,0.045000
1	100	77	14363934267996802588	94	1,10,2,3,7,1,14,20,1,5,0,3,14,1,12	5,12,2	0.000000	-216.563776,-216.806815,-216.806817	1.000000	0.771667,0.081667,0.146667
1	100	78	16282532429172273459	91	5,10,2,0,10,4,10,15,1,8,1,2,10,2,11	4,18,5	0.000000	-221.642903,-221.642896,-221.642898	0.000000	0.220000,0.440000,0.340000
1	100	79	2305904584763486007	80	0,14,2,1,6,3,14,8,2,10,1,0,10,1,8	2,16,5	0.000000	-186.745209,-186.745204,-186.679937	0.000000	0.081667,0.281667,0.636667
1	100	80	6557736829447020118	88	2,15,2,1,8,1,8,11,1,9,2,1,4,1,22	3,17,2	0.000000	-201.706156,-200.623586,-201.775141	0.000000	0.165000,0.750000,0.085000
1	100	81	3117974164706269877	89	1,11,5,1,9,1,7,14,1,8,1,4,11,2,13	9,17,2	0.000000	-214.832546,-215.883879,-215.883889	1.000000	0.888333,0.108333,0.003333
1	100	82	8875323132105899038	83	3,6,2,1,9,2,10,11,2,6,2,1,9,2,17	3,15,4	0.000000	-199.474791,-199.035719,-199.472668	0.000000	0.150000,0.680000,0.170000
1	100	83	5414752674709729772	85	0,15,1,0,10,3,13,7,0,10,1,6,7,0,12	7,20,3	0.000000	-199.006053,-199.277685,-199.277687	1.000000	0.698333,0.233333,0.068333
1	100	84	11359592658173362290	86	1,14,1,3,10,0,13,5,0,13,1,2,8,2,13	3,23,0	0.000000	-199.297945,-198.471382,-199.319064	0.000000	0.088333,0.908333,0.003333
1	100	85	7283531684099041920	84	1,8,2,0,5,0,9,10,3,11,1,3,10,4,17	5,16,3	0.000000	-199.991508,-199.842386,-200.016514	0.000000	0.328333,0.593333,0.078333
1	100	86	2202653883521724170	89	2,12,0,1,12,3,10,12,2,8,4,1,8,3,11	1,20,5	0.000000	-216.932590,-216.817670,-216.817672	0.000000	0.003333,0.698333,0.298333
1	100	87	5961616876041331726	88	1,8,1,0,9,0,12,6,3,13,1,1,14,1,18	2,22,3	0.000000	-198.062850,-197.303981,-197.972021	0.000000	0.053333,0.723333,0.223333
1	100	88	4002570655239257097	86	3,12,0,3,7,1,9,11,1,13,1,0,9,1,15	0,20,2	0.000000	-198.972317,-198.034078,-198.732400	0.000000	0.003333,0.843333,0.153333
1	100	89	2554212262070945997	87	4,10,1,2,7,4,7,7,0,13,3,2,6,1,20	3,20,4	0.000000	-212.634295,-209.155084,-212.624820	0.000000	0.020000,0.980000,0.000000
1	100	90	4619921056965991035	90	1,17,3,1,9,0,12,8,1,7,1,1,7,1,21	4,16,1	0.000000	-200.371098,-201.164268,-201.325738	1.000000	0.576667,0.371667,0.051667
1	100	91	1903763557438305149	90	0,10,0,4,6,1,10,7,1,11,2,2,16,3,17	2,17,2	0.000000	-210.656103,-210.143366,-210.656105	0.000000	0.106667,0.796667,0.096667
1	100	92	12237535478214085125	82	0,12,1,3,9,0,8,10,3,14,2,1,11,1,7	2,23,3	0.000000	-193.251209,-193.247732,-193.251206	0.000000	0.055000,0.845000,0.100000
1	100	93	13820968052190196376	86	0,10,3,3,7,1,11,9,2,10,2,1,15,0,12	4,17,3	0.000000	-202.006257,-202.006253,-202.006259	0.000000	0.373333,0.453333,0.173333
1	100	94	9880501696384895965	85	2,9,2,1,11,1,9,10,2,13,2,2,6,3,12	4,24,3	0.000000	-206.961564,-205.872408,-206.961564	0.000000	0.023333,0.968333,0.008333
1	100	95	6197732459743942198	84	0,3,0,2,10,1,14,9,1,8,2,3,12,1,18	3,18,2	0.000000	-192.010406,-191.258415,-192.010411	0.000000	0.113333,0.823333,0.063333
1	100	96	2252645648708084389	86	0,10,1,2,6,0,11,11,1,8,4,6,5,5,16	7,14,1	0.000000	-210.461983,-210.973016,-211.414453	1.000000	0.568333,0.428333,0.003333
1	100	97	15717639035529182309	86	1,15,0,1,8,1,12,13,2,3,3,1,9,2,15	1,11,3	0.000000	-197.979312,-197.979303,-197.739064	0.000000	0.126667,0.156667,0.716667
1	100	98	15656040992403533333	85	1,11,3,5,7,0,11,12,0,11,2,0,12,0,10	3,18,0	0.000000	-198.502084,-198.502081,-198.502099	0.000000	0.336667,0.556667,0.106667
1	100	99	13315648768903497674	86	1,12,1,3,11,3,7,13,0,6,1,2,10,0,16	3,17,3	0.000000	-199.436108,-199.396634,-199.436108	0.000000	0.238333,0.558333,0.203333
1	100	100	7469110697511341923	87	1,9,1,0,10,1,15,9,2,9,1,2,14,0,13	3,19,3	0.000000	-196.648246,-196.657022,-196.648246	0.500000	0.340000,0.325000,0.335000
1	100	101	12796314260422863073	83	3,12,2,2,10,2,7,8,1,5,1,2,12,3,13	4,15,3	0.000000	-201.695508,-201.637943,-201.695507	0.000000	0.220000,0.625000,0.155000
1	100	102	15867998410469603945	81	1,9,1,2,7,2,17,9,0,7,1,1,9,2,13	2,14,2	0.000000	-186.995085,-186.995084,-186.995085	0.000000	0.261667,0.516667,0.221667
1	100	103	16876663243576854186	86	0,12,3,3,12,1,9,9,1,4,2,4,8,3,15	7,16,2	0.000000	-209.766676,-210.607812,-210.681050	1.000000	0.601667,0.371667,0.026667
1	100	104	9771548962448731712	88	1,17,2,0,6,2,13,9,0,11,4,1,8,2,12	3,17,2	0.000000	-207.133611,-207.194634,-207.194636	1.000000	0.376667,0.501667,0.121667
1	100	105	987157183432206880	90	1,12,2,3,11,2,12,10,3,8,1,1,8,2,14	3,19,5	0.000000	-217.088304,-217.059075,-216.880583	0.000000	0.105000,0.550000,0.345000
1	100	106	13533646635811302757	92	0,12,2,2,12,0,14,9,2,13,2,4,9,2,9	6,25,2	0.000000	-220.073148,-220.073148,-220.073150	0.500000	0.300000,0.680000,0.020000
1	100	107	4432175804835108238	87	6,17,4,0,6,1,8,7,3,8,3,3,8,3,10	7,14,4	0.000000	-219.228701,-219.236183,-219.228705	1.000000	0.435000,0.435000,0.130000
1	100	108	648529757216475921	86	2,9,0,0,8,1,10,17,2,11,3,1,14,2,6	1,19,3	0.000000	-201.571518,-201.571516,-201.571516	0.000000	0.060000,0.570000,0.370000
1	100	109	3311089720804010977	83	2,14,1,3,7,2,6,9,1,3,3,3,12,0,17	4,10,3	0.000000	-195.246925,-195.489442,-195.489447	1.000000	0.536667,0.296667,0.166667
1	100	110	1602049358683109771	86	3,10,0,1,5,2,9,12,1,12,0,1,15,4,11	1,17,3	0.000000	-202.128289,-202.128278,-202.128282	0.000000	0.126667,0.611667,0.261667
1	100	111	18401296971733208810	88	2,12,3,0,8,3,7,11,3,11,0,0,7,1,20	3,19,6	0.000000	-204.889452,-204.463227,-204.666610	0.000000	0.023333,0.543333,0.433333
1	100	112	17592014763057939180	86	2,12,2,1,11,1,10,9,0,11,3,1,11,2,10	3,22,1	0.000000	-203.581635,-203.416962,-203.581636	0.000000	0.175000,0.805000,0.020000
1	100	113	4960040209087963760	84	5,15,0,1,6,1,10,6,2,7,3,3,11,1,13	3,13,3	0.000000	-203.322888,-203.322711,-203.322887	0.000000	0.201667,0.511667,0.286667
1	100	114	7072864032888903097	87	1,11,2,2,11,2,8,11,1,6,1,3,13,1,14	5,17,3	0.000000	-206.250282,-206.520697,-206.520698	1.000000	0.491667,0.371667,0.136667
1	100	115	1444471174654048080	87	2,8,1,2,11,4,11,9,1,10,1,3,9,2,13	4,21,5	0.000000	-212.656316,-212.432583,-212.656298	0.000000	0.138333,0.738333,0.123333
1	100	116	14292887460492758307	88	0,9,0,2,16,1,5,12,0,9,3,2,21,0,8	2,25,1	0.000000	-198.366610,-198.358586,-198.366601	0.000000	0.035000,0.890000,0.075000
1	100	117	5218923027113614522	84	1,8,4,1,8,1,10,12,1,10,1,2,7,2,16	6,18,2	0.000000	-198.942893,-199.133235,-199.411908	1.000000	0.428333,0.558333,0.013333
1	100	118	12615141423276193458	87	3,12,1,2,8,2,9,7,2,8,0,1,9,1,22	2,16,4	0.000000	-200.800728,-199.866121,-200.397871	0.000000	0.028333,0.733333,0.238333
1	100	119	16901853449773655911	89	0,18,6,2,3,0,13,11,2,3,1,1,14,1,14	7,6,2	1.000000	-203.879795,-205.950969,-205.950973	1.000000	0.963333,0.013333,0.023333
1	100	120	12432619059393050624	85	2,12,2,0,6,2,4,9,1,7,0,2,18,0,20	4,13,3	0.000000	-186.420618,-186.420618,-186.352173	0.000000	0.230000,0.445000,0.325000
1	100	121	947999899249607116	85	2,4,2,1,11,3,10,12,1,5,1,6,14,2,11	8,16,4	0.000000	-210.633543,-211.024478,-211.024478	1.000000	0.705000,0.210000,0.085000
1	100	122	16106778507166660605	82	5,10,3,2,5,0,8,6,1,8,2,3,11,0,18	6,13,1	0.000000	-196.094486,-196.566532,-197.120821	1.000000	0.471667,0.506667,0.021667
1	100	123	5064380073922297054	91	2,16,2,1,6,1,12,10,2,5,2,3,9,4,16	5,11,3	0.000000	-218.314352,-218.449568,-218.449569	1.000000	0.615000,0.150000,0.235000
1	100	124	12054476590318211211	86	2,9,2,1,10,3,9,10,3,6,2,1,14,1,13	3,16,6	0.000000	-207.954774,-207.954774,-207.586511	0.000000	0.095000,0.270000,0.635000
1	100	125	17476695319654361271	85	3,9,2,4,4,3,10,13,0,11,0,1,10,0,15	3,15,3	0.000000	-201.432276,-201.425079,-201.431253	0.000000	0.295000,0.470000,0.235000
1	100	126	13262748878076247228	92	1,8,3,3,6,2,12,13,1,7,1,2,19,1,13	5,13,3	0.000000	-217.682348,-217.915097,-217.915099	1.000000	0.698333,0.083333,0.218333
1	100	127	2468519240046472632	90	1,10,1,2,15,1,12,9,1,5,1,1,11,1,19	2,20,2	0.000000	-203.788357,-203.022519,-203.788357	0.000000	0.101667,0.826667,0.071667
1	100	128	2117469749717062508	90	3,17,4,3,14,3,8,8,0,4,0,3,7,1,15	7,18,3	0.000000	-218.524063,-218.621098,-218.680335	1.000000	0.528333,0.423333,0.048333
1	100	129	7107033922730353205	84	0,10,3,0,10,1,12,9,2,7,0,1,8,2,19	4,17,3	0.000000	-190.087447,-190.034427,-190.155013	0.000000	0.331667,0.516667,0.151667
1	100	130	13890327491939547974	85	2,11,1,2,10,3,5,11,0,6,1,5,17,1,10	6,16,3	0.000000	-204.871058,-204.871058,-204.871058	0.500000	0.518333,0.388333,0.093333
1	100	131	5775054233478282079	82	1,5,4,1,10,1,6,7,1,9,1,1,13,3,19	5,19,2	0.000000	-194.248378,-192.401101,-194.450147	0.000000	0.143333,0.853333,0.003333
1	100	132	8390238012379602675	85	2,10,0,3,2,0,15,13,6,6,0,4,16,1,7	4,8,6	0.000000	-207.316014,-207.316015,-206.966270	0.000000	0.250000,0.040000,0.710000
1	100	133	6176342162091532546	85	3,11,1,2,6,1,16,13,0,7,1,4,8,0,12	5,13,1	0.000000	-198.070217,-198.353915,-198.353919	1.000000	0.760000,0.165000,0.075000
1	100	134	17612773113061349701	83	3,10,0,2,6,0,10,7,3,9,1,2,16,3,11	2,15,3	0.000000	-199.242415,-199.242413,-199.218199	0.000000	0.120000,0.580000,0.300000
1	100	135	17977405750398985855	89	1,11,1,1,8,4,13,8,2,7,1,6,11,1,14	7,15,6	0.000000	-217.380533,-217.589155,-217.584570	1.000000	0.536667,0.071667,0.391667
1	100	136	9187939840274785259	77	1,14,3,1,11,3,10,9,1,7,1,1,5,2,8	4,18,4	0.000000	-186.531013,-186.531148,-186.531013	0.500000	0.226667,0.546667,0.226667
1	100	137	10198497935569796893	88	2,11,0,1,15,1,8,7,2,7,2,2,13,5,12	2,22,3	0.000000	-212.538655,-211.671502,-212.538656	0.000000	0.003333,0.963333,0.033333
1	100	138	11266150871491669083	87	1,9,1,0,11,2,11,11,3,5,2,0,13,4,14	1,16,5	0.000000	-205.742882,-205.742870,-205.456521	0.000000	0.041667,0.456667,0.501667
1	100	139	5882740519724514946	85	1,12,1,2,8,4,7,13,1,9,0,0,6,1,20	1,17,5	0.000000	-194.478566,-193.926984,-193.106555	0.000000	0.020000,0.470000,0.510000
1	100	140	13598939293791463249	88	2,12,1,1,8,1,9,14,0,5,2,0,15,3,15	1,13,1	0.000000	-200.371897,-200.371893,-200.371896	0.000000	0.336667,0.416667,0.246667
1	100	141	1297116115069752352	89	0,10,4,1,7,3,8,13,1,10,1,2,11,1,17	6,17,4	0.000000	-209.676903,-210.026971,-210.026972	1.000000	0.581667,0.216667,0.201667
1	100	142	9366518097412151065	88	0,10,3,1,7,1,8,11,0,13,2,4,13,3,12	7,20,1	0.000000	-210.524504,-210.761299,-210.761306	1.000000	0.566667,0.416667,0.016667
1	100	143	1307301593201047817	85	1,10,2,2,11,0,11,7,2,12,6,2,8,2,9	4,23,2	0.000000	-210.162648,-209.419928,-210.206602	0.000000	0.073333,0.923333,0.003333
1	100	144	5278972267381500949	84	1,14,1,0,8,2,9,15,0,4,0,1,12,2,15	2,12,2	0.000000	-184.336194,-184.336188,-184.336194	0.000000	0.343333,0.183333,0.473333
1	100	145	18437769949536735864	91	1,9,2,2,10,0,13,7,2,9,0,3,14,2,17	5,19,2	0.000000	-212.046603,-212.325553,-212.440842	1.000000	0.496667,0.481667,0.021667
1	100	146	13358086652740524141	84	3,9,1,4,9,2,11,9,0,12,1,3,9,2,9	4,21,2	0.000000	-206.475863,-206.258828,-206.493622	0.000000	0.161667,0.786667,0.051667
1	100	147	2997419260277534320	84	0,13,0,1,7,2,13,12,1,7,3,3,10,3,9	3,14,3	0.000000	-200.809875,-200.809876,-200.807576	0.000000	0.421667,0.241667,0.336667
1	100	148	498151040152792453	87	3,10,2,1,9,2,12,9,2,10,0,2,13,1,11	4,19,4	0.000000	-207.256924,-207.256922,-207.256924	0.000000	0.268333,0.373333,0.358333
1	100	149	10147185399825465739	88	1,8,0,2,12,2,7,12,1,9,1,1,13,0,19	1,21,3	0.000000	-197.186992,-196.109647,-197.128477	0.000000	0.008333,0.808333,0.183333
1	100	150	9476733252337929969	82	3,7,1,2,15,3,7,10,0,6,3,2,10,1,12	3,21,3	0.000000	-200.548025,-199.632939,-200.548025	0.000000	0.073333,0.893333,0.033333
1	100	151	1685738996611582942	83	1,9,3,4,12,0,7,11,2,4,6,0,11,0,13	3,16,2	0.000000	-200.910966,-200.550244,-200.910970	0.000000	0.090000,0.840000,0.070000
1	100	152	1635204083913838273	90	3,11,2,0,11,2,10,4,1,11,1,3,14,3,14	5,22,3	0.000000	-215.283362,-214.751245,-215.283372	0.000000	0.056667,0.916667,0.026667
1	100	153	5360354602803228590	82	4,8,1,1,8,1,12,5,1,8,2,1,16,1,13	2,16,2	0.000000	-193.605088,-193.495962,-193.605086	0.000000	0.146667,0.671667,0.181667
1	100	154	15835686824142064318	82	2,14,0,2,8,2,12,5,2,8,1,3,11,2,10	3,16,4	0.000000	-197.893570,-197.893570,-197.893570	0.333333	0.185000,0.450000,0.365000
1	100	155	77333045586903153	85	2,12,1,2,10,1,9,15,2,8,0,2,11,1,9	3,18,3	0.000000	-199.516072,-199.516072,-199.516072	0.000000	0.311667,0.366667,0.321667
1	100	156	14035791946379337540	83	1,12,1,1,8,1,11,9,1,6,0,2,10,4,16	3,14,2	0.000000	-191.572796,-191.570357,-191.572802	0.000000	0.336667,0.506667,0.156667
1	100	157	1730690391842193211	82	1,12,1,0,6,3,13,13,1,6,3,1,9,3,10	2,12,4	0.000000	-195.501774,-195.501773,-195.373365	0.000000	0.151667,0.161667,0.686667
1	100	158	14616885905100470834	92	3,13,1,4,6,1,12,13,2,8,1,4,10,1,13	5,14,3	0.000000	-223.450025,-223.631669,-223.631671	1.000000	0.493333,0.253333,0.253333
1	100	159	12683102191226219350	87	1,13,0,1,8,3,8,17,1,4,1,3,9,1,17	3,12,4	0.000000	-199.860603,-199.860605,-199.629787	0.000000	0.365000,0.105000,0.530000
1	100	160	7298657508007445465	86	1,15,1,1,7,4,6,13,3,6,2,1,10,1,15	2,13,7	0.000000	-203.772047,-203.772040,-202.837100	0.000000	0.036667,0.121667,0.841667
1	100	161	6468944477626786780	83	1,12,3,3,9,1,9,12,1,7,0,1,9,1,14	4,16,2	0.000000	-193.914545,-194.174198,-194.174201	1.000000	0.533333,0.328333,0.138333
1	100	162	3854661841413644486	83	1,10,6,0,6,3,16,13,2,9,1,2,5,2,7	8,15,5	0.000000	-204.016491,-204.016491,-204.016491	1.000000	0.595000,0.225000,0.180000
1	100	163	4588657330825919017	87	1,13,0,1,5,1,14,13,1,6,0,3,6,1,22	3,11,2	0.000000	-188.486521,-188.904209,-188.904211	1.000000	0.680000,0.190000,0.130000
1	100	164	13343906564634363857	82	1,6,1,3,8,1,13,13,1,9,0,3,8,1,14	4,17,2	0.000000	-190.344826,-190.273170,-190.344827	0.000000	0.240000,0.690000,0.070000
1	100	165	13210910474723561936	94	2,7,3,1,12,0,11,16,2,8,2,1,11,1,17	4,20,2	0.000000	-218.200567,-218.069463,-218.313167	0.000000	0.241667,0.676667,0.081667
1	100	166	11948622701606752207	85	4,15,0,2,9,1,12,7,1,7,1,1,11,1,13	1,16,2	0.000000	-197.934654,-197.915447,-197.905192	0.000000	0.115000,0.585000,0.300000
1	100	167	3103691138694330877	91	2,10,2,2,11,4,10,10,4,7,0,3,12,3,11	5,18,8	0.000000	-227.179262,-227.179260,-227.118382	0.000000	0.163333,0.258333,0.578333
1	100	168	7064324653223781046	81	3,12,2,0,9,1,12,9,0,10,1,2,7,0,13	4,19,1	0.000000	-186.296011,-186.433477,-186.484379	1.000000	0.368333,0.608333,0.023333
1	100	169	15300880902812726915	86	2,16,0,1,4,1,7,12,1,14,4,1,12,1,10	1,18,2	0.000000	-200.432958,-200.432954,-200.432954	0.000000	0.118333,0.598333,0.283333
1	100	170	7182133250422594224	87	0,6,2,1,8,1,14,10,3,6,5,2,10,1,18	4,14,4	0.000000	-205.619610,-205.584126,-205.619606	0.000000	0.151667,0.586667,0.261667
1	100	171	6255122246753199722	84	2,15,2,1,10,0,12,8,1,10,2,3,8,1,9	5,20,1	0.000000	-199.261818,-199.270485,-199.270488	1.000000	0.481667,0.506667,0.011667
1	100	172	15748965177708767648	83	2,7,3,1,8,4,14,6,2,2,0,2,11,1,20	5,10,6	0.000000	-195.813344,-195.972079,-195.586825	0.000000	0.435000,0.080000,0.485000
1	100	173	17383774943090699638	88	4,8,1,1,8,0,12,8,3,12,1,4,12,1,13	5,20,3	0.000000	-212.832085,-212.742906,-212.832089	0.000000	0.218333,0.718333,0.063333
1	100	174	7817768258896109528	84	3,4,4,4,2,3,11,14,1,8,2,1,9,0,18	5,10,4	0.000000	-201.512035,-201.512001,-201.468509	0.000000	0.285000,0.355000,0.360000
1	100	175	9350031872562158861	81	0,8,3,0,9,4,11,11,0,5,2,2,9,1,16	5,14,4	0.000000	-190.296469,-190.400850,-190.355302	1.000000	0.510000,0.125000,0.365000
1	100	176	7529271630784971644	89	3,10,3,0,8,1,8,13,0,3,5,0,12,3,20	3,11,1	0.000000	-208.541857,-208.467993,-208.551895	0.000000	0.395000,0.555000,0.050000
1	100	177	14097848540289899360	86	1,12,0,2,12,0,9,4,3,12,3,3,9,0,16	3,24,3	0.000000	-202.457122,-200.365239,-202.457118	0.000000	0.015000,0.975000,0.010000
1	100	178	6483743427223879338	96	3,19,3,1,7,3,13,10,2,3,2,2,6,3,19	5,10,5	0.000000	-230.425540,-230.441537,-230.383217	0.000000	0.423333,0.083333,0.493333
1	100	179	1940596349429703154	89	1,8,2,0,12,2,15,11,2,6,2,2,11,4,11	4,18,4	0.000000	-214.499744,-214.512108,-214.499743	0.000000	0.278333,0.503333,0.218333
1	100	180	5152446752868696693	84	1,13,3,1,6,2,8,16,2,9,0,0,4,2,17	3,15,4	0.000000	-193.933628,-193.931789,-193.928770	0.000000	0.211667,0.451667,0.336667
1	100	181	15976127892157496919	91	2,13,3,3,10,2,11,11,4,9,3,2,5,1,12	5,19,6	0.000000	-227.101149,-227.099627,-227.100449	0.000000	0.218333,0.528333,0.253333
1	100	182	102276441076785074	87	1,9,0,1,10,2,15,12,6,7,2,4,10,0,8	4,17,8	0.000000	-212.232487,-212.232487,-212.229815	0.000000	0.100000,0.275000,0.625000
1	100	183	2563326439635865045	87	1,7,1,3,11,2,12,7,1,9,1,2,8,2,20	3,20,3	0.000000	-205.596970,-203.385645,-205.596931	0.000000	0.020000,0.960000,0.020000
1	100	184	18189231410682501980	88	1,15,2,3,9,1,14,16,2,3,0,2,9,0,11	4,12,3	0.000000	-203.439320,-203.439325,-203.439325	1.000000	0.495000,0.155000,0.350000
1	100	185	2975249803352729548	89	1,11,0,2,11,2,11,9,3,8,1,0,13,3,14	0,19,5	0.000000	-208.874165,-208.779447,-208.288360	0.000000	0.003333,0.458333,0.538333
1	100	186	181270244666110352	80	0,8,2,0,12,0,11,11,2,6,2,1,11,2,12	3,18,2	0.000000	-184.519303,-184.579621,-184.579621	1.000000	0.276667,0.586667,0.136667
1	100	187	1858272911208366274	90	0,9,1,0,7,0,9,14,2,13,1,2,12,1,19	3,20,2	0.000000	-198.752290,-198.750844,-198.961193	0.000000	0.275000,0.635000,0.090000
1	100	188	5479177199037327144	92	3,11,2,2,11,0,9,11,1,14,2,0,16,2,8	2,25,1	0.000000	-216.184797,-216.097887,-216.184798	0.000000	0.055000,0.915000,0.030000
1	100	189	12306092791761664286	84	0,10,3,1,7,1,10,10,2,5,3,3,13,2,14	6,12,3	0.000000	-201.579469,-202.191505,-202.191509	1.000000	0.713333,0.153333,0.133333
1	100	190	4450829364347959381	90	2,8,2,4,9,3,6,21,0,8,0,1,11,0,15	3,17,3	0.000000	-209.817758,-209.817757,-209.799688	0.000000	0.265000,0.395000,0.340000
1	100	191	21684716211598320	84	1,9,0,0,8,3,11,5,1,12,2,5,12,4,11	5,20,4	0.000000	-205.926315,-205.869808,-205.926318	0.000000	0.190000,0.725000,0.085000
1	100	192	7903402389959235840	91	2,13,5,2,7,2,12,9,3,4,3,1,14,2,12	6,11,5	0.000000	-225.015034,-225.187452,-225.187451	1.000000	0.535000,0.090000,0.375000
1	100	193	10841467515254153795	81	3,10,2,2,10,0,9,5,1,11,0,1,7,2,18	3,21,1	0.000000	-189.536359,-186.222263,-189.536370	0.000000	0.043333,0.953333,0.003333
1	100	194	4143588229316640026	90	1,11,0,3,15,0,8,12,3,8,2,2,7,2,16	2,23,3	0.000000	-213.550480,-212.010913,-213.549489	0.000000	0.023333,0.933333,0.043333
1	100	195	10019300413675256837	85	1,9,4,1,8,1,15,12,1,5,1,4,7,2,14	8,13,2	0.000000	-201.984952,-202.689242,-202.689243	1.000000	0.886667,0.086667,0.026667
1	100	196	13133336179429760009	91	0,17,2,1,11,2,8,13,0,6,0,1,12,3,15	3,17,2	0.000000	-205.070669,-205.070668,-205.070673	0.000000	0.406667,0.376667,0.216667
1	100	197	15154326905109947890	88	2,11,1,2,5,1,12,15,0,5,2,2,11,2,17	3,10,1	0.000000	-202.109436,-202.244311,-202.244322	1.000000	0.636667,0.241667,0.121667
1	100	198	16472996585847734946	83	2,10,2,3,5,0,14,5,2,6,1,2,14,3,14	4,11,2	0.000000	-199.160588,-199.274686,-199.274691	1.000000	0.598333,0.233333,0.168333
1	100	199	642461729221899623	89	0,11,2,3,6,1,6,7,1,15,6,1,11,2,17	3,21,2	0.000000	-214.237746,-211.544861,-214.237747	0.000000	0.030000,0.970000,0.000000
1	1000	0	8497517148363779615	871	18,115,20,11,74,16,120,113,21,52,14,20,107,19,151	40,126,37	0.000000	-2067.071728,-2067.513967,-2067.511108	1.000000	0.690000,0.010000,0.300000
1	1000	1	438377594505482078	859	13,109,20,9,87,18,106,98,15,86,18,16,93,16,155	36,173,33	0.000000	-2032.128588,-2031.724708,-2032.310867	0.000000	0.390000,0.500000,0.110000
1	1000	2	8076966217591220968	843	14,106,25,19,83,20,92,104,14,80,17,20,103,19,127	45,163,34	0.000000	-2043.712195,-2044.708528,-2044.708539	1.000000	0.800000,0.130000,0.070000
1	1000	3	4793927454124083053	850	21,110,17,15,78,13,110,103,15,79,15,13,111,11,139	30,157,28	0.000000	-2003.477047,-2003.500605,-2003.500609	1.000000	0.523333,0.223333,0.253333
1	1000	4	4031035581723090601	880	16,112,22,21,86,14,102,94,12,85,11,28,109,24,144	50,171,26	0.000000	-2115.931533,-2118.423945,-2118.598230	1.000000	0.890000,0.110000,0.000000
1	1000	5	6489045373279318428	862	8,94,19,19,84,18,117,119,11,95,14,19,111,8,126	38,179,29	0.000000	-2024.871023,-2024.871023,-2024.871043	0.000000	0.576667,0.211667,0.211667
1	1000	6	5007866309152388975	847	17,94,19,13,86,13,105,105,8,79,16,21,108,15,148	40,165,21	0.000000	-1998.040164,-2000.670901,-2000.962749	1.000000	0.790000,0.210000,0.000000
1	1000	7	6152612109428354744	867	15,114,17,19,78,12,115,107,19,81,6,15,100,18,151	32,159,31	0.000000	-2037.319935,-2037.378188,-2037.378188	1.000000	0.480000,0.130000,0.390000
1	1000	8	1446949572843339462	870	14,101,15,21,80,9,115,97,16,85,22,19,121,23,132	34,165,25	0.000000	-2084.200083,-2084.588547,-2084.605024	1.000000	0.560000,0.410000,0.030000
1	1000	9	1644634146980430172	859	19,114,17,14,76,20,103,105,15,74,18,22,97,15,150	39,150,35	0.000000	-2054.303694,-2054.533795,-2054.533798	1.000000	0.538333,0.163333,0.298333
1	1000	10	11562236244518994388	849	14,108,12,18,69,13,112,115,17,83,16,19,87,23,143	31,152,30	0.000000	-2020.268049,-2020.263566,-2020.269978	0.000000	0.330000,0.400000,0.270000
1	1000	11	10663309909713926920	860	12,125,17,19,69,17,101,109,9,91,12,23,103,24,129	40,160,26	0.000000	-2050.697217,-2051.920165,-2051.920181	1.000000	0.876667,0.056667,0.066667
1	1000	12	2188634483846917069	864	24,102,23,11,84,12,113,119,16,80,15,16,101,18,130	39,164,28	0.000000	-2062.524091,-2063.270852,-2063.270870	1.000000	0.810000,0.150000,0.040000
1	1000	13	1039115620156549285	852	12,102,27,9,91,17,104,103,16,83,11,19,103,15,140	46,174,33	0.000000	-2021.963945,-2023.430750,-2023.430762	1.000000	0.850000,0.100000,0.050000
1	1000	14	17453841183793402586	856	11,98,17,16,85,12,114,96,13,84,20,20,107,24,139	37,169,25	0.000000	-2042.999564,-2043.664097,-2043.955150	1.000000	0.563333,0.393333,0.043333
1	1000	15	15899613389696590302	841	18,119,13,19,69,19,112,102,14,75,13,23,109,14,122	36,144,33	0.000000	-2010.444469,-2010.565172,-2010.565170	1.000000	0.525000,0.030000,0.445000
1	1000	16	14851169499298156932	854	18,110,14,14,75,10,110,99,13,75,14,22,142,16,122	36,150,23	0.000000	-2012.770263,-2013.524402,-2013.524411	1.000000	0.903333,0.023333,0.073333
1	1000	17	14398887518228230139	844	19,109,14,18,66,20,99,116,13,81,19,18,100,23,129	32,147,33	0.000000	-2035.027971,-2035.027969,-2035.027968	0.000000	0.396667,0.216667,0.386667
1	1000	18	393526086975296410	870	10,106,14,10,90,16,106,115,18,87,17,16,102,14,149	30,177,34	0.000000	-2037.725655,-2037.666285,-2037.428588	0.000000	0.150000,0.290000,0.560000
1	1000	19	16887785592014163091	869	17,120,19,15,86,10,114,116,12,80,16,23,86,9,146	42,166,22	0.000000	-2041.489005,-2044.254807,-2044.254834	1.000000	0.940000,0.060000,0.000000
1	1000	20	1418619843014203842	868	12,108,17,10,75,15,138,103,17,73,15,21,117,11,136	38,148,32	0.000000	-2034.749389,-2035.354631,-2035.354628	1.000000	0.795000,0.000000,0.205000
1	1000	21	8999963506546873310	851	11,100,8,18,81,13,120,115,17,75,24,16,96,20,137	24,156,30	0.000000	-2016.875590,-2016.869617,-2016.586591	0.000000	0.046667,0.326667,0.626667
1	1000	22	5140661836985858325	878	22,109,14,13,101,21,116,100,18,64,13,20,113,14,140	34,165,39	0.000000	-2091.954221,-2091.954216,-2091.603198	0.000000	0.250000,0.130000,0.620000
1	1000	23	17407694525973903328	858	11,93,14,16,81,15,116,118,12,80,17,20,90,15,160	34,161,27	0.000000	-2011.082956,-2010.797435,-2011.270537	0.000000	0.363333,0.523333,0.113333
1	1000	24	15782766004213616571	867	17,115,24,15,72,11,89,108,14,84,21,23,98,19,157	47,156,25	0.000000	-2074.196337,-2077.264762,-2077.564486	1.000000	0.810000,0.190000,0.000000
1	1000	25	6332762108700574459	859	20,113,12,12,89,14,86,108,15,90,16,26,103,15,140	38,179,29	0.000000	-2045.328853,-2045.313159,-2045.720871	0.000000	0.398333,0.568333,0.033333
1	1000	26	2649211411966084618	848	12,96,14,19,77,18,117,114,7,76,14,20,100,18,146	34,153,25	0.000000	-1997.850641,-1998.341355,-1998.341372	1.000000	0.773333,0.133333,0.093333
1	1000	27	16312267252587422456	853	25,96,13,15,80,10,95,109,13,87,15,16,123,21,135	29,167,23	0.000000	-2026.515686,-2026.184345,-2026.531580	0.000000	0.283333,0.653333,0.063333
1	1000	28	3495414904111278660	872	22,116,18,8,74,20,107,100,9,88,13,17,108,22,150	35,162,29	0.000000	-2060.429700,-2060.404644,-2060.430225	0.000000	0.340000,0.470000,0.190000
1	1000	29	10343058458742497998	871	13,104,18,13,121,13,116,100,11,82,14,20,109,11,126	38,203,24	0.000000	-2043.250644,-2044.154303,-2044.186834	1.000000	0.638333,0.358333,0.003333
1	1000	30	9393494888173766377	875	11,118,20,19,87,13,119,102,12,78,17,22,117,15,125	42,165,25	0.000000	-2076.107435,-2077.862615,-2077.862637	1.000000	0.973333,0.013333,0.013333
1	1000	31	6622859045211264785	878	14,104,23,17,78,14,97,134,16,74,13,25,111,17,141	48,152,30	0.000000	-2093.271866,-2096.047842,-2096.047866	1.000000	0.970000,0.000000,0.030000
1	1000	32	10282626130063160061	861	20,101,14,19,88,12,115,103,17,82,12,17,111,14,136	31,170,29	0.000000	-2040.228722,-2040.248087,-2040.254106	1.000000	0.423333,0.363333,0.213333
1	1000	33	2113579283938570277	869	17,104,14,11,88,17,113,111,11,82,15,18,116,14,138	32,170,28	0.000000	-2040.402082,-2040.585630,-2040.585636	1.000000	0.636667,0.186667,0.176667
1	1000	34	10969485716435457876	855	20,137,14,16,86,16,88,88,16,83,14,16,99,14,148	30,169,32	0.000000	-2022.220077,-2021.575840,-2022.130237	0.000000	0.100000,0.680000,0.220000
1	1000	35	3135551586900031934	854	14,111,15,12,83,10,108,98,7,93,16,22,102,11,152	37,176,17	0.000000	-1983.681222,-1986.472489,-1987.122694	1.000000	0.850000,0.150000,0.000000
1	1000	36	10176251883194628607	865	12,123,13,12,86,10,115,113,22,89,19,16,86,16,133	29,175,32	0.000000	-2040.303858,-2040.303854,-2040.180015	0.000000	0.220000,0.250000,0.530000
1	1000	37	15634889479223877939	866	18,119,22,18,79,11,110,88,13,94,19,21,101,25,128	43,173,24	0.000000	-2090.450084,-2091.866148,-2091.995207	1.000000	0.690000,0.310000,0.000000
1	1000	38	5541141927760575663	863	9,122,23,18,87,15,119,95,11,76,15,14,106,11,142	37,163,26	0.000000	-2021.080579,-2022.041302,-2022.041320	1.000000	0.860000,0.050000,0.090000
1	1000	39	18402399647122240507	870	7,100,17,25,104,19,95,110,21,83,24,13,112,25,115	30,187,40	0.000000	-2111.231637,-2111.162688,-2111.231573	0.000000	0.046667,0.591667,0.361667
1	1000	40	222671122196729991	861	15,122,14,15,79,17,124,91,10,87,11,23,96,26,131	37,166,27	0.000000	-2049.847079,-2050.162242,-2050.162255	1.000000	0.640000,0.280000,0.080000
1	1000	41	6592784282852043265	857	19,120,18,10,82,11,109,101,14,77,17,13,120,18,128	31,159,25	0.000000	-2019.435685,-2019.489661,-2019.489665	1.000000	0.646667,0.146667,0.206667
1	1000	42	9624501729986472686	853	25,90,15,21,73,17,100,119,10,92,11,16,105,12,147	31,165,27	0.000000	-2022.315891,-2021.850523,-2022.412408	0.000000	0.243333,0.683333,0.073333
1	1000	43	14164423677592866614	861	18,106,16,19,79,15,107,97,14,93,13,14,111,19,140	30,172,29	0.000000	-2045.163421,-2044.849894,-2045.163422	0.000000	0.213333,0.593333,0.193333
1	1000	44	15909218732241748040	868	20,100,18,14,82,12,91,112,13,82,20,19,114,11,160	37,164,25	0.000000	-2048.929264,-2049.415058,-2050.066676	1.000000	0.570000,0.420000,0.010000
1	1000	45	9146204301287630290	859	18,99,13,16,86,11,101,113,17,79,21,21,98,23,143	34,165,28	0.000000	-2060.247675,-2059.762748,-2060.400271	0.000000	0.246667,0.726667,0.026667
1	1000	46	1129675312213007866	874	19,92,17,10,76,8,107,123,15,81,12,15,124,16,159	32,157,23	0.000000	-2028.284127,-2029.107651,-2029.107679	1.000000	0.663333,0.273333,0.063333
1	1000	47	4892825454526727188	861	8,107,18,10,93,16,101,95,15,91,22,24,103,15,143	42,184,31	0.000000	-2046.157042,-2046.808980,-2047.148910	1.000000	0.593333,0.343333,0.063333
1	1000	48	6606507294926949985	852	15,93,15,15,71,15,108,117,13,81,17,28,104,18,142	43,152,28	0.000000	-2033.073282,-2034.870357,-2034.870380	1.000000	0.930000,0.050000,0.020000
1	1000	49	11942580679641453005	862	20,106,24,13,88,16,94,103,14,91,14,25,117,9,128	49,179,30	0.000000	-2061.656255,-2063.329711,-2063.329718	1.000000	0.930000,0.060000,0.010000
1	1000	50	12134606518014217265	860	23,98,15,14,77,7,98,126,13,96,12,18,102,19,142	33,173,20	0.000000	-2026.735738,-2027.045165,-2027.560399	1.000000	0.456667,0.536667,0.006667
1	1000	51	17178324399963426593	870	18,94,16,21,81,20,105,123,16,73,17,11,116,10,149	27,154,36	0.000000	-2057.608130,-2057.608109,-2056.835172	0.000000	0.030000,0.110000,0.860000
1	1000	52	8767942551414775447	865	15,100,18,14,73,17,94,103,17,78,16,26,119,19,156	44,151,34	0.000000	-2067.447813,-2068.372373,-2068.372385	1.000000	0.700000,0.180000,0.120000
1	1000	53	4095531934519932245	847	17,118,16,13,89,12,93,108,12,80,14,16,98,23,138	32,169,24	0.000000	-2004.604812,-2004.500591,-2004.792216	0.000000	0.410000,0.560000,0.030000
1	1000	54	3721177885580851067	845	13,106,22,17,82,12,95,107,13,89,15,21,99,18,136	43,171,25	0.000000	-2016.181478,-2018.558796,-2018.662471	1.000000	0.780000,0.210000,0.010000
1	1000	55	16278657871043488515	866	13,102,16,13,84,19,101,119,15,72,10,20,108,25,149	36,156,34	0.000000	-2052.878053,-2053.058103,-2053.058104	1.000000	0.460000,0.200000,0.340000
1	1000	56	16047908877569908862	862	19,100,19,10,91,14,113,103,9,86,11,19,118,22,128	38,177,23	0.000000	-2038.569961,-2038.727861,-2038.727895	1.000000	0.613333,0.333333,0.053333
1	1000	57	16418684222218496405	859	16,110,11,13,81,19,110,115,20,92,16,9,83,16,148	20,173,39	0.000000	-2022.411541,-2021.869460,-2020.061284	0.000000	0.000000,0.280000,0.720000
1	1000	58	4579880824946925330	866	14,117,21,18,83,13,110,107,22,92,21,12,96,13,127	33,175,35	0.000000	-2069.744362,-2069.744361,-2069.711387	0.000000	0.281667,0.291667,0.426667
1	1000	59	14133898853049764167	864	17,98,23,21,84,13,95,117,18,94,22,20,88,13,141	43,178,31	0.000000	-2084.801688,-2084.203608,-2085.132197	0.000000	0.323333,0.633333,0.043333
1	1000	60	4330486963823042472	857	23,102,22,20,69,14,101,124,10,89,16,16,103,23,125	38,158,24	0.000000	-2064.558528,-2065.691192,-2065.691215	1.000000	0.876667,0.096667,0.026667
1	1000	61	5965210731404434848	852	12,89,13,16,67,13,123,109,19,78,13,21,107,17,155	34,145,32	0.000000	-2004.954267,-2005.081768,-2005.080952	1.000000	0.550000,0.100000,0.350000
1	1000	62	7862048314120617446	849	13,130,19,17,91,9,85,96,17,73,19,14,112,10,144	33,164,26	0.000000	-1992.526146,-1993.174509,-1993.244782	1.000000	0.660000,0.310000,0.030000
1	1000	63	13148916386367457149	848	20,94,15,18,72,18,116,94,10,84,15,26,109,15,142	41,156,28	0.000000	-2028.997849,-2030.301372,-2030.304148	1.000000	0.840000,0.120000,0.040000
1	1000	64	13605418641519465256	859	19,109,8,12,75,15,109,118,15,79,13,10,110,21,146	18,154,30	0.000000	-2002.749600,-2002.749568,-2002.095070	0.000000	0.050000,0.240000,0.710000
1	1000	65	17448604230323257616	851	14,108,17,16,66,11,121,115,15,81,11,19,99,20,138	36,147,26	0.000000	-2006.681346,-2007.772785,-2007.772803	1.000000	0.896667,0.006667,0.096667
1	1000	66	16569253026329576931	858	20,100,13,17,87,8,101,126,10,77,11,16,103,20,149	29,164,18	0.000000	-2006.715550,-2007.023013,-2007.511294	1.000000	0.556667,0.436667,0.006667
1	1000	67	8253106807745316212	846	18,110,15,20,82,11,100,100,20,77,20,14,106,15,138	29,159,31	0.000000	-2019.969994,-2019.868468,-2019.969990	0.000000	0.213333,0.443333,0.343333
1	1000	68	11263599648650187711	861	11,113,19,27,64,13,111,122,20,59,23,18,107,16,138	37,123,33	0.000000	-2061.340898,-2061.373863,-2061.373856	1.000000	0.543333,0.073333,0.383333
1	1000	69	8103541866086974094	853	9,112,17,16,81,19,111,90,19,75,17,19,116,10,142	36,156,38	0.000000	-2017.922643,-2018.063540,-2018.047553	1.000000	0.606667,0.076667,0.316667
1	1000	70	10897901095252347680	847	8,100,10,12,66,12,106,116,15,104,18,26,106,21,127	36,170,27	0.000000	-2006.490379,-2007.143683,-2007.143693	1.000000	0.750000,0.120000,0.130000
1	1000	71	7828910279572913674	853	17,92,14,8,84,22,96,112,20,62,22,16,101,17,170	30,146,42	0.000000	-2025.152029,-2024.835416,-2023.837327	0.000000	0.070000,0.250000,0.680000
1	1000	72	7675033517752312863	859	12,113,16,18,97,9,88,100,14,78,14,23,94,20,163	39,175,23	0.000000	-2029.760595,-2028.984687,-2031.704986	0.000000	0.320000,0.680000,0.000000
1	1000	73	4238192561159293399	879	19,103,24,15,80,18,114,91,13,85,20,14,128,22,133	38,165,31	0.000000	-2113.218470,-2113.379837,-2113.379844	1.000000	0.563333,0.153333,0.283333
1	1000	74	4664091497670008740	857	13,107,19,24,85,9,92,124,18,79,23,19,94,14,137	38,164,27	0.000000	-2052.741600,-2052.767226,-2052.871150	1.000000	0.386667,0.536667,0.076667
1	1000	75	15574230158770897861	852	19,98,21,18,85,16,114,105,17,60,18,15,106,13,147	36,145,33	0.000000	-2033.104756,-2033.188037,-2033.188038	1.000000	0.540000,0.130000,0.330000
1	1000	76	10068544981073545568	880	16,100,13,13,87,18,122,103,15,78,18,20,113,24,140	33,165,33	0.000000	-2099.653513,-2099.655630,-2099.655632	1.000000	0.373333,0.323333,0.303333
1	1000	77	13271549776288830692	852	12,107,14,16,88,21,112,91,13,71,17,13,115,10,152	27,159,34	0.000000	-1994.970865,-1994.962910,-1994.643000	0.000000	0.143333,0.323333,0.533333
1	1000	78	10549600380028681200	867	20,83,21,19,77,18,120,118,11,84,16,12,110,20,138	33,161,29	0.000000	-2069.968818,-2070.062624,-2070.075488	1.000000	0.483333,0.403333,0.113333
1	1000	79	3167855686767462061	843	14,113,20,18,88,10,105,85,19,92,11,18,109,21,120	38,180,29	0.000000	-2016.920514,-2017.088876,-2017.088953	1.000000	0.493333,0.373333,0.133333
1	1000	80	6006391165114919470	869	21,119,18,17,90,17,95,104,13,94,14,15,105,17,130	33,184,30	0.000000	-2073.263821,-2073.079727,-2073.264326	0.000000	0.293333,0.553333,0.153333
1	1000	81	18030054067222864107	868	19,97,15,13,94,8,121,104,11,75,19,11,105,17,159	26,169,19	0.000000	-2023.018934,-2021.675791,-2023.188230	0.000000	0.193333,0.793333,0.013333
1	1000	82	4082701950749082381	872	12,101,13,11,100,20,104,103,21,84,11,11,123,18,140	24,184,41	0.000000	-2049.153977,-2049.141797,-2047.162704	0.000000	0.003333,0.193333,0.803333
1	1000	83	6577440080201149372	873	19,99,19,20,76,13,103,121,7,83,11,18,126,13,145	37,159,20	0.000000	-2047.708185,-2050.022629,-2050.022668	1.000000	0.970000,0.030000,0.000000
1	1000	84	131831750118916051	861	20,90,21,16,89,12,118,101,14,75,15,18,118,21,133	39,164,26	0.000000	-2060.282874,-2061.390586,-2061.390607	1.000000	0.826667,0.156667,0.016667
1	1000	85	1967607130625506947	861	10,119,18,11,83,20,120,96,13,75,19,22,114,19,122	40,158,33	0.000000	-2053.470419,-2054.009928,-2054.009932	1.000000	0.776667,0.006667,0.216667
1	1000	86	4669390651388110182	851	13,93,24,19,92,16,112,104,17,79,11,11,95,13,152	35,171,33	0.000000	-2012.891224,-2012.431183,-2012.934761	0.000000	0.310000,0.490000,0.200000
1	1000	87	16006901160468722424	864	17,88,19,14,84,10,114,108,15,92,13,14,121,13,142	33,176,25	0.000000	-2026.023162,-2026.577324,-2026.644997	1.000000	0.663333,0.263333,0.073333
1	1000	88	12306876935240330002	860	13,104,22,17,79,18,114,118,10,72,16,24,101,21,131	46,151,28	0.000000	-2061.299912,-2063.641450,-2063.641471	1.000000	0.970000,0.010000,0.020000
1	1000	89	3912110749219790026	870	20,104,29,14,81,23,116,102,12,82,20,12,116,11,128	41,163,35	0.000000	-2088.989709,-2089.360555,-2089.360559	1.000000	0.676667,0.026667,0.296667
1	1000	90	12579930354268403785	860	19,97,26,18,79,12,110,93,19,72,17,19,111,19,149	45,151,31	0.000000	-2071.492533,-2072.903600,-2072.909626	1.000000	0.783333,0.153333,0.063333
1	1000	91	14947729101204707463	856	22,104,17,18,78,19,122,99,12,71,24,17,102,19,132	34,149,31	0.000000	-2066.815214,-2066.819848,-2066.819855	1.000000	0.506667,0.276667,0.216667
1	1000	92	16816455816779352001	870	10,118,22,16,69,20,119,116,14,75,17,13,115,23,123	35,144,34	0.000000	-2074.840761,-2074.869055,-2074.869046	1.000000	0.591667,0.016667,0.391667
1	1000	93	6535577338816257308	854	21,98,21,18,71,15,116,111,16,80,19,20,109,13,126	41,151,31	0.000000	-2055.473737,-2056.113077,-2056.113087	1.000000	0.806667,0.046667,0.146667
1	1000	94	14513182497241489299	856	19,112,16,12,95,15,101,107,15,95,16,17,98,14,124	33,190,30	0.000000	-2033.613789,-2033.610534,-2033.678762	0.000000	0.365000,0.445000,0.190000
1	1000	95	11265313960230322685	854	9,136,14,19,84,7,108,91,15,69,18,14,109,16,145	28,153,22	0.000000	-1988.943699,-1989.404570,-1989.404593	1.000000	0.706667,0.216667,0.076667
1	1000	96	10564604416507781989	867	16,113,15,21,75,15,94,116,15,90,20,22,109,13,133	37,165,30	0.000000	-2073.488953,-2073.893484,-2073.893495	1.000000	0.746667,0.176667,0.076667
1	1000	97	2179745251636945226	827	19,84,24,17,79,18,102,108,8,85,16,20,97,16,134	44,164,26	0.000000	-1989.082832,-1990.924782,-1991.182128	1.000000	0.783333,0.213333,0.003333
1	1000	98	7250959799777675002	865	24,110,16,18,77,18,100,104,10,88,14,18,104,12,152	34,165,28	0.000000	-2052.051321,-2051.807069,-2052.255515	0.000000	0.443333,0.503333,0.053333
1	1000	99	13677051620203214972	862	8,110,20,15,83,25,121,97,14,82,22,19,109,20,117	39,165,39	0.000000	-2078.176780,-2078.193294,-2078.182043	1.000000	0.471667,0.071667,0.456667
1	1000	100	5958479967770696520	854	20,123,16,20,90,22,110,92,8,77,15,19,103,14,125	35,167,30	0.000000	-2043.609074,-2043.784239,-2043.784244	1.000000	0.635000,0.215000,0.150000
1	1000	101	2533804705368018134	864	17,116,11,18,82,12,106,117,14,78,14,20,109,8,142	31,160,26	0.000000	-2019.961317,-2020.209942,-2020.209951	1.000000	0.610000,0.190000,0.200000
1	1000	102	15330107849907711391	848	18,100,24,14,82,12,98,115,12,70,18,15,110,23,137	39,152,24	0.000000	-2026.603080,-2028.057001,-2028.057031	1.000000	0.860000,0.130000,0.010000
1	1000	103	2573845900585136405	853	13,123,22,19,81,17,83,107,15,77,22,15,102,20,137	37,158,32	0.000000	-2051.426453,-2051.717304,-2051.727845	1.000000	0.643333,0.243333,0.113333
1	1000	104	11753960458692216926	878	17,118,21,13,90,15,108,102,13,84,19,19,108,16,135	40,174,28	0.000000	-2090.832642,-2091.891408,-2091.891423	1.000000	0.813333,0.133333,0.053333
1	1000	105	6811509487873357697	850	10,104,18,19,74,10,110,101,10,92,16,18,108,20,140	36,166,20	0.000000	-2005.586451,-2007.350333,-2007.460763	1.000000	0.870000,0.130000,0.000000
1	1000	106	2502073739000960439	883	11,91,19,17,88,19,104,117,11,82,18,17,127,12,150	36,170,30	0.000000	-2079.062192,-2079.396216,-2079.396223	1.000000	0.446667,0.386667,0.166667
1	1000	107	7230883378642659482	865	18,120,12,22,67,17,107,122,10,69,22,14,100,15,150	26,136,27	0.000000	-2041.546712,-2041.546702,-2041.546705	0.000000	0.283333,0.273333,0.443333
1	1000	108	9089792109506119563	867	14,106,16,18,73,13,109,110,18,91,20,22,114,13,130	38,164,31	0.000000	-2068.703772,-2069.072354,-2069.072361	1.000000	0.708333,0.143333,0.148333
1	1000	109	9139626119514045294	877	16,107,15,10,86,16,113,117,13,82,15,18,116,19,134	33,168,29	0.000000	-2066.779872,-2066.974924,-2066.974929	1.000000	0.623333,0.133333,0.243333
1	1000	110	6802906875300537680	851	12,94,17,16,79,12,99,117,16,85,12,22,108,14,148	39,164,28	0.000000	-2005.885614,-2007.065013,-2007.071031	1.000000	0.800000,0.150000,0.050000
1	1000	111	11771133803407898918	868	20,95,28,19,68,15,117,111,20,88,16,15,100,14,142	43,156,35	0.000000	-2088.465330,-2088.988796,-2088.988803	1.000000	0.633333,0.123333,0.243333
1	1000	112	15738072132475757454	866	14,103,12,22,91,12,108,124,19,83,21,16,110,14,117	28,174,31	0.000000	-2063.059567,-2063.059559,-2063.052491	0.000000	0.210000,0.230000,0.560000
1	1000	113	9975435200525775237	861	14,99,15,4,76,14,109,108,11,69,21,20,107,21,173	35,145,25	0.000000	-2007.961261,-2008.867838,-2008.997479	1.000000	0.750000,0.220000,0.030000
1	1000	114	1401210880594723145	847	16,124,15,23,69,14,95,102,17,99,23,12,100,16,122	27,168,31	0.000000	-2031.806731,-2031.780000,-2031.806730	0.000000	0.210000,0.525000,0.265000
1	1000	115	8746349670311218413	865	21,104,21,13,81,9,96,98,19,92,20,14,108,17,152	35,173,28	0.000000	-2061.448740,-2060.239365,-2061.664469	0.000000	0.230000,0.740000,0.030000
1	1000	116	9283279670682053440	876	18,106,31,14,76,11,121,92,16,89,11,16,113,14,148	47,165,27	0.000000	-2075.325797,-2078.279954,-2078.279982	1.000000	0.950000,0.040000,0.010000
1	1000	117	16713865299767767987	856	16,83,19,13,98,20,124,104,15,85,13,19,96,12,139	38,183,35	0.000000	-2033.082611,-2033.093700,-2033.302745	1.000000	0.423333,0.408333,0.168333
1	1000	118	9951938501215896682	858	14,120,15,20,77,14,97,98,17,81,14,19,109,15,148	34,158,31	0.000000	-2031.746092,-2031.921873,-2031.926704	1.000000	0.543333,0.223333,0.233333
1	1000	119	488472734293108606	875	16,118,21,14,83,14,109,98,15,86,18,12,109,14,148	33,169,29	0.000000	-2063.603546,-2063.721432,-2063.766227	1.000000	0.446667,0.396667,0.156667
1	1000	120	7578858030545284119	847	11,106,15,17,84,16,113,124,12,77,15,9,99,13,136	24,161,28	0.000000	-1973.514593,-1973.514583,-1973.232201	0.000000	0.203333,0.173333,0.623333
1	1000	121	12769017131009702541	876	22,99,20,23,97,11,116,105,8,75,19,17,110,23,131	37,172,19	0.000000	-2104.470084,-2105.893010,-2106.261895	1.000000	0.710000,0.290000,0.000000
1	1000	122	12358946763491639017	865	12,114,13,15,105,13,99,122,17,85,10,18,106,12,124	31,190,30	0.000000	-2024.621410,-2024.648367,-2024.648367	1.000000	0.506667,0.156667,0.336667
1	1000	123	8533697308580578688	867	12,122,15,21,86,10,103,118,10,62,16,22,110,21,139	37,148,20	0.000000	-2047.314711,-2049.378820,-2049.378860	1.000000	0.970000,0.010000,0.020000
1	1000	124	4274495113669252982	852	11,103,12,22,80,13,99,105,12,94,14,12,100,18,157	24,174,25	0.000000	-1994.834987,-1992.428133,-1994.834982	0.000000	0.040000,0.940000,0.020000
1	1000	125	4816603795909674669	860	14,109,22,16,76,11,114,105,9,89,20,23,92,21,139	45,165,20	0.000000	-2052.361551,-2056.214824,-2056.288682	1.000000	0.930000,0.070000,0.000000
1	1000	126	16804439471368359979	876	11,102,13,23,93,14,92,119,9,85,24,18,104,22,147	31,178,23	0.000000	-2086.148860,-2084.367697,-2086.299290	0.000000	0.100000,0.900000,0.000000
1	1000	127	11720491312883673753	873	18,102,16,23,93,18,97,129,16,78,24,19,99,15,126	35,171,34	0.000000	-2109.819751,-2109.819557,-2109.807304	0.000000	0.253333,0.393333,0.353333
1	1000	128	6296714675992699373	856	15,87,24,13,85,13,107,111,16,83,16,21,108,15,142	45,168,29	0.000000	-2040.595488,-2042.674323,-2042.679344	1.000000	0.880000,0.110000,0.010000
1	1000	129	1419267931448382117	859	16,96,20,16,74,14,127,126,12,83,19,21,95,12,128	41,157,26	0.000000	-2037.931622,-2038.567827,-2038.567831	1.000000	0.855000,0.055000,0.090000
1	1000	130	7723125282844212669	846	16,99,22,18,84,20,103,99,12,80,15,17,100,20,141	39,164,32	0.000000	-2033.626026,-2033.797921,-2034.019863	1.000000	0.480000,0.380000,0.140000
1	1000	131	12985564731260723292	855	12,106,13,13,79,25,107,92,8,93,19,12,113,17,146	25,172,33	0.000000	-2013.583980,-2013.170572,-2013.157460	0.000000	0.063333,0.503333,0.433333
1	1000	132	13740242797122221929	865	21,121,21,10,71,15,103,114,14,79,14,17,102,16,147	38,150,29	0.000000	-2043.629822,-2044.297634,-2044.297645	1.000000	0.743333,0.093333,0.163333
1	1000	133	1830416395698888505	848	15,115,18,16,77,8,114,112,11,81,17,26,100,12,126	44,158,19	0.000000	-2004.361027,-2007.922067,-2007.922092	1.000000	0.990000,0.010000,0.000000
1	1000	134	6473410457836283821	859	17,95,26,18,95,18,102,97,12,79,13,14,106,16,151	40,174,30	0.000000	-2049.682206,-2049.585476,-2050.515549	0.000000	0.420000,0.550000,0.030000
1	1000	135	15834161615158131262	868	28,94,23,22,92,13,98,101,12,71,10,22,108,22,152	45,163,25	0.000000	-2093.595088,-2094.040378,-2095.242887	1.000000	0.570000,0.430000,0.000000
1	1000	136	6763029355923627800	855	22,115,19,15,72,10,107,85,15,79,19,15,108,27,147	34,151,25	0.000000	-2047.283978,-2046.932795,-2047.345804	0.000000	0.326667,0.646667,0.026667
1	1000	137	927245870030165982	873	14,102,17,20,84,12,113,93,16,82,25,20,114,17,144	37,166,28	0.000000	-2090.281206,-2090.526003,-2090.780240	1.000000	0.426667,0.536667,0.036667
1	1000	138	6270295406934414320	860	10,117,9,13,90,11,120,99,20,88,18,16,92,11,146	25,178,31	0.000000	-2002.754947,-2002.573719,-2002.374875	0.000000	0.086667,0.486667,0.426667
1	1000	139	1187881616024217771	862	15,99,17,18,73,11,126,125,17,86,14,22,112,11,116	39,159,28	0.000000	-2041.361768,-2041.809593,-2041.809595	1.000000	0.776667,0.026667,0.196667
1	1000	140	6113387646168882416	858	17,110,19,20,85,17,88,94,15,80,28,18,108,15,144	37,165,32	0.000000	-2071.192992,-2070.623737,-2071.523376	0.000000	0.263333,0.703333,0.033333
1	1000	141	2805697898288962524	866	11,99,11,18,80,17,101,116,20,89,20,20,95,13,156	31,169,37	0.000000	-2052.915392,-2052.342660,-2052.363899	0.000000	0.030000,0.570000,0.400000
1	1000	142	4933499248267587119	862	16,118,17,14,57,19,130,103,13,83,15,18,110,18,131	35,140,32	0.000000	-2044.949933,-2045.096349,-2045.096346	1.000000	0.696667,0.006667,0.296667
1	1000	143	17646741759668505597	866	25,131,19,20,78,6,103,108,15,63,16,21,114,13,134	40,141,21	0.000000	-2058.123102,-2060.262401,-2060.262433	1.000000	0.990000,0.010000,0.000000
1	1000	144	10687466628118438960	884	21,100,17,19,76,11,106,117,19,81,15,19,119,20,144	36,157,30	0.000000	-2112.041667,-2112.245659,-2112.245672	1.000000	0.666667,0.196667,0.136667
1	1000	145	17983675273625721036	866	16,121,16,13,70,25,107,110,14,93,22,22,102,13,122	38,163,39	0.000000	-2081.998451,-2082.007238,-2081.979112	0.000000	0.410000,0.050000,0.540000
1	1000	146	3603112171196313992	874	14,116,17,14,91,21,117,99,9,91,20,16,100,17,132	33,182,30	0.000000	-2076.464611,-2076.508386,-2076.529906	1.000000	0.373333,0.413333,0.213333
1	1000	147	3872370897333761904	864	15,112,17,15,84,20,118,97,21,71,20,19,107,15,133	36,155,41	0.000000	-2075.203104,-2075.203103,-2074.912863	0.000000	0.310000,0.040000,0.650000
1	1000	148	5195468406013027420	860	23,98,31,15,81,19,113,124,6,85,10,17,103,10,125	48,166,25	0.000000	-2046.904064,-2049.866954,-2049.866972	1.000000	0.983333,0.013333,0.003333
1	1000	149	15157634549820357415	848	21,108,17,16,78,15,102,89,16,93,8,14,115,16,140	31,171,31	0.000000	-2006.333620,-2006.144911,-2006.238349	0.000000	0.170000,0.600000,0.230000
1	1000	150	6954159212093767541	841	16,120,20,14,70,14,101,94,13,83,22,15,117,8,134	35,153,27	0.000000	-1985.626444,-1986.470229,-1986.470245	1.000000	0.823333,0.083333,0.093333
1	1000	151	2773723368986087032	858	16,110,21,20,95,8,114,119,17,78,19,15,94,18,114	36,173,25	0.000000	-2053.823762,-2054.219666,-2054.219670	1.000000	0.760000,0.150000,0.090000
1	1000	152	11059519745224903285	858	18,108,16,19,88,10,102,89,15,87,14,19,98,26,149	35,175,25	0.000000	-2052.750863,-2050.618465,-2053.082376	0.000000	0.190000,0.800000,0.010000
1	1000	153	70898492437957521	867	18,78,15,10,87,13,102,104,17,94,18,18,130,11,152	33,181,30	0.000000	-2041.838004,-2041.129943,-2041.953758	0.000000	0.210000,0.690000,0.100000
1	1000	154	12461492972296661207	861	13,92,24,19,89,17,88,113,12,78,19,21,108,15,153	45,167,29	0.000000	-2060.522398,-2061.752301,-2062.324198	1.000000	0.730000,0.260000,0.010000
1	1000	155	16052970212434185555	861	8,104,22,21,91,18,117,107,18,77,18,16,97,14,133	38,168,36	0.000000	-2056.708999,-2056.708996,-2056.708928	0.000000	0.323333,0.213333,0.463333
1	1000	156	2421326075069128225	866	19,108,23,9,81,13,102,126,16,86,13,7,101,20,142	30,167,29	0.000000	-2036.005089,-2036.028287,-2036.028294	1.000000	0.473333,0.333333,0.193333
1	1000	157	6585924105048852225	854	17,122,15,18,80,17,108,96,10,76,18,10,100,16,151	25,156,27	0.000000	-2009.030949,-2008.783962,-2009.030941	0.000000	0.146667,0.606667,0.246667
1	1000	158	12427807818503101223	835	7,110,19,17,84,15,98,108,14,83,8,17,92,19,144	36,167,29	0.000000	-1965.683684,-1966.257458,-1966.306108	1.000000	0.680000,0.220000,0.100000
1	1000	159	12697733734709397818	864	19,112,11,19,76,15,115,106,18,80,16,14,100,19,144	25,156,33	0.000000	-2051.629798,-2051.620003,-2051.336924	0.000000	0.103333,0.373333,0.523333
1	1000	160	2826528053032999761	868	16,111,22,18,59,15,110,100,14,78,18,19,112,17,159	41,137,29	0.000000	-2061.643022,-2062.884181,-2062.884207	1.000000	0.903333,0.053333,0.043333
1	1000	161	11261464465464746050	855	7,112,17,15,81,11,103,117,17,87,12,24,89,15,148	41,168,28	0.000000	-2008.576276,-2010.052243,-2010.052258	1.000000	0.853333,0.123333,0.023333
1	1000	162	11077272234077514830	864	15,97,22,18,92,21,96,115,9,75,19,19,101,13,152	41,167,30	0.000000	-2060.643618,-2061.061968,-2061.450434	1.000000	0.610000,0.330000,0.060000
1	1000	163	14583029405526072114	864	18,105,21,21,82,11,99,116,16,86,23,21,110,18,117	42,168,27	0.000000	-2092.266138,-2093.347728,-2093.347741	1.000000	0.886667,0.076667,0.036667
1	1000	164	12439703974356704901	853	14,103,9,15,85,11,113,113,10,76,8,21,109,10,156	30,161,21	0.000000	-1959.052521,-1960.012449,-1960.014494	1.000000	0.763333,0.163333,0.073333
1	1000	165	13218630281928748467	857	24,98,17,18,87,12,109,113,15,82,15,19,100,18,130	36,169,27	0.000000	-2055.735364,-2056.269362,-2056.331815	1.000000	0.646667,0.296667,0.056667
1	1000	166	11099879607952890725	856	15,97,11,13,89,14,110,100,16,81,13,24,108,14,151	35,170,30	0.000000	-2016.157080,-2016.288003,-2016.500931	1.000000	0.436667,0.386667,0.176667
1	1000	167	9329262676335519488	863	14,114,14,18,84,8,110,97,7,76,17,19,115,20,150	33,160,15	0.000000	-2018.920513,-2020.905850,-2021.146331	1.000000	0.790000,0.210000,0.000000
1	1000	168	7154868172297246653	861	21,116,19,17,66,17,108,115,20,65,26,12,104,14,141	31,131,37	0.000000	-2064.846262,-2064.846254,-2064.642042	0.000000	0.256667,0.076667,0.666667
1	1000	169	1563235019188252226	851	19,111,21,14,70,16,109,98,13,81,11,21,101,17,149	42,151,29	0.000000	-2021.388736,-2022.775999,-2022.776019	1.000000	0.860000,0.090000,0.050000
1	1000	170	11349773657032608870	852	14,98,22,16,65,21,96,115,17,88,10,17,109,15,149	39,153,38	0.000000	-2026.751971,-2026.919644,-2026.866783	1.000000	0.443333,0.153333,0.403333
1	1000	171	15459339069139307816	870	16,115,17,19,84,13,101,104,10,87,19,23,90,25,147	40,171,23	0.000000	-2086.222055,-2086.786954,-2087.969774	1.000000	0.530000,0.470000,0.000000
1	1000	172	14357946412278895670	879	13,95,20,20,70,8,113,124,16,88,15,9,119,25,144	29,158,24	0.000000	-2073.279150,-2073.345294,-2073.345311	1.000000	0.556667,0.256667,0.186667
1	1000	173	10261886701877261452	875	15,109,13,20,85,23,106,112,17,75,19,14,120,17,130	27,160,40	0.000000	-2092.404505,-2092.404489,-2091.389315	0.000000	0.030000,0.070000,0.900000
1	1000	174	1639331523807429301	858	16,101,24,20,75,15,115,116,11,85,14,18,90,14,144	42,160,26	0.000000	-2038.729638,-2040.231768,-2040.233102	1.000000	0.860000,0.130000,0.010000
1	1000	175	6952329832797932265	849	19,95,20,14,88,12,110,123,12,83,21,18,94,18,122	38,171,24	0.000000	-2031.925973,-2032.755389,-2032.755409	1.000000	0.775000,0.205000,0.020000
1	1000	176	13266810957406185256	864	18,108,13,23,87,11,109,103,15,72,10,20,111,18,146	33,159,26	0.000000	-2046.147354,-2046.389423,-2046.415870	1.000000	0.570000,0.300000,0.130000
1	1000	177	18111763968629682340	878	16,122,15,18,79,17,103,114,17,81,15,20,114,24,123	35,160,34	0.000000	-2107.535752,-2107.535754,-2107.535433	0.000000	0.463333,0.073333,0.463333
1	1000	178	15940325143872725323	862	13,95,12,18,93,17,115,116,18,89,12,18,101,16,129	30,182,35	0.000000	-2043.037738,-2043.037734,-2042.806456	0.000000	0.151667,0.351667,0.496667
1	1000	179	2759477876491392585	876	17,110,18,23,90,12,107,102,16,91,24,14,101,12,139	32,181,28	0.000000	-2091.963555,-2091.101477,-2091.965194	0.000000	0.130000,0.810000,0.060000
1	1000	180	17625012556725361450	881	16,112,18,22,79,18,104,120,17,83,17,19,105,21,130	37,162,35	0.000000	-2124.000434,-2124.020571,-2124.020572	1.000000	0.606667,0.136667,0.256667
1	1000	181	3527003072491089140	857	18,104,20,13,76,10,107,111,18,84,18,12,98,24,144	32,160,28	0.000000	-2041.043001,-2040.950756,-2041.139074	0.000000	0.533333,0.353333,0.113333
1	1000	182	1217682307462319493	858	22,103,27,11,84,19,99,105,13,75,15,18,117,16,134	45,159,32	0.000000	-2059.094792,-2059.921370,-2059.921378	1.000000	0.843333,0.063333,0.093333
1	1000	183	3797138959375878428	842	15,107,26,13,73,14,118,89,19,79,23,12,100,17,137	38,152,33	0.000000	-2021.351057,-2021.585557,-2021.585564	1.000000	0.630000,0.090000,0.280000
1	1000	184	16058506922244911596	857	14,110,16,9,83,13,100,103,13,71,20,18,128,18,141	34,154,26	0.000000	-2016.635924,-2017.047213,-2017.047224	1.000000	0.743333,0.123333,0.133333
1	1000	185	13345623183200831476	871	13,103,14,22,98,10,111,93,15,79,17,19,105,12,160	33,177,25	0.000000	-2048.774891,-2047.338095,-2049.191958	0.000000	0.130000,0.850000,0.020000
1	1000	186	17475297830106797952	871	18,89,14,16,106,16,119,99,22,78,9,23,115,8,139	37,184,38	0.000000	-2065.525122,-2065.544851,-2065.477704	0.000000	0.350000,0.210000,0.440000
1	1000	187	121847498540114193	857	14,112,15,21,92,18,112,110,11,82,8,12,96,9,145	27,174,29	0.000000	-1996.300558,-1996.238319,-1996.195623	0.000000	0.266667,0.426667,0.306667
1	1000	188	2057478902161360095	853	16,111,11,18,69,19,98,127,6,75,13,19,103,26,142	30,144,25	0.000000	-2018.840065,-2018.926925,-2018.926942	1.000000	0.520000,0.280000,0.200000
1	1000	189	6313097037944352055	853	18,105,26,18,88,18,95,122,14,80,16,19,93,14,127	45,168,32	0.000000	-2056.707645,-2057.832307,-2057.832317	1.000000	0.816667,0.116667,0.066667
1	1000	190	18210970091830239264	862	18,104,18,21,98,13,96,110,17,66,14,18,94,12,163	36,164,30	0.000000	-2043.852883,-2043.030825,-2044.140958	0.000000	0.330000,0.640000,0.030000
1	1000	191	17739753780869426731	845	16,107,15,14,85,10,102,114,13,88,15,21,95,14,136	36,173,23	0.000000	-1992.562264,-1993.892027,-1993.974516	1.000000	0.700000,0.260000,0.040000
1	1000	192	7478871656608478654	860	7,100,32,14,79,13,112,108,16,89,13,22,96,19,140	54,168,29	0.000000	-2052.647084,-2056.589576,-2056.589593	1.000000	0.990000,0.010000,0.000000
1	1000	193	18395377014463997858	860	27,107,14,20,87,14,118,111,12,82,12,14,103,15,124	28,169,26	0.000000	-2045.222180,-2045.242273,-2045.242280	1.000000	0.453333,0.293333,0.253333
1	1000	194	10912337072579350014	857	12,111,18,18,94,15,98,98,15,80,21,11,94,14,158	29,174,30	0.000000	-2023.884774,-2021.776461,-2023.884773	0.000000	0.050000,0.890000,0.060000
1	1000	195	9648566946900444606	862	27,106,19,8,94,24,103,92,12,75,15,22,116,14,135	41,169,36	0.000000	-2068.888710,-2068.888709,-2068.888712	0.000000	0.328333,0.368333,0.303333
1	1000	196	14380522409207650616	863	12,104,18,22,67,21,111,110,18,84,12,18,130,13,123	36,151,39	0.000000	-2059.460515,-2059.468288,-2059.368164	0.000000	0.403333,0.033333,0.563333
1	1000	197	14532557191395113289	852	17,112,18,20,71,16,116,108,8,94,15,18,100,14,125	36,165,24	0.000000	-2023.496473,-2024.451998,-2024.452013	1.000000	0.830000,0.120000,0.050000
1	1000	198	6305752791966313175	854	21,101,21,14,79,13,120,101,16,65,16,14,116,23,134	35,144,29	0.000000	-2041.761000,-2041.966902,-2041.966912	1.000000	0.653333,0.113333,0.233333
1	1000	199	9338551508080418275	855	19,98,13,13,74,12,110,101,16,81,13,17,115,21,152	30,155,28	0.000000	-2015.460318,-2015.372364,-2015.468125	0.000000	0.380000,0.420000,0.200000
1	10000	0	13670671297871565225	8706	160,1115,174,151,815,149,1145,1095,137,822,169,183,1038,147,1406	357,1637,286	0.000000	-20609.929823,-20614.187658,-20614.187769	1.000000	0.990000,0.000000,0.010000
1	10000	1	11251305656838919311	8564	147,1045,169,178,844,159,1059,1113,146,781,167,183,1057,152,1364	352,1625,305	0.000000	-20382.048327,-20383.762837,-20383.762897	1.000000	0.940000,0.020000,0.040000
1	10000	2	8719927251030677710	8599	155,1084,178,173,813,146,1059,1063,153,838,177,174,1058,154,1374	352,1651,299	0.000000	-20476.353567,-20478.625218,-20478.625304	1.000000	0.950000,0.040000,0.010000
1	10000	3	8073144212822250136	8622	157,1081,180,155,830,150,1068,1108,167,801,164,176,1015,153,1417	356,1631,317	0.000000	-20494.689233,-20496.312680,-20496.312729	1.000000	0.920000,0.050000,0.030000
1	10000	4	670773627557692315	8605	174,1101,166,192,829,133,1068,1027,160,783,161,176,1079,150,1406	342,1612,293	0.000000	-20473.530547,-20475.314606,-20475.314704	1.000000	0.893333,0.093333,0.013333
1	10000	5	15500432270662111930	8588	159,1074,166,147,813,144,1066,1077,174,799,163,182,1069,166,1389	348,1612,318	0.000000	-20425.389300,-20426.414250,-20426.414283	1.000000	0.880000,0.030000,0.090000
1	10000	6	10578682158610547813	8617	163,1031,145,162,849,152,1001,1127,142,806,173,154,1142,154,1416	299,1655,294	0.000000	-20382.297896,-20382.098399,-20382.298317	0.000000	0.306667,0.556667,0.136667
1	10000	7	56318756265471117	8631	182,1044,169,157,853,128,1092,1069,142,803,164,166,1082,162,1418	335,1656,270	0.000000	-20456.331686,-20458.926515,-20459.246475	1.000000	0.800000,0.200000,0.000000
1	10000	8	2878276383735235632	8612	165,1065,166,147,827,162,1045,1078,137,829,197,182,1067,158,1387	348,1656,299	0.000000	-20510.134837,-20511.927098,-20511.954124	1.000000	0.863333,0.133333,0.003333
1	10000	9	14380361369526694869	8529	173,1064,162,160,788,152,1051,1020,154,810,191,181,1053,169,1401	343,1598,306	0.000000	-20369.633709,-20370.375511,-20370.528575	1.000000	0.636667,0.346667,0.016667
1	10000	10	1962978561242008433	8556	158,1031,181,166,836,158,1017,1054,163,862,193,177,1029,149,1382	358,1698,321	0.000000	-20461.551234,-20461.640692,-20462.674515	1.000000	0.550000,0.450000,0.000000
1	10000	11	13798946660981065649	8636	151,1110,197,140,842,163,1064,1049,142,790,177,177,1093,163,1378	374,1632,305	0.000000	-20546.847007,-20551.238996,-20551.239089	1.000000	1.000000,0.000000,0.000000
1	10000	12	13769138897443946935	8639	157,1077,198,160,834,133,1062,1110,135,798,177,170,1103,176,1349	368,1632,268	0.000000	-20549.592659,-20557.025821,-20557.025987	1.000000	1.000000,0.000000,0.000000
1	10000	13	12541966392057976556	8670	165,1087,181,167,847,136,1071,1000,138,846,170,174,1100,165,1423	355,1693,274	0.000000	-20592.970857,-20596.847543,-20597.760863	1.000000	0.890000,0.110000,0.000000
1	10000	14	9815006893546731294	8585	155,1069,189,147,780,161,1025,1110,161,812,159,174,1115,189,1339	363,1592,322	0.000000	-20488.708185,-20490.268842,-20490.268879	1.000000	0.923333,0.013333,0.063333
1	10000	15	10384292041387903661	8578	161,1095,196,171,823,145,1106,1048,139,801,175,176,1058,163,1321	372,1624,284	0.000000	-20466.057142,-20471.919658,-20471.919789	1.000000	0.993333,0.003333,0.003333
1	10000	16	13119510952025116150	8572	148,1053,175,155,807,149,1048,1042,142,844,144,177,1136,138,1414	352,1651,291	0.000000	-20252.685736,-20256.657805,-20256.657899	1.000000	0.990000,0.000000,0.010000
1	10000	17	9505699589732977413	8579	162,1060,179,157,797,132,1099,1042,147,806,163,204,1065,178,1388	383,1603,279	0.000000	-20435.525228,-20444.050189,-20444.050365	1.000000	1.000000,0.000000,0.000000
1	10000	18	17716777481434490558	8616	160,1079,152,187,821,156,1039,1074,140,792,141,172,1063,146,1494	324,1613,296	0.000000	-20363.201969,-20363.403798,-20363.919984	1.000000	0.480000,0.470000,0.050000
1	10000	19	14653567605880767700	8636	167,1064,179,175,821,168,1078,1103,163,759,177,146,1073,171,1392	325,1580,331	0.000000	-20599.419635,-20599.419631,-20599.393834	0.000000	0.420000,0.040000,0.540000
1	10000	20	7886435827040072362	8600	154,1077,179,174,798,136,1065,1102,148,863,164,180,1043,158,1359	359,1661,284	0.000000	-20451.080860,-20455.356974,-20455.357090	1.000000	0.990000,0.010000,0.000000
1	10000	21	9057175499382244985	8597	150,1048,204,148,785,165,1093,1069,156,839,177,168,1031,158,1406	372,1624,321	0.000000	-20487.531459,-20490.118772,-20490.118834	1.000000	0.940000,0.040000,0.020000
1	10000	22	13291170837186065700	8586	159,1023,150,180,790,123,1110,1100,146,822,159,175,1054,177,1418	325,1612,269	0.000000	-20347.602013,-20349.297449,-20349.421822	1.000000	0.810000,0.190000,0.000000
1	10000	23	2238170778967726256	8551	141,1137,165,154,805,148,1059,1049,156,799,152,179,1023,164,1420	344,1604,304	0.000000	-20257.026134,-20258.801519,-20258.801575	1.000000	0.930000,0.010000,0.060000
1	10000	24	18004280543006179814	8562	154,1152,162,164,770,134,989,1090,164,777,143,182,1081,181,1419	344,1547,298	0.000000	-20307.173876,-20308.811659,-20308.811723	1.000000	0.950000,0.010000,0.040000
1	10000	25	15751488100168165586	8612	169,1078,173,149,791,153,1041,1086,150,810,166,192,1081,181,1392	365,1601,303	0.000000	-20527.935062,-20530.978846,-20530.978942	1.000000	0.980000,0.010000,0.010000
1	10000	26	5283937785106565523	8588	166,1049,207,188,765,162,1058,1081,141,816,169,175,1057,165,1389	382,1581,303	0.000000	-20545.057243,-20549.751578,-20549.751704	1.000000	1.000000,0.000000,0.000000
1	10000	27	13009075980964212296	8591	163,1096,195,169,837,158,1082,1092,136,795,138,167,992,169,1402	362,1632,294	0.000000	-20417.809548,-20421.973354,-20421.973468	1.000000	0.990000,0.010000,0.000000
1	10000	28	13426039473538120480	8616	178,1073,196,163,832,140,1065,1020,144,833,144,174,1114,178,1362	370,1665,284	0.000000	-20526.276247,-20531.201437,-20531.201559	1.000000	0.980000,0.020000,0.000000
1	10000	29	1808679328812296786	8595	164,1086,148,167,828,132,1137,1005,145,784,173,184,1072,170,1400	332,1612,277	0.000000	-20400.348144,-20402.291415,-20402.291531	1.000000	0.910000,0.080000,0.010000
1	10000	30	15520441855420126584	8570	180,1093,187,165,783,143,1060,1064,159,801,176,168,1038,164,1389	355,1584,302	0.000000	-20454.354871,-20456.409994,-20456.410087	1.000000	0.950000,0.050000,0.000000
1	10000	31	17254263627248920628	8633	171,1053,198,153,844,146,1055,1061,155,846,160,173,1098,170,1350	371,1690,301	0.000000	-20591.813461,-20595.676298,-20595.676395	1.000000	0.990000,0.010000,0.000000
1	10000	32	16469862116709458905	8561	181,1005,190,158,841,140,1014,1091,154,831,184,180,1033,173,1386	370,1672,294	0.000000	-20489.973054,-20492.859096,-20494.072147	1.000000	0.830000,0.170000,0.000000
1	10000	33	8578888219311208450	8601	160,1052,172,182,806,147,1042,1074,150,803,162,199,1061,171,1420	371,1609,297	0.000000	-20517.430481,-20521.659510,-20521.672012	1.000000	0.960000,0.030000,0.010000
1	10000	34	14967361796798744191	8590	153,1085,192,140,816,151,1033,1108,127,835,184,167,1059,152,1388	359,1651,278	0.000000	-20368.775593,-20374.252923,-20374.253059	1.000000	1.000000,0.000000,0.000000
1	10000	35	11521777363358507888	8626	161,1050,167,165,794,135,1068,1091,140,821,177,173,1054,183,1447	340,1615,275	0.000000	-20485.248092,-20487.435817,-20487.920160	1.000000	0.820000,0.180000,0.000000
1	10000	36	13297211691861304328	8578	157,1028,146,154,869,153,1109,1099,126,789,161,160,1051,163,1413	306,1658,279	0.000000	-20252.533045,-20252.752833,-20252.986946	1.000000	0.583333,0.343333,0.073333
1	10000	37	9311514058555486481	8674	159,1108,175,147,778,157,1035,1069,161,852,166,183,1093,183,1408	358,1630,318	0.000000	-20658.591701,-20659.944072,-20659.944122	1.000000	0.900000,0.020000,0.080000
1	10000	38	13019757634224922778	8542	166,1013,165,166,793,125,1061,1020,138,800,186,193,1138,171,1407	358,1593,263	0.000000	-20328.304320,-20334.435665,-20334.533493	1.000000	0.990000,0.010000,0.000000
1	10000	39	15266281670212428517	8597	153,1071,190,148,834,156,1093,1107,152,777,165,171,1070,168,1342	361,1611,308	0.000000	-20458.192360,-20460.893460,-20460.893524	1.000000	0.980000,0.000000,0.020000
1	10000	40	6737714433782839351	8620	170,993,192,157,841,134,1099,1013,165,826,164,183,1148,174,1361	375,1667,299	0.000000	-20580.196041,-20584.671476,-20584.671587	1.000000	1.000000,0.000000,0.000000
1	10000	41	9633862815326133429	8576	195,1091,165,165,758,141,1015,1079,146,811,150,186,1094,141,1439	351,1569,287	0.000000	-20346.747545,-20349.903256,-20349.903375	1.000000	0.980000,0.020000,0.000000
1	10000	42	8350747194081752630	8622	174,1098,175,168,839,129,1074,1091,141,804,166,160,1051,172,1380	335,1643,270	0.000000	-20473.169346,-20475.880617,-20475.882291	1.000000	0.963333,0.033333,0.003333
1	10000	43	15562113663890671076	8581	183,1152,141,170,798,132,1027,1094,138,838,159,171,1052,159,1367	312,1636,270	0.000000	-20328.956035,-20329.823718,-20329.823807	1.000000	0.853333,0.133333,0.013333
1	10000	44	1694990632093454748	8587	166,1027,214,163,777,140,1127,1082,158,782,174,181,1072,153,1371	395,1559,298	0.000000	-20494.686453,-20502.225191,-20502.225326	1.000000	1.000000,0.000000,0.000000
1	10000	45	1341523793499875736	8599	170,1026,175,174,829,152,1064,1081,140,833,177,180,1070,178,1350	355,1662,292	0.000000	-20551.865862,-20554.426764,-20554.467820	1.000000	0.890000,0.100000,0.010000
1	10000	46	14872062896439315990	8645	158,1095,168,162,804,145,1091,1101,147,828,152,158,1071,172,1393	326,1632,292	0.000000	-20473.274574,-20474.183384,-20474.183444	1.000000	0.933333,0.043333,0.023333
1	10000	47	18381204450906212657	8584	176,1039,167,169,823,137,1085,1086,152,804,157,168,1084,154,1383	335,1627,289	0.000000	-20381.216439,-20382.784382,-20382.784466	1.000000	0.883333,0.093333,0.023333
1	10000	48	9949811487251756722	8592	175,1104,178,167,799,143,1072,1046,153,770,188,213,1046,164,1374	391,1569,296	0.000000	-20567.091579,-20573.908272,-20573.908425	1.000000	1.000000,0.000000,0.000000
1	10000	49	4128486890593569496	8638	169,1062,164,161,816,148,1074,1072,151,834,191,162,1097,157,1380	326,1650,299	0.000000	-20544.690126,-20545.109983,-20545.110038	1.000000	0.736667,0.236667,0.026667
1	10000	50	9981276458635022387	8606	165,1085,164,163,797,129,1014,1058,145,882,154,171,1096,191,1392	335,1679,274	0.000000	-20438.312626,-20439.771979,-20440.388950	1.000000	0.693333,0.303333,0.003333
1	10000	51	15012608048841298043	8602	152,1048,184,168,829,132,1082,1072,148,813,167,183,1067,161,1396	367,1642,280	0.000000	-20443.438593,-20449.356493,-20449.356640	1.000000	1.000000,0.000000,0.000000
1	10000	52	1615716091852029635	8614	168,1111,184,185,778,147,1066,1030,147,834,162,190,1036,164,1412	374,1612,294	0.000000	-20554.057054,-20558.990621,-20558.990827	1.000000	0.990000,0.010000,0.000000
1	10000	53	6044062053487205135	8612	142,1129,166,162,856,140,1047,1050,164,816,158,173,1038,192,1379	339,1672,304	0.000000	-20484.868153,-20485.785091,-20485.796793	1.000000	0.793333,0.173333,0.033333
1	10000	54	17492078486401018055	8587	164,1065,190,159,793,127,1069,1063,143,833,161,192,1043,173,1412	382,1626,270	0.000000	-20426.308455,-20436.100967,-20436.113695	1.000000	1.000000,0.000000,0.000000
1	10000	55	7940516357572145332	8620	190,1095,161,158,799,146,1068,998,162,797,171,157,1096,155,1467	318,1596,308	0.000000	-20460.668282,-20460.362704,-20460.692104	0.000000	0.356667,0.476667,0.166667
1	10000	56	17039564162204048302	8543	170,1054,165,155,790,146,1068,1089,174,811,160,169,1043,159,1390	334,1601,320	0.000000	-20322.536376,-20322.819717,-20322.819730	1.000000	0.720000,0.070000,0.210000
1	10000	57	9676430538465020870	8614	149,1080,162,168,859,148,1105,1079,135,837,157,172,1035,184,1344	334,1696,283	0.000000	-20460.360021,-20462.229319,-20462.229405	1.000000	0.900000,0.100000,0.000000
1	10000	58	7845093654566053360	8595	137,1085,181,149,869,151,1049,1068,137,840,152,201,1035,149,1392	382,1709,288	0.000000	-20373.865570,-20382.060722,-20382.060859	1.000000	0.990000,0.010000,0.000000
1	10000	59	7095466003162884369	8650	166,1069,166,163,795,147,1040,1082,137,832,177,169,1066,171,1470	335,1627,284	0.000000	-20524.180480,-20524.949373,-20525.844846	1.000000	0.580000,0.420000,0.000000
1	10000	60	11180622193571604157	8546	146,1110,152,178,804,136,1053,1026,148,828,160,159,1090,173,1383	311,1632,284	0.000000	-20248.911294,-20249.343040,-20249.355767	1.000000	0.713333,0.283333,0.003333
1	10000	61	5967113271825625895	8628	143,1057,167,188,817,140,1094,1073,132,805,174,171,1070,176,1421	338,1622,272	0.000000	-20478.698596,-20481.236729,-20481.345982	1.000000	0.850000,0.150000,0.000000
1	10000	62	9107320749554020906	8556	179,1031,188,138,824,138,1020,1059,153,847,169,188,1036,174,1412	376,1671,291	0.000000	-20409.970576,-20414.625720,-20415.662739	1.000000	0.930000,0.070000,0.000000
1	10000	63	13810074034057833518	8557	169,1090,167,144,784,150,1019,1090,136,834,157,181,1044,168,1424	348,1618,286	0.000000	-20294.113298,-20297.200586,-20297.218387	1.000000	0.870000,0.100000,0.030000
1	10000	64	10955769256134250449	8587	150,1093,170,173,779,113,1045,1056,161,822,161,191,1111,157,1405	361,1601,274	0.000000	-20361.125712,-20367.522041,-20367.522201	1.000000	1.000000,0.000000,0.000000
1	10000	65	18319341020148749312	8596	170,1082,193,142,805,138,1062,1084,148,758,159,164,1086,171,1434	357,1563,286	0.000000	-20379.943274,-20384.119875,-20384.120001	1.000000	1.000000,0.000000,0.000000
1	10000	66	14260999339724968352	8524	167,1050,158,162,783,134,1096,1040,150,839,170,166,1066,145,1398	324,1622,284	0.000000	-20197.688894,-20198.811993,-20198.827113	1.000000	0.756667,0.176667,0.066667
1	10000	67	7444445311488137248	8628	174,1058,161,148,795,144,1100,1073,143,812,186,167,1078,179,1410	328,1607,287	0.000000	-20501.366498,-20502.329587,-20502.329685	1.000000	0.776667,0.206667,0.016667
1	10000	68	3494573289088938567	8641	152,1097,182,137,840,149,1055,1066,153,791,156,171,1041,165,1486	353,1631,302	0.000000	-20443.435446,-20446.062529,-20446.171303	1.000000	0.900000,0.080000,0.020000
1	10000	69	3037302627507127328	8559	182,1128,155,144,761,145,1014,1090,151,832,172,160,1063,187,1375	315,1593,296	0.000000	-20350.251365,-20350.311062,-20350.311099	1.000000	0.570000,0.300000,0.130000
1	10000	70	3623794137550976072	8578	160,1107,177,157,775,156,1043,1039,122,847,182,185,1031,172,1425	362,1622,278	0.000000	-20410.455514,-20415.408556,-20415.685653	1.000000	0.950000,0.050000,0.000000
1	10000	71	12551317295975567094	8669	181,1113,181,158,804,133,1098,1070,137,856,178,177,1053,166,1364	358,1660,270	0.000000	-20626.454987,-20631.883626,-20631.883779	1.000000	1.000000,0.000000,0.000000
1	10000	72	4430797345195318680	8600	176,1061,177,157,878,149,994,1041,140,824,166,169,1123,168,1377	346,1702,289	0.000000	-20473.157081,-20474.520654,-20475.184949	1.000000	0.730000,0.260000,0.010000
1	10000	73	951654947922817873	8610	166,1079,182,154,848,156,1091,1087,127,845,157,165,1050,180,1323	347,1693,283	0.000000	-20477.288651,-20480.494113,-20480.494211	1.000000	0.990000,0.010000,0.000000
1	10000	74	14868893446269243877	8652	168,1099,184,162,846,144,1082,1091,147,781,170,182,1048,185,1363	366,1627,291	0.000000	-20642.125678,-20646.264799,-20646.264922	1.000000	0.990000,0.000000,0.010000
1	10000	75	18279561534111552043	8650	144,1065,169,160,802,150,1121,1071,158,790,148,170,1089,163,1450	339,1592,308	0.000000	-20457.197635,-20458.384546,-20458.384583	1.000000	0.910000,0.010000,0.080000
1	10000	76	144462534060529095	8587	140,1058,167,171,815,154,1057,1137,147,807,149,155,1058,165,1407	322,1622,301	0.000000	-20319.425006,-20319.834272,-20319.834300	1.000000	0.720000,0.060000,0.220000
1	10000	77	5373479247296343515	8538	196,1097,188,151,803,149,1070,1050,135,787,152,171,1058,173,1358	359,1590,284	0.000000	-20342.138695,-20345.997855,-20345.997975	1.000000	1.000000,0.000000,0.000000
1	10000	78	4566351564452233410	8658	159,1080,142,178,860,135,1058,1043,149,827,154,181,1127,163,1402	323,1687,284	0.000000	-20508.817312,-20509.650031,-20509.863882	1.000000	0.710000,0.290000,0.000000
1	10000	79	18404040932428863919	8624	164,1090,182,148,829,146,1079,1081,168,845,176,175,999,159,1383	357,1674,314	0.000000	-20548.808615,-20550.497508,-20550.497569	1.000000	0.920000,0.070000,0.010000
1	10000	80	7928121709292385291	8581	163,1029,167,147,801,153,1024,1046,140,892,147,187,1081,183,1421	354,1693,293	0.000000	-20392.575823,-20394.250133,-20395.430353	1.000000	0.710000,0.290000,0.000000
1	10000	81	5771165372218375093	8600	159,1064,189,178,845,139,1090,1075,138,768,152,176,1076,164,1387	365,1613,277	0.000000	-20434.161104,-20440.225327,-20440.225479	1.000000	1.000000,0.000000,0.000000
1	10000	82	17456181538484716420	8575	171,1039,180,186,776,149,1096,1086,140,806,155,172,1033,161,1425	352,1582,289	0.000000	-20399.490486,-20402.315143,-20402.315265	1.000000	0.930000,0.070000,0.000000
1	10000	83	5206436390741869008	8650	166,1094,159,154,824,140,1054,1056,148,871,179,163,1082,140,1420	322,1695,288	0.000000	-20467.185444,-20467.624535,-20468.111309	1.000000	0.590000,0.400000,0.010000
1	10000	84	14231681950943352268	8622	142,1073,194,154,825,136,1045,1137,159,821,169,179,1020,141,1427	373,1646,295	0.000000	-20437.722572,-20443.015531,-20443.015643	1.000000	0.980000,0.010000,0.010000
1	10000	85	5260058199786024168	8551	158,1045,184,161,816,166,1023,1108,159,791,171,178,1038,148,1405	362,1607,325	0.000000	-20386.341742,-20387.826868,-20387.826910	1.000000	0.870000,0.060000,0.070000
1	10000	86	16199332591665138218	8659	164,1069,176,150,829,134,1060,1104,152,819,134,170,1075,153,1470	346,1648,286	0.000000	-20426.966158,-20430.505758,-20430.525626	1.000000	0.970000,0.030000,0.000000
1	10000	87	11671457651728838178	8562	173,1046,189,155,826,148,1043,1023,147,801,171,194,1038,162,1446	383,1627,295	0.000000	-20424.634854,-20430.193321,-20430.885470	1.000000	0.940000,0.060000,0.000000
1	10000	88	7524401436377981469	8588	148,1065,177,172,817,131,1076,1087,153,801,163,172,1067,175,1384	349,1618,284	0.000000	-20406.242483,-20409.423053,-20409.423167	1.000000	0.980000,0.020000,0.000000
1	10000	89	16140904130551111214	8547	153,1105,161,180,802,142,1077,1056,160,804,164,176,1025,161,1381	337,1606,302	0.000000	-20331.479165,-20332.439295,-20332.439353	1.000000	0.843333,0.093333,0.063333
1	10000	90	14353280667901103758	8617	168,1081,198,172,795,138,1066,1079,144,774,172,167,1100,180,1383	365,1569,282	0.000000	-20541.306422,-20546.147082,-20546.147231	1.000000	0.990000,0.010000,0.000000
1	10000	91	6335765880232244117	8557	172,1056,172,155,843,148,1059,1063,126,845,160,154,1044,168,1392	326,1688,274	0.000000	-20289.771146,-20290.642533,-20291.611337	1.000000	0.660000,0.340000,0.000000
1	10000	92	13907618661955056981	8554	145,1129,190,160,778,153,1055,1084,144,836,167,168,1017,168,1360	358,1614,297	0.000000	-20348.925370,-20352.161440,-20352.161530	1.000000	1.000000,0.000000,0.000000
1	10000	93	7444156438469191917	8610	165,1058,167,166,816,144,1112,1046,131,851,169,158,1077,183,1367	325,1667,275	0.000000	-20454.919162,-20456.263498,-20456.367871	1.000000	0.786667,0.206667,0.006667
1	10000	94	14064589777296686782	8617	177,1112,175,154,818,153,1070,1065,148,814,147,194,1023,181,1386	369,1632,301	0.000000	-20538.986412,-20542.733059,-20542.733164	1.000000	0.980000,0.020000,0.000000
1	10000	95	10081160398136575425	8605	167,1130,162,184,813,145,1057,1062,129,810,159,184,1057,145,1401	346,1623,274	0.000000	-20406.154783,-20410.193258,-20410.193398	1.000000	0.990000,0.010000,0.000000
1	10000	96	2880714132351102814	8564	151,1046,181,170,827,151,998,1085,146,823,146,181,1043,163,1453	362,1650,297	0.000000	-20342.828226,-20345.872706,-20346.644510	1.000000	0.830000,0.170000,0.000000
1	10000	97	7062367354244077990	8593	171,1029,170,176,760,134,1145,1129,143,812,172,170,1040,171,1371	340,1572,277	0.000000	-20432.820987,-20435.158444,-20435.158558	1.000000	0.980000,0.020000,0.000000
1	10000	98	12842479467440201371	8598	148,1060,170,150,834,158,1087,1054,148,788,150,190,1107,156,1398	360,1622,306	0.000000	-20386.299631,-20389.420764,-20389.420833	1.000000	0.970000,0.010000,0.020000
1	10000	99	3148592477945934524	8658	174,1111,177,164,811,162,1107,1033,145,830,173,159,1003,167,1442	336,1641,307	0.000000	-20601.605898,-20601.743645,-20602.176592	1.000000	0.560000,0.420000,0.020000
1	10000	100	5193315843030853801	8581	166,1100,180,147,806,144,1096,1070,146,802,175,171,1045,158,1375	351,1608,290	0.000000	-20384.521324,-20387.584420,-20387.584519	1.000000	1.000000,0.000000,0.000000
1	10000	101	11298929171524021907	8550	168,1048,170,143,864,147,1041,1069,144,854,165,166,1046,157,1368	336,1718,291	0.000000	-20298.882812,-20299.994166,-20300.546431	1.000000	0.670000,0.330000,0.000000
1	10000	102	17969723591512585460	8616	159,1038,183,160,864,156,1071,1046,166,792,167,181,1091,157,1385	364,1656,322	0.000000	-20548.273449,-20550.066132,-20550.066186	1.000000	0.890000,0.070000,0.040000
1	10000	103	8591535264857490495	8608	139,1038,155,171,780,157,1030,1015,180,808,175,189,1146,184,1441	344,1588,337	0.000000	-20534.777557,-20534.949482,-20534.949489	1.000000	0.520000,0.170000,0.310000
1	10000	104	16446693961910076584	8570	195,1029,189,158,769,141,1072,1111,169,811,182,185,1037,157,1365	374,1580,310	0.000000	-20519.605356,-20522.827745,-20522.827843	1.000000	0.980000,0.020000,0.000000
1	10000	105	9479309640439755976	8559	170,1086,172,155,778,154,1039,1063,146,785,179,168,1081,173,1410	340,1563,300	0.000000	-20373.119947,-20374.228545,-20374.228620	1.000000	0.873333,0.073333,0.053333
1	10000	106	15427699893809146713	8582	153,1073,178,156,808,163,1078,1041,152,796,156,156,1050,161,1461	334,1604,315	0.000000	-20341.470272,-20341.966650,-20341.984957	1.000000	0.590000,0.290000,0.120000
1	10000	107	10722271546022477589	8618	140,1042,206,186,847,144,1043,1054,131,799,160,196,1085,160,1425	402,1646,275	0.000000	-20515.116290,-20528.125466,-20528.179392	1.000000	1.000000,0.000000,0.000000
1	10000	108	17411230026481704128	8576	157,1052,192,162,854,137,1072,1033,139,800,159,170,1045,168,1436	362,1654,276	0.000000	-20361.443827,-20366.575447,-20367.303329	1.000000	0.920000,0.080000,0.000000
1	10000	109	9947282780238190146	8573	158,1071,194,143,823,131,989,1038,157,839,152,184,1102,154,1438	378,1662,288	0.000000	-20332.919516,-20339.615690,-20339.830181	1.000000	1.000000,0.000000,0.000000
1	10000	110	8734477473615526536	8606	179,1029,180,166,881,133,1070,1073,147,829,169,163,1060,146,1381	343,1710,280	0.000000	-20452.663893,-20454.728152,-20455.467705	1.000000	0.773333,0.223333,0.003333
1	10000	111	13259612217334100482	8594	118,1091,170,185,782,157,1079,1069,137,811,173,178,1098,191,1355	348,1593,294	0.000000	-20452.975292,-20455.301190,-20455.301277	1.000000	0.956667,0.016667,0.026667
1	10000	112	9459461285868470142	8606	161,1070,171,154,794,141,1117,1041,159,772,180,164,1092,168,1422	335,1566,300	0.000000	-20433.855340,-20434.803279,-20434.803342	1.000000	0.873333,0.053333,0.073333
1	10000	113	11167417174395146177	8612	156,1140,198,159,830,155,1063,1088,164,830,140,175,957,173,1384	373,1660,319	0.000000	-20522.626450,-20525.710937,-20525.711007	1.000000	0.970000,0.010000,0.020000
1	10000	114	10928587810138598703	8554	132,1078,171,161,794,123,1075,1059,145,830,155,182,1123,171,1355	353,1624,268	0.000000	-20244.417730,-20250.579418,-20250.579558	1.000000	1.000000,0.000000,0.000000
1	10000	115	18239797069824226114	8594	176,1051,160,163,801,144,1060,1094,136,782,146,194,1119,144,1424	354,1583,280	0.000000	-20343.585874,-20348.285287,-20348.285420	1.000000	1.000000,0.000000,0.000000
1	10000	116	14495307096996574856	8601	140,1080,173,168,850,143,1057,1071,134,835,159,195,1054,171,1371	368,1685,277	0.000000	-20435.683475,-20442.378460,-20442.378799	1.000000	1.000000,0.000000,0.000000
1	10000	117	16913170055986341372	8598	155,1058,182,151,836,168,1065,1086,151,810,163,157,1054,172,1390	339,1646,319	0.000000	-20451.394842,-20451.875512,-20451.875537	1.000000	0.720000,0.100000,0.180000
1	10000	118	17899320275576558485	8605	146,1052,174,132,787,159,1111,1085,128,839,162,187,1093,156,1394	361,1626,287	0.000000	-20350.411629,-20355.749703,-20355.749814	1.000000	1.000000,0.000000,0.000000
1	10000	119	10007552497239799110	8602	178,1027,181,179,833,133,1099,1011,154,849,171,167,1060,170,1390	348,1682,287	0.000000	-20529.470249,-20530.556718,-20531.810561	1.000000	0.660000,0.340000,0.000000
1	10000	120	10751891469550741474	8531	165,1047,170,157,806,178,1063,1053,152,807,144,173,1034,167,1415	343,1613,330	0.000000	-20308.998105,-20309.373995,-20309.374004	1.000000	0.610000,0.110000,0.280000
1	10000	121	12955226140480040592	8534	154,1030,163,159,820,156,1100,1043,133,793,167,174,1099,146,1397	337,1613,289	0.000000	-20215.930259,-20217.927393,-20217.927474	1.000000	0.910000,0.080000,0.010000
1	10000	122	16275767013847695315	8594	153,1102,183,183,771,132,1101,1061,153,807,150,183,1006,187,1422	366,1578,285	0.000000	-20456.811304,-20461.808335,-20461.808488	1.000000	0.980000,0.020000,0.000000
1	10000	123	3245286754448823875	8569	155,1109,169,163,831,149,1070,1067,140,849,142,169,1047,153,1356	338,1680,289	0.000000	-20293.902664,-20296.067250,-20296.067323	1.000000	0.950000,0.030000,0.020000
1	10000	124	13018670359214355002	8629	162,1063,185,165,827,158,1064,1037,146,821,164,164,1094,158,1421	349,1648,304	0.000000	-20512.366751,-20514.102073,-20514.145694	1.000000	0.850000,0.130000,0.020000
1	10000	125	2234435894481396044	8584	155,1025,179,174,797,161,1120,1086,121,730,175,146,1095,172,1448	325,1527,282	0.000000	-20337.084961,-20338.109821,-20338.109918	1.000000	0.910000,0.060000,0.030000
1	10000	126	12043038629051508854	8548	165,1089,190,182,823,118,1081,1049,167,785,159,169,1026,153,1392	359,1608,285	0.000000	-20339.395702,-20343.606926,-20343.607056	1.000000	0.950000,0.050000,0.000000
1	10000	127	14012836827157908321	8617	147,1046,174,183,841,140,1015,1115,168,802,151,190,1058,149,1438	364,1643,308	0.000000	-20479.948147,-20482.852674,-20482.885257	1.000000	0.900000,0.100000,0.000000
1	10000	128	14935379267357828308	8612	178,1042,165,162,857,148,1072,1062,156,832,163,178,1032,154,1411	343,1689,304	0.000000	-20494.293211,-20494.700798,-20495.517044	1.000000	0.520000,0.460000,0.020000
1	10000	129	3365482456080712104	8637	171,1105,195,172,788,135,1077,1079,153,837,153,154,1066,177,1375	349,1625,288	0.000000	-20548.675801,-20551.326714,-20551.326819	1.000000	0.990000,0.010000,0.000000
1	10000	130	1942236293179505555	8578	151,1065,204,169,779,144,1109,1050,156,853,155,175,1084,169,1315	379,1632,300	0.000000	-20465.533724,-20470.818637,-20470.818738	1.000000	1.000000,0.000000,0.000000
1	10000	131	1496306313242503515	8606	175,1047,184,163,775,148,1029,1107,136,855,158,172,1095,159,1403	356,1630,284	0.000000	-20448.864430,-20452.901093,-20452.901222	1.000000	0.960000,0.040000,0.000000
1	10000	132	17893849224857193105	8614	173,1056,157,142,814,138,1033,1159,157,822,168,177,1084,157,1377	334,1636,295	0.000000	-20427.018944,-20428.340315,-20428.340378	1.000000	0.860000,0.050000,0.090000
1	10000	133	1565642729383831946	8629	160,1067,198,150,844,151,1058,1071,144,827,172,189,1038,159,1401	387,1671,295	0.000000	-20558.669539,-20565.764151,-20565.771641	1.000000	0.970000,0.030000,0.000000
1	10000	134	15790900994429243215	8647	165,1082,172,161,757,154,1079,1073,130,839,185,194,1066,182,1408	366,1596,284	0.000000	-20612.296814,-20617.023604,-20617.023758	1.000000	1.000000,0.000000,0.000000
1	10000	135	15124440161834867145	8632	187,1155,179,158,761,143,1100,1040,134,846,195,161,1030,161,1382	340,1607,277	0.000000	-20546.102738,-20548.482715,-20548.482843	1.000000	0.960000,0.040000,0.000000
1	10000	136	16949109558878850232	8569	148,1074,174,157,865,142,1083,1017,154,825,160,180,1078,169,1343	354,1690,296	0.000000	-20382.473036,-20385.335891,-20385.335974	1.000000	0.980000,0.010000,0.010000
1	10000	137	16664668187102663656	8613	159,1127,157,185,799,123,1057,1013,139,821,173,177,1073,182,1428	334,1620,262	0.000000	-20451.019408,-20453.499559,-20454.116502	1.000000	0.820000,0.180000,0.000000
1	10000	138	5857994148892906846	8566	151,1085,158,135,805,152,1073,1048,134,814,158,170,1096,154,1433	328,1619,286	0.000000	-20197.048405,-20198.784294,-20198.784364	1.000000	0.870000,0.060000,0.070000
1	10000	139	2215667066634297357	8622	186,1068,168,136,806,143,1058,1068,149,842,149,192,1095,143,1419	360,1648,292	0.000000	-20426.670851,-20430.762332,-20430.762437	1.000000	0.990000,0.010000,0.000000
1	10000	140	5495834543894630047	8619	177,1079,180,156,798,161,1097,1084,142,841,154,182,1054,182,1332	362,1639,303	0.000000	-20569.188810,-20572.097989,-20572.098073	1.000000	0.980000,0.010000,0.010000
1	10000	141	5087293809198038387	8663	171,1047,192,193,817,139,1098,1098,143,824,158,166,1055,166,1396	358,1641,282	0.000000	-20633.022966,-20636.860650,-20636.865007	1.000000	0.990000,0.010000,0.000000
1	10000	142	14671119224291745314	8604	168,1059,177,168,806,151,1060,1075,153,792,159,168,1078,165,1425	345,1598,304	0.000000	-20458.768145,-20460.161642,-20460.161716	1.000000	0.893333,0.093333,0.013333
1	10000	143	12639401223195774840	8523	150,1104,173,143,830,150,1080,1064,147,788,160,170,1093,162,1309	343,1618,297	0.000000	-20223.406322,-20225.395561,-20225.395613	1.000000	0.940000,0.000000,0.060000
1	10000	144	5313061117503003303	8645	168,1019,183,146,838,139,1064,1125,156,831,156,165,1133,153,1369	348,1669,295	0.000000	-20495.606009,-20498.205744,-20498.205822	1.000000	0.980000,0.000000,0.020000
1	10000	145	9645007938146122795	8556	185,1065,178,170,822,155,1048,1075,141,786,182,172,1062,161,1354	350,1608,296	0.000000	-20444.484211,-20446.385630,-20446.385725	1.000000	0.960000,0.040000,0.000000
1	10000	146	7313550177788917719	8633	158,1096,185,162,825,149,1042,1070,143,779,169,182,1073,173,1427	367,1604,292	0.000000	-20539.625898,-20544.119247,-20544.119381	1.000000	0.980000,0.020000,0.000000
1	10000	147	9424113100081139204	8585	189,1017,172,151,825,160,1096,1058,151,725,169,199,1107,182,1384	371,1550,311	0.000000	-20531.860381,-20534.767508,-20534.767601	1.000000	0.980000,0.000000,0.020000
1	10000	148	4866622220907773335	8602	182,1045,179,138,832,152,1065,1016,162,864,162,168,1075,152,1410	347,1696,314	0.000000	-20458.572886,-20459.077554,-20459.587602	1.000000	0.700000,0.260000,0.040000
1	10000	149	16911912269880900137	8616	159,1055,182,156,795,151,1069,1088,168,770,139,155,1066,165,1498	337,1565,319	0.000000	-20388.188909,-20388.836758,-20388.836772	1.000000	0.710000,0.080000,0.210000
1	10000	150	10365942132668440275	8642	161,1031,171,139,812,157,1068,1059,167,833,167,151,1064,188,1474	322,1645,324	0.000000	-20522.254433,-20521.268452,-20522.248694	0.000000	0.180000,0.660000,0.160000
1	10000	151	17533393673021266865	8604	148,1090,157,175,826,158,1047,1091,146,858,139,163,1040,153,1413	320,1684,304	0.000000	-20353.280581,-20353.449080,-20353.576018	1.000000	0.470000,0.410000,0.120000
1	10000	152	10497271407552623326	8543	182,1083,185,150,795,143,1088,1059,147,841,145,167,1037,162,1359	352,1636,290	0.000000	-20303.477775,-20306.764689,-20306.764787	1.000000	0.980000,0.010000,0.010000
1	10000	153	2058049302467790659	8623	176,1118,169,158,835,136,1075,1066,142,770,186,155,1081,167,1389	324,1605,278	0.000000	-20471.280302,-20472.427341,-20472.427440	1.000000	0.893333,0.073333,0.033333
1	10000	154	10063209966831492973	8606	151,1106,182,133,805,141,1096,1106,148,825,159,170,1058,173,1353	352,1630,289	0.000000	-20389.878922,-20393.598996,-20393.599086	1.000000	0.990000,0.000000,0.010000
1	10000	155	9340329232700117886	8628	159,1077,161,173,821,139,1105,1103,148,789,162,184,1044,153,1410	345,1610,287	0.000000	-20457.116675,-20459.650577,-20459.650677	1.000000	0.983333,0.013333,0.003333
1	10000	156	7557962570876680664	8621	163,1065,167,154,842,144,1028,1090,151,826,171,155,1095,158,1412	322,1668,295	0.000000	-20430.100902,-20430.443930,-20430.633202	1.000000	0.640000,0.310000,0.050000
1	10000	157	4386686242387323897	8578	150,1112,152,154,820,132,1113,1028,162,769,156,190,1045,154,1441	342,1589,294	0.000000	-20284.911366,-20287.232008,-20287.232087	1.000000	0.970000,0.010000,0.020000
1	10000	158	1934166315647438876	8650	175,990,172,167,840,125,1034,1124,137,827,156,192,1067,175,1469	364,1667,262	0.000000	-20534.435772,-20539.959001,-20542.173384	1.000000	0.940000,0.060000,0.000000
1	10000	159	15946699069756229727	8640	183,1070,180,170,790,153,1042,1142,144,807,146,158,1072,176,1407	338,1597,297	0.000000	-20538.747061,-20539.991379,-20539.991458	1.000000	0.913333,0.043333,0.043333
1	10000	160	16215954759441950261	8566	158,1060,194,162,775,153,1072,1075,134,785,179,175,1058,161,1425	369,1560,287	0.000000	-20377.061998,-20382.393499,-20382.393648	1.000000	0.990000,0.010000,0.000000
1	10000	161	13214630563887957636	8558	140,1112,176,155,838,137,1093,1060,137,805,174,187,1009,154,1381	363,1643,274	0.000000	-20288.507444,-20294.976367,-20294.976511	1.000000	0.990000,0.010000,0.000000
1	10000	162	18131638009870978456	8573	151,1055,169,161,807,139,1058,1078,147,854,170,189,1045,143,1407	358,1661,286	0.000000	-20336.965241,-20341.214673,-20341.265656	1.000000	0.950000,0.040000,0.010000
1	10000	163	9359164885196109131	8611	171,1082,181,151,830,148,1058,1075,138,835,175,195,1049,171,1352	376,1665,286	0.000000	-20544.867012,-20551.049805,-20551.049943	1.000000	0.990000,0.010000,0.000000
1	10000	164	13607156534556628235	8611	170,1006,169,134,871,132,1095,1078,150,836,166,159,1057,157,1431	328,1707,282	0.000000	-20361.551283,-20362.109861,-20363.412368	1.000000	0.630000,0.350000,0.020000
1	10000	165	12641478779436889951	8614	191,1046,171,169,824,138,1121,1074,122,822,157,166,1056,161,1396	337,1646,260	0.000000	-20431.405446,-20435.309337,-20435.452248	1.000000	0.933333,0.063333,0.003333
1	10000	166	3735990798963111975	8589	140,1114,178,166,810,152,1010,1068,143,846,157,140,1074,180,1411	318,1656,295	0.000000	-20346.100091,-20346.308319,-20346.481575	1.000000	0.546667,0.366667,0.086667
1	10000	167	10298254785049261491	8564	162,1050,184,148,830,151,1073,1025,168,809,165,184,1062,161,1392	368,1639,319	0.000000	-20421.746235,-20424.155232,-20424.155298	1.000000	0.910000,0.060000,0.030000
1	10000	168	15516907935768888106	8621	165,1110,167,173,816,141,1072,1053,131,771,170,207,1063,154,1428	374,1587,272	0.000000	-20480.878353,-20489.032356,-20489.032552	1.000000	1.000000,0.000000,0.000000
1	10000	169	17912899581126418540	8621	176,1073,157,159,812,143,1097,1044,148,837,159,185,1102,152,1377	342,1649,291	0.000000	-20463.604056,-20465.659365,-20465.659449	1.000000	0.960000,0.010000,0.030000
1	10000	170	2199031652653679341	8563	186,1105,171,160,820,148,1015,1033,138,810,169,177,1064,156,1411	348,1630,286	0.000000	-20374.910687,-20377.202786,-20377.505013	1.000000	0.850000,0.140000,0.010000
1	10000	171	6434945765122306379	8619	178,1045,140,159,775,133,1083,1132,155,815,150,170,1069,177,1438	310,1590,288	0.000000	-20391.921761,-20392.230092,-20392.230155	1.000000	0.660000,0.270000,0.070000
1	10000	172	15237190556807817874	8591	189,1062,163,155,821,141,1061,1032,152,786,157,185,1084,168,1435	348,1607,293	0.000000	-20430.160511,-20432.117146,-20432.232753	1.000000	0.890000,0.110000,0.000000
1	10000	173	17586124103278249618	8629	160,1103,191,171,823,151,1051,1112,135,836,182,170,1038,163,1343	361,1659,286	0.000000	-20571.410379,-20575.430713,-20575.430829	1.000000	0.990000,0.010000,0.000000
1	10000	174	9875559307323234750	8636	171,1086,172,166,815,149,1020,1071,133,785,184,177,1135,183,1389	349,1600,282	0.000000	-20580.310290,-20583.034565,-20583.034693	1.000000	0.960000,0.030000,0.010000
1	10000	175	15551238841048869780	8624	177,1040,177,173,847,123,1053,1088,157,827,188,161,1074,172,1367	338,1674,280	0.000000	-20569.841273,-20571.227333,-20571.701729	1.000000	0.793333,0.193333,0.013333
1	10000	176	5199807860146432384	8618	145,1086,180,170,866,140,1084,1091,133,822,151,168,1038,146,1398	348,1688,273	0.000000	-20370.126427,-20374.728000,-20374.731323	1.000000	0.980000,0.020000,0.000000
1	10000	177	6922209575788554426	8591	158,1060,172,182,787,162,1056,1070,157,810,163,195,1096,134,1389	367,1597,319	0.000000	-20465.532920,-20468.033779,-20468.033838	1.000000	0.940000,0.000000,0.060000
1	10000	178	8429459122681623850	8582	162,1067,183,172,771,140,1081,1031,142,814,207,167,1116,159,1370	350,1585,282	0.000000	-20461.950338,-20465.169798,-20465.169930	1.000000	0.986667,0.006667,0.006667
1	10000	179	18163933998944348780	8590	158,1083,156,163,862,145,1067,1055,151,843,143,168,1070,147,1379	324,1705,296	0.000000	-20321.847720,-20322.577990,-20322.607229	1.000000	0.843333,0.103333,0.053333
1	10000	180	2062378509019424572	8605	154,1068,186,172,798,147,1121,1070,147,802,158,171,1042,171,1398	357,1600,294	0.000000	-20461.007110,-20464.199618,-20464.199722	1.000000	0.970000,0.020000,0.010000
1	10000	181	7129644816386691823	8661	160,1002,203,152,801,149,1108,1078,145,870,133,179,1113,143,1425	382,1671,294	0.000000	-20506.971675,-20514.678204,-20514.678337	1.000000	1.000000,0.000000,0.000000
1	10000	182	10247372115940873089	8556	128,1026,173,163,798,153,1049,1061,148,790,164,190,1149,176,1388	363,1588,301	0.000000	-20337.769422,-20341.489053,-20341.489145	1.000000	0.950000,0.000000,0.050000
1	10000	183	5478197846849936084	8565	152,1037,198,163,842,143,1068,1066,145,821,148,171,1088,156,1367	369,1663,288	0.000000	-20344.552018,-20350.307091,-20350.307212	1.000000	0.990000,0.010000,0.000000
1	10000	184	15420291844914396274	8635	170,1061,181,164,893,162,1043,1091,148,789,162,169,1031,168,1403	350,1682,310	0.000000	-20580.194782,-20581.155214,-20581.515635	1.000000	0.630000,0.360000,0.010000
1	10000	185	7164576561449817715	8621	165,1027,180,158,809,154,1128,1064,147,804,166,167,1056,153,1443	347,1613,301	0.000000	-20455.967504,-20457.818310,-20457.818390	1.000000	0.890000,0.090000,0.020000
1	10000	186	4141030329824517452	8593	160,1058,168,180,800,147,1063,1147,177,799,181,184,1027,159,1343	352,1599,324	0.000000	-20543.460998,-20543.935135,-20543.935157	1.000000	0.843333,0.033333,0.123333
1	10000	187	11671122781632457665	8610	168,1119,177,151,803,133,1024,1087,146,813,150,148,1076,164,1451	325,1616,279	0.000000	-20329.265196,-20330.730711,-20330.757305	1.000000	0.833333,0.113333,0.053333
1	10000	188	14012633462709179899	8567	167,1070,170,162,808,138,1029,1093,143,831,136,176,1098,173,1373	346,1639,281	0.000000	-20320.165278,-20323.353557,-20323.353662	1.000000	0.970000,0.030000,0.000000
1	10000	189	12488865350076393280	8627	179,1041,159,154,802,144,1134,1024,154,827,159,201,1072,177,1400	360,1629,298	0.000000	-20552.891774,-20556.012107,-20556.012216	1.000000	0.923333,0.063333,0.013333
1	10000	190	5256796977303866470	8654	178,1048,171,156,822,151,1053,1066,155,817,181,175,1084,142,1455	346,1639,306	0.000000	-20566.145834,-20567.209193,-20567.509824	1.000000	0.700000,0.270000,0.030000
1	10000	191	14438269239420277228	8612	177,1056,168,168,816,152,1030,1074,130,831,157,170,1083,157,1443	338,1647,282	0.000000	-20425.917370,-20427.446863,-20428.140776	1.000000	0.710000,0.280000,0.010000
1	10000	192	17440440260013608323	8617	185,1020,173,173,831,160,1094,1076,127,818,145,167,1107,168,1373	340,1649,287	0.000000	-20491.015900,-20493.045943,-20493.046041	1.000000	0.960000,0.030000,0.010000
1	10000	193	12697317899172508333	8635	161,1082,185,156,846,149,1054,1132,162,821,150,189,1046,153,1349	374,1667,311	0.000000	-20552.645651,-20556.506838,-20556.506914	1.000000	0.990000,0.000000,0.010000
1	10000	194	10751297239105224642	8512	161,1026,169,165,831,172,1013,1075,160,822,157,185,1029,181,1366	354,1653,332	0.000000	-20373.868086,-20374.306685,-20374.413956	1.000000	0.620000,0.300000,0.080000
1	10000	195	3617113968164718346	8609	153,1043,182,159,805,164,1033,1076,128,875,161,183,1119,156,1372	365,1680,292	0.000000	-20458.785803,-20463.439650,-20463.439760	1.000000	0.970000,0.030000,0.000000
1	10000	196	2125960177517778570	8511	150,1053,168,182,808,132,1075,1064,130,793,133,155,1101,159,1408	323,1601,262	0.000000	-20077.354110,-20080.224007,-20080.224135	1.000000	0.950000,0.050000,0.000000
1	10000	197	6122240026234619199	8588	171,1070,179,151,819,151,1066,1059,142,784,176,202,1045,171,1402	381,1603,293	0.000000	-20491.939832,-20498.064561,-20498.064710	1.000000	1.000000,0.000000,0.000000
1	10000	198	5273378453745659678	8622	182,1083,154,149,864,130,1051,1072,147,785,164,163,1070,150,1458	317,1649,277	0.000000	-20366.888528,-20367.145449,-20367.914337	1.000000	0.500000,0.480000,0.020000
1	10000	199	4114380952812679177	8570	155,1100,173,178,850,139,1063,1114,160,777,143,166,1027,167,1358	339,1627,299	0.000000	-20361.138958,-20362.498756,-20362.498815	1.000000	0.926667,0.026667,0.046667
1	100000	0	18396948051051368264	85908	1647,10592,1772,1695,8162,1497,10849,10730,1486,8043,1642,1717,10672,1579,13825	3489,16205,2983	0.000000	-204381.500582,-204401.918401,-204401.919223	1.000000	1.000000,0.000000,0.000000
1	100000	1	2034035519041486378	86014	1560,10676,1831,1688,8105,1511,10710,10737,1438,8120,1679,1697,10682,1624,13956	3528,16225,2949	0.000000	-204553.009891,-204579.882025,-204579.883007	1.000000	1.000000,0.000000,0.000000
1	100000	2	4572991594162957614	85979	1630,10544,1850,1625,8307,1431,10693,10518,1471,8149,1605,1693,10873,1681,13909	3543,16456,2902	0.000000	-204470.636133,-204502.946116,-204502.947217	1.000000	1.000000,0.000000,0.000000
1	100000	3	3095637871285803116	86035	1607,10676,1771,1655,8331,1459,10628,10588,1451,8111,1644,1822,10623,1689,13980	3593,16442,2910	0.000000	-204772.437217,-204808.875735,-204808.981598	1.000000	1.000000,0.000000,0.000000
1	100000	4	4183481282884598853	85876	1629,10488,1661,1606,8232,1424,10578,10624,1454,8287,1607,1766,10800,1666,14054	3427,16519,2878	0.000000	-203914.752327,-203936.763345,-203937.963859	1.000000	1.000000,0.000000,0.000000
1	100000	5	8372385960882859449	86002	1695,10614,1739,1602,8187,1475,10710,10704,1506,8087,1572,1755,10731,1683,13942	3494,16274,2981	0.000000	-204548.101988,-204569.515682,-204569.516550	1.000000	1.000000,0.000000,0.000000
1	100000	6	10261344053093404394	86093	1599,10687,1731,1641,8068,1462,10874,11001,1451,8154,1607,1711,10549,1667,13891	3442,16222,2913	0.000000	-204435.526484,-204457.752635,-204457.753539	1.000000	1.000000,0.000000,0.000000
1	100000	7	12439427224827700581	85924	1619,10694,1707,1680,8259,1420,10496,10624,1452,8269,1558,1704,10908,1696,13838	3411,16528,2872	0.000000	-204115.189730,-204136.621089,-204136.655591	1.000000	1.000000,0.000000,0.000000
1	100000	8	14755112419087424270	85977	1620,10590,1880,1645,8329,1479,10489,10825,1480,8074,1599,1776,10592,1612,13987	3656,16403,2959	0.000000	-204625.852402,-204666.549151,-204666.550295	1.000000	1.000000,0.000000,0.000000
1	100000	9	12681560146112159496	85968	1678,10843,1713,1540,8249,1530,10626,10604,1452,8186,1653,1634,10721,1629,13910	3347,16435,2982	0.000000	-204164.462490,-204174.828580,-204174.829211	1.000000	1.000000,0.000000,0.000000
1	100000	10	601441351926662012	85928	1615,10348,1765,1697,7963,1492,10818,10654,1478,8258,1622,1734,10815,1688,13981	3499,16221,2970	0.000000	-204489.047317,-204510.877088,-204510.878018	1.000000	1.000000,0.000000,0.000000
1	100000	11	10622026881460480283	85843	1602,10813,1766,1600,8164,1461,10537,10746,1365,8077,1629,1778,10584,1606,14115	3544,16241,2826	0.000000	-203727.575297,-203769.354582,-203769.355893	1.000000	1.000000,0.000000,0.000000
1	100000	12	7066499043888897618	86071	1648,10638,1743,1608,8108,1510,10677,10718,1479,8211,1623,1772,10657,1555,14124	3515,16319,2989	0.000000	-204490.193989,-204514.153439,-204514.154328	1.000000	1.000000,0.000000,0.000000
1	100000	13	9052461503873761742	85883	1562,10754,1724,1694,8162,1391,10640,10637,1488,8135,1640,1741,10782,1633,13900	3465,16297,2879	0.000000	-204020.429426,-204047.442497,-204047.443539	1.000000	1.000000,0.000000,0.000000
1	100000	14	7875038173095952347	86001	1637,10864,1825,1659,8245,1457,10864,10548,1440,8040,1570,1700,10596,1632,13924	3525,16285,2897	0.000000	-204344.791851,-204376.562457,-204376.563533	1.000000	1.000000,0.000000,0.000000
1	100000	15	10975692632416542752	86074	1639,10805,1732,1631,8023,1450,10636,10732,1478,8164,1669,1682,10666,1672,14095	3414,16187,2928	0.000000	-204496.337434,-204514.111070,-204514.111986	1.000000	1.000000,0.000000,0.000000
1	100000	16	1108278861458320656	85961	1583,10754,1700,1644,8073,1441,10593,10593,1410,8148,1664,1862,10702,1702,14092	3562,16221,2851	0.000000	-204350.426070,-204389.497354,-204389.498666	1.000000	1.000000,0.000000,0.000000
1	100000	17	9280942860579257542	85904	1622,10634,1805,1677,8145,1530,10692,10458,1438,8111,1614,1758,10742,1606,14072	3563,16256,2968	0.000000	-204342.583864,-204372.013657,-204372.014684	1.000000	1.000000,0.000000,0.000000
1	100000	18	13616344627357455954	86280	1704,10828,1716,1626,8127,1469,10674,10642,1399,8356,1614,1698,10842,1578,14007	3414,16483,2868	0.000000	-204741.355679,-204764.014443,-204764.015442	1.000000	1.000000,0.000000,0.000000
1	100000	19	11646484572703565935	86051	1653,10586,1731,1654,8196,1470,10662,10835,1414,8179,1611,1776,10759,1565,13960	3507,16375,2884	0.000000	-204376.387397,-204407.471187,-204407.472271	1.000000	1.000000,0.000000,0.000000
1	100000	20	13530578340018430906	85984	1635,10661,1759,1625,8155,1387,10754,10614,1541,8148,1597,1720,10803,1654,13931	3479,16303,2928	0.000000	-204315.054212,-204339.406855,-204339.407802	1.000000	1.000000,0.000000,0.000000
1	100000	21	14204197024450178110	85999	1643,10759,1705,1568,8182,1459,10587,10546,1462,8222,1692,1774,10569,1616,14215	3479,16404,2921	0.000000	-204297.694905,-204321.306641,-204322.496936	1.000000	1.000000,0.000000,0.000000
1	100000	22	11097293953214724121	85871	1629,10717,1753,1610,8024,1497,10715,10719,1482,8250,1625,1794,10704,1653,13699	3547,16274,2979	0.000000	-204368.422891,-204395.119575,-204395.120458	1.000000	1.000000,0.000000,0.000000
1	100000	23	9379875418934074365	86247	1613,10865,1702,1686,8235,1534,10628,10721,1435,8123,1637,1761,10641,1679,13987	3463,16358,2969	0.000000	-205110.775417,-205129.682384,-205129.683256	1.000000	1.000000,0.000000,0.000000
1	100000	24	11110833900061193610	86149	1661,10708,1817,1758,8050,1452,10791,10476,1456,8096,1634,1708,10814,1638,14090	3525,16146,2908	0.000000	-204952.684194,-204981.363707,-204981.364855	1.000000	1.000000,0.000000,0.000000
1	100000	25	5300887387403819037	86003	1650,10687,1784,1658,8410,1441,10551,10608,1486,7992,1632,1676,10717,1610,14101	3460,16402,2927	0.000000	-204372.036753,-204393.877531,-204394.305930	1.000000	1.000000,0.000000,0.000000
1	100000	26	15089719346638992071	86175	1641,10692,1859,1633,7983,1461,10677,10724,1519,8238,1662,1747,10704,1658,13977	3606,16221,2980	0.000000	-205166.346999,-205198.184318,-205198.185360	1.000000	1.000000,0.000000,0.000000
1	100000	27	4811470277405800579	85934	1616,10572,1797,1581,8146,1517,10600,10526,1471,8106,1681,1731,10797,1649,14144	3528,16252,2988	0.000000	-204376.002205,-204400.218371,-204400.232879	1.000000	1.000000,0.000000,0.000000
1	100000	28	11685210731553627888	86007	1584,10747,1741,1606,8016,1467,10930,10695,1393,8111,1571,1833,10525,1612,14176	3574,16127,2860	0.000000	-204020.496523,-204063.678897,-204063.680159	1.000000	1.000000,0.000000,0.000000
1	100000	29	15974725306163392172	86037	1599,10680,1808,1580,8062,1477,10875,10665,1447,8182,1658,1687,10625,1621,14071	3495,16244,2924	0.000000	-204292.422706,-204319.388301,-204319.389296	1.000000	1.000000,0.000000,0.000000
1	100000	30	17194159225224352968	85958	1660,10768,1724,1516,8081,1461,10598,10678,1425,8416,1672,1754,10643,1585,13977	3478,16497,2886	0.000000	-204067.174996,-204095.560972,-204095.568552	1.000000	1.000000,0.000000,0.000000
1	100000	31	16775371723250817653	86056	1686,10800,1758,1615,8170,1451,10806,10615,1490,8172,1581,1767,10645,1596,13904	3525,16342,2941	0.000000	-204529.677555,-204557.811268,-204557.812236	1.000000	1.000000,0.000000,0.000000
1	100000	32	10003173529924406705	85906	1617,10665,1725,1594,8065,1478,10707,10866,1373,8014,1660,1789,10699,1584,14070	3514,16079,2851	0.000000	-203856.323815,-203891.912783,-203891.913969	1.000000	1.000000,0.000000,0.000000
1	100000	33	4181165560958187168	85777	1620,10722,1757,1610,8155,1434,10673,10372,1437,8168,1644,1770,10707,1656,14052	3527,16323,2871	0.000000	-203863.576443,-203897.172121,-203897.331397	1.000000	1.000000,0.000000,0.000000
1	100000	34	2391606323288559042	86066	1713,10678,1713,1566,8090,1517,10633,10839,1488,8207,1669,1765,10601,1598,13989	3478,16297,3005	0.000000	-204684.476955,-204702.961517,-204702.962319	1.000000	1.000000,0.000000,0.000000
1	100000	35	2122709995700555290	86083	1667,10591,1691,1660,8143,1471,10812,10816,1508,8107,1643,1750,10554,1606,14064	3441,16250,2979	0.000000	-204622.485708,-204639.272505,-204639.273326	1.000000	1.000000,0.000000,0.000000
1	100000	36	3662408533506973569	86005	1632,10582,1771,1642,8140,1458,10875,10742,1360,8156,1591,1750,10620,1622,14064	3521,16296,2818	0.000000	-204129.662720,-204168.700338,-204168.701623	1.000000	1.000000,0.000000,0.000000
1	100000	37	2961023385166023397	86085	1624,10597,1703,1585,8239,1404,10781,10687,1496,8144,1661,1744,10734,1642,14044	3447,16383,2900	0.000000	-204404.889783,-204428.451062,-204428.452056	1.000000	1.000000,0.000000,0.000000
1	100000	38	7737714385703258063	85873	1640,10693,1744,1593,8116,1418,10801,10833,1414,8215,1614,1733,10557,1576,13926	3477,16331,2832	0.000000	-203729.060779,-203762.515399,-203762.516534	1.000000	1.000000,0.000000,0.000000
1	100000	39	7970223338559452344	85927	1614,10696,1719,1626,8195,1415,10698,10759,1465,8221,1645,1729,10579,1610,13956	3448,16416,2880	0.000000	-204037.486639,-204062.748143,-204062.749160	1.000000	1.000000,0.000000,0.000000
1	100000	40	16624080849001621776	86041	1686,10602,1790,1594,8072,1462,10936,10755,1446,8142,1597,1761,10738,1555,13905	3551,16214,2908	0.000000	-204357.059563,-204391.767322,-204391.768383	1.000000	1.000000,0.000000,0.000000
1	100000	41	12823838121362343488	86074	1763,10767,1739,1592,8254,1509,10591,10559,1442,8259,1588,1793,10670,1615,13933	3532,16513,2951	0.000000	-204783.944662,-204810.233317,-204810.275508	1.000000	1.000000,0.000000,0.000000
1	100000	42	4469796308710051398	85979	1622,10654,1781,1628,8272,1463,10631,10737,1410,8016,1690,1815,10669,1641,13950	3596,16288,2873	0.000000	-204527.669031,-204568.571864,-204568.573127	1.000000	1.000000,0.000000,0.000000
1	100000	43	14588093617036367763	85919	1646,10564,1791,1582,8129,1462,10646,10663,1478,8236,1623,1795,10514,1660,14130	3586,16365,2940	0.000000	-204357.889497,-204391.984552,-204392.286845	1.000000	1.000000,0.000000,0.000000
1	100000	44	5899185618042915248	86106	1629,10588,1675,1605,8141,1471,10655,10818,1486,8270,1685,1782,10650,1639,14012	3457,16411,2957	0.000000	-204682.270149,-204701.938948,-204701.944840	1.000000	1.000000,0.000000,0.000000
1	100000	45	3840316368597070402	85966	1696,10762,1715,1622,7978,1470,10739,10937,1437,8144,1606,1677,10716,1611,13856	3392,16122,2907	0.000000	-204093.418565,-204111.698717,-204111.699561	1.000000	1.000000,0.000000,0.000000
1	100000	46	9170675558642140636	86053	1639,10620,1775,1661,8179,1420,10854,10668,1447,7969,1552,1758,10797,1627,14087	3533,16148,2867	0.000000	-204289.371886,-204325.347661,-204325.348851	1.000000	1.000000,0.000000,0.000000
1	100000	47	439093346140590518	86123	1649,10790,1715,1521,8221,1409,10676,10767,1523,8122,1598,1728,10639,1679,14086	3443,16343,2932	0.000000	-204392.231653,-204413.769772,-204413.770673	1.000000	1.000000,0.000000,0.000000
1	100000	48	8653942178312663734	86073	1654,10658,1759,1657,8163,1413,10794,10502,1537,8239,1611,1778,10745,1601,13962	3537,16402,2950	0.000000	-204690.171814,-204718.181321,-204718.182318	1.000000	1.000000,0.000000,0.000000
1	100000	49	16475287129553615709	86131	1674,10668,1810,1614,8197,1521,10474,10836,1472,8191,1633,1750,10874,1650,13767	3560,16388,2993	0.000000	-205074.147650,-205100.103501,-205100.104394	1.000000	1.000000,0.000000,0.000000
1	100000	50	9898137569132029170	85850	1608,10627,1675,1641,8145,1432,10532,10734,1467,8048,1565,1788,10818,1617,14153	3463,16193,2899	0.000000	-203706.985847,-203733.243100,-203733.244126	1.000000	1.000000,0.000000,0.000000
1	100000	51	5303158081108229291	86137	1523,10608,1815,1636,8170,1508,10840,10630,1410,8295,1616,1804,10680,1637,13965	3619,16465,2918	0.000000	-204713.019870,-204754.182734,-204754.183881	1.000000	1.000000,0.000000,0.000000
1	100000	52	15758366169689938526	86085	1677,10656,1743,1721,8109,1460,10689,10703,1461,8152,1606,1785,10819,1660,13844	3528,16261,2921	0.000000	-204899.658851,-204927.593966,-204927.595015	1.000000	1.000000,0.000000,0.000000
1	100000	53	2188581748341977234	86137	1589,10695,1771,1551,8201,1519,10636,10661,1458,8379,1566,1692,10760,1624,14035	3463,16580,2977	0.000000	-204405.249125,-204426.135306,-204426.136103	1.000000	1.000000,0.000000,0.000000
1	100000	54	12665719479841304215	85974	1668,10770,1823,1608,8167,1489,10706,10660,1402,8108,1701,1676,10685,1644,13867	3499,16275,2891	0.000000	-204473.644928,-204501.696657,-204501.697729	1.000000	1.000000,0.000000,0.000000
1	100000	55	8567652548938747646	86091	1688,10561,1792,1605,8173,1382,10754,10541,1483,8132,1635,1830,10725,1629,14161	3622,16305,2865	0.000000	-204693.358279,-204738.655744,-204738.737637	1.000000	1.000000,0.000000,0.000000
1	100000	56	11247515245436462073	86009	1631,10658,1805,1637,8232,1432,10617,10663,1546,8160,1670,1738,10702,1619,13899	3543,16392,2978	0.000000	-204700.365126,-204726.267368,-204726.268310	1.000000	1.000000,0.000000,0.000000
1	100000	57	4012482530980877034	86025	1579,10740,1671,1577,8270,1468,10585,10515,1413,8202,1671,1740,10913,1677,14004	3411,16472,2881	0.000000	-204192.307441,-204213.822005,-204213.923066	1.000000	1.000000,0.000000,0.000000
1	100000	58	5088530557242549483	85815	1644,10688,1782,1648,8199,1419,10682,10537,1399,8291,1597,1748,10797,1634,13750	3530,16490,2818	0.000000	-203953.483950,-203992.637179,-203992.638397	1.000000	1.000000,0.000000,0.000000
1	100000	59	7148961645305423776	86028	1607,10870,1820,1648,8236,1455,10523,10677,1479,8206,1563,1685,10638,1648,13973	3505,16442,2934	0.000000	-204406.056957,-204432.728313,-204432.729285	1.000000	1.000000,0.000000,0.000000
1	100000	60	16596389772862120658	86100	1613,10693,1732,1583,8220,1549,10727,10686,1467,8233,1643,1758,10546,1598,14052	3490,16453,3016	0.000000	-204619.742091,-204639.313626,-204639.314410	1.000000	1.000000,0.000000,0.000000
1	100000	61	269359813961864553	86147	1657,10653,1768,1671,8177,1489,10688,10811,1433,8061,1647,1723,10676,1630,14063	3491,16238,2922	0.000000	-204788.026062,-204813.005044,-204813.006076	1.000000	1.000000,0.000000,0.000000
1	100000	62	16085102299051591743	86010	1693,10645,1742,1628,8121,1423,10645,10840,1456,8204,1600,1740,10654,1664,13955	3482,16325,2879	0.000000	-204414.842610,-204442.771221,-204442.772313	1.000000	1.000000,0.000000,0.000000
1	100000	63	1156156522299255310	86020	1701,10719,1747,1636,8154,1452,10645,10709,1436,8174,1587,1777,10565,1580,14138	3524,16328,2888	0.000000	-204329.255623,-204361.645416,-204361.698608	1.000000	1.000000,0.000000,0.000000
1	100000	64	15835953993518310580	85881	1609,10808,1791,1632,8155,1447,10841,10649,1413,8143,1583,1728,10601,1601,13880	3519,16298,2860	0.000000	-203887.032064,-203922.519468,-203922.520590	1.000000	1.000000,0.000000,0.000000
1	100000	65	17428481011333108630	86202	1648,10631,1666,1688,8046,1512,10737,10762,1479,8174,1671,1696,10651,1687,14154	3362,16220,2991	0.000000	-204939.339265,-204948.992749,-204949.073357	1.000000	1.000000,0.000000,0.000000
1	100000	66	1154279173132877671	86051	1623,10677,1733,1669,8155,1470,10544,10746,1470,8258,1718,1713,10562,1591,14122	3446,16413,2940	0.000000	-204563.957542,-204582.511850,-204583.393060	1.000000	1.000000,0.000000,0.000000
1	100000	67	10625826992910122869	86117	1609,10516,1752,1637,8040,1487,10752,10750,1396,8319,1658,1754,10746,1634,14067	3506,16359,2883	0.000000	-204580.421972,-204610.768783,-204610.769910	1.000000	1.000000,0.000000,0.000000
1	100000	68	8115812821406962234	85792	1646,10600,1762,1568,7970,1417,10700,10748,1423,8343,1615,1678,10749,1633,13940	3440,16313,2840	0.000000	-203575.605526,-203604.003153,-203604.004238	1.000000	1.000000,0.000000,0.000000
1	100000	69	4685027657865441249	86046	1592,10797,1776,1631,8337,1492,10651,10735,1387,8140,1615,1767,10746,1599,13781	3543,16477,2879	0.000000	-204407.510841,-204443.566609,-204443.567697	1.000000	1.000000,0.000000,0.000000
1	100000	70	8932195959979549253	85860	1596,10603,1797,1605,8211,1518,10665,10526,1474,8107,1613,1680,10730,1663,14072	3477,16318,2992	0.000000	-204081.578931,-204101.402897,-204101.404734	1.000000	1.000000,0.000000,0.000000
1	100000	71	11951334087748767992	86171	1579,10632,1729,1684,8329,1414,10730,10512,1474,8249,1637,1762,10563,1681,14196	3491,16578,2888	0.000000	-204781.650387,-204806.249618,-204809.381018	1.000000	1.000000,0.000000,0.000000
1	100000	72	1208285942413349213	86170	1630,10744,1797,1668,8192,1455,10791,10744,1456,8152,1742,1725,10422,1621,14031	3522,16344,2911	0.000000	-205009.495895,-205037.088950,-205037.116343	1.000000	1.000000,0.000000,0.000000
1	100000	73	1814031166048548580	86202	1621,10802,1735,1639,8084,1362,10734,10663,1518,8184,1673,1742,10848,1633,13964	3477,16268,2880	0.000000	-204755.232907,-204782.845858,-204782.846924	1.000000	1.000000,0.000000,0.000000
1	100000	74	928543323427756348	85917	1643,10569,1759,1604,8186,1433,10731,10707,1438,8266,1547,1733,10726,1673,13902	3492,16452,2871	0.000000	-204047.490127,-204078.465849,-204078.466931	1.000000	1.000000,0.000000,0.000000
1	100000	75	645523790733450532	85875	1586,10643,1862,1577,8161,1467,10640,10676,1440,8309,1592,1777,10663,1613,13869	3639,16470,2907	0.000000	-204124.587531,-204170.080095,-204170.081270	1.000000	1.000000,0.000000,0.000000
1	100000	76	1976005695889745775	86006	1670,10662,1774,1612,8212,1431,10638,10475,1494,8245,1654,1717,10746,1647,14029	3491,16457,2925	0.000000	-204526.162797,-204550.349538,-204550.825645	1.000000	1.000000,0.000000,0.000000
1	100000	77	2759252675246748711	85909	1615,10691,1738,1616,8218,1487,10628,10671,1443,8034,1689,1704,10704,1705,13966	3442,16252,2930	0.000000	-204286.680125,-204306.406963,-204306.407898	1.000000	1.000000,0.000000,0.000000
1	100000	78	974848381786732115	85976	1628,10708,1747,1617,8168,1540,10635,10763,1499,8134,1634,1781,10563,1630,13929	3528,16302,3039	0.000000	-204603.082619,-204623.647030,-204623.647809	1.000000	1.000000,0.000000,0.000000
1	100000	79	765382461453261949	85971	1601,10796,1777,1577,8014,1424,10694,10847,1514,8196,1556,1738,10606,1556,14075	3515,16210,2938	0.000000	-203891.122346,-203921.163576,-203921.164520	1.000000	1.000000,0.000000,0.000000
1	100000	80	13016634680240726140	85866	1661,10491,1779,1589,7950,1516,10652,10779,1502,8298,1697,1835,10630,1611,13876	3614,16248,3018	0.000000	-204576.473108,-204606.088457,-204606.089405	1.000000	1.000000,0.000000,0.000000
1	100000	81	11157441465080601547	86199	1657,10762,1754,1579,8119,1496,10651,10830,1520,8159,1543,1793,10751,1622,13963	3547,16278,3016	0.000000	-204837.567608,-204862.757288,-204862.758103	1.000000	1.000000,0.000000,0.000000
1	100000	82	3880445174972040893	86019	1609,10798,1762,1580,8302,1493,10657,10629,1514,8170,1611,1786,10603,1569,13936	3548,16472,3007	0.000000	-204446.308711,-204472.428531,-204472.429377	1.000000	1.000000,0.000000,0.000000
1	100000	83	1821373520255290027	86015	1648,10657,1822,1636,8170,1497,10709,10556,1453,8285,1641,1759,10554,1653,13975	3581,16455,2950	0.000000	-204761.631949,-204793.280906,-204793.379884	1.000000	1.000000,0.000000,0.000000
1	100000	84	6568425172703837206	86131	1614,10957,1730,1671,8084,1498,10675,10752,1481,8006,1607,1870,10672,1709,13805	3600,16090,2979	0.000000	-205085.440084,-205116.662376,-205116.663359	1.000000	1.000000,0.000000,0.000000
1	100000	85	3701784444653228465	86117	1626,10712,1713,1661,8258,1468,10676,10533,1432,8195,1681,1753,10728,1673,14008	3466,16453,2900	0.000000	-204776.931928,-204800.382352,-204800.767718	1.000000	1.000000,0.000000,0.000000
1	100000	86	2171943581149019389	85876	1642,10832,1762,1571,8235,1396,10796,10477,1498,7995,1648,1783,10639,1583,14019	3545,16230,2894	0.000000	-203971.362491,-204006.387796,-204006.388922	1.000000	1.000000,0.000000,0.000000
1	100000	87	10396754431292094511	85846	1637,10854,1753,1587,8206,1469,10578,10660,1435,8035,1625,1632,10713,1637,14025	3385,16241,2904	0.000000	-203717.513658,-203735.568339,-203735.569217	1.000000	1.000000,0.000000,0.000000
1	100000	88	17496468165645423233	85937	1729,10604,1817,1660,8147,1468,10683,10667,1404,8228,1653,1767,10600,1623,13887	3584,16375,2872	0.000000	-204613.767245,-204652.085558,-204652.091844	1.000000	1.000000,0.000000,0.000000
1	100000	89	16769762213488249544	86079	1650,10400,1726,1592,8172,1473,10792,10622,1508,8254,1648,1855,10697,1584,14106	3581,16426,2981	0.000000	-204718.202171,-204748.558263,-204748.608315	1.000000	1.000000,0.000000,0.000000
1	100000	90	16251194346660640085	86015	1630,10737,1659,1636,8196,1484,10828,10643,1448,8100,1555,1769,10696,1664,13970	3428,16296,2932	0.000000	-204232.892303,-204252.767436,-204252.768301	1.000000	1.000000,0.000000,0.000000
1	100000	91	8870918706257849851	86086	1580,10761,1822,1655,8225,1475,10588,10781,1506,8231,1592,1748,10539,1709,13874	3570,16456,2981	0.000000	-204899.716807,-204928.175053,-204928.176013	1.000000	1.000000,0.000000,0.000000
1	100000	92	16013166448975861448	86066	1583,10578,1797,1669,8310,1475,10543,10687,1500,8292,1595,1769,10546,1632,14090	3566,16602,2975	0.000000	-204713.540736,-204741.519826,-204742.611213	1.000000	1.000000,0.000000,0.000000
1	100000	93	4010566073256468376	85860	1649,10749,1753,1661,8200,1459,10567,10628,1538,8117,1680,1776,10529,1592,13962	3529,16317,2997	0.000000	-204410.917431,-204433.853159,-204433.854068	1.000000	1.000000,0.000000,0.000000
1	100000	94	18397607305029476753	86120	1589,10681,1756,1617,8234,1440,10648,10658,1442,8331,1566,1735,10703,1641,14079	3491,16565,2882	0.000000	-204373.563805,-204403.663348,-204403.907176	1.000000	1.000000,0.000000,0.000000
1	100000	95	11955718528729637736	85984	1635,10621,1772,1673,8243,1441,10729,10605,1478,8121,1720,1754,10686,1648,13858	3526,16364,2919	0.000000	-204726.398582,-204754.002930,-204754.003994	1.000000	1.000000,0.000000,0.000000
1	100000	96	12721689440915316624	86081	1728,10582,1727,1626,8154,1430,10687,10655,1467,7932,1609,1745,10940,1659,14140	3472,16086,2897	0.000000	-204532.782672,-204557.671772,-204557.672850	1.000000	1.000000,0.000000,0.000000
1	100000	97	15805815455247032627	85951	1639,10661,1743,1606,8147,1440,10817,10659,1446,7973,1686,1700,10684,1585,14165	3443,16120,2886	0.000000	-203991.754097,-204016.140242,-204016.141287	1.000000	1.000000,0.000000,0.000000
1	100000	98	12627115619264593662	85991	1666,10676,1711,1633,8059,1483,10714,10575,1430,8108,1610,1803,10628,1673,14222	3514,16167,2913	0.000000	-204378.652446,-204406.923324,-204406.989819	1.000000	1.000000,0.000000,0.000000
1	100000	99	14290782961470619247	85883	1649,10554,1736,1650,8168,1411,10813,10659,1497,8196,1634,1752,10700,1626,13838	3488,16364,2908	0.000000	-204212.099268,-204238.280591,-204238.281591	1.000000	1.000000,0.000000,0.000000
1	100000	100	11547852535027595600	85994	1608,10757,1690,1656,8240,1498,10722,10708,1454,8180,1578,1788,10657,1631,13827	3478,16420,2952	0.000000	-204369.039719,-204391.796595,-204391.797458	1.000000	1.000000,0.000000,0.000000
1	100000	101	11914973829145702527	86266	1552,10510,1722,1720,8098,1506,10798,10761,1446,8265,1674,1766,10648,1663,14137	3488,16363,2952	0.000000	-205107.702058,-205129.325115,-205129.449108	1.000000	1.000000,0.000000,0.000000
1	100000	102	2753945606277983222	85843	1624,10666,1817,1637,8185,1440,10618,10735,1413,8080,1637,1765,10610,1643,13973	3582,16265,2853	0.000000	-204091.646852,-204133.550182,-204133.551472	1.000000	1.000000,0.000000,0.000000
1	100000	103	9194768224862948014	85887	1678,10564,1749,1594,8086,1460,10767,10787,1468,8130,1646,1708,10673,1658,13919	3457,16216,2928	0.000000	-204173.440182,-204195.363739,-204195.364675	1.000000	1.000000,0.000000,0.000000
1	100000	104	14709027757482057507	86062	1679,10818,1766,1645,8187,1423,10701,10732,1415,8235,1563,1750,10582,1545,14021	3516,16422,2838	0.000000	-204223.127590,-204260.235023,-204260.236228	1.000000	1.000000,0.000000,0.000000
1	100000	105	13541305371474907396	86033	1611,10677,1764,1643,8144,1530,10872,10639,1420,7969,1669,1775,10656,1617,14047	3539,16113,2950	0.000000	-204539.789784,-204568.016160,-204568.017171	1.000000	1.000000,0.000000,0.000000
1	100000	106	411274208398200755	85890	1650,10566,1708,1624,8356,1483,10650,10637,1378,8233,1655,1756,10648,1612,13934	3464,16589,2861	0.000000	-204090.001343,-204116.864882,-204117.752553	1.000000	1.000000,0.000000,0.000000
1	100000	107	11017401089333549554	85930	1605,10655,1775,1634,8238,1469,10495,10717,1472,8130,1656,1729,10727,1613,14015	3504,16368,2941	0.000000	-204262.426496,-204288.229143,-204288.230129	1.000000	1.000000,0.000000,0.000000
1	100000	108	5433416305686681994	85851	1639,10565,1800,1647,8048,1496,10572,10653,1490,8236,1642,1738,10753,1639,13933	3538,16284,2986	0.000000	-204358.392476,-204383.149862,-204383.150793	1.000000	1.000000,0.000000,0.000000
1	100000	109	8004469361147047322	85824	1664,10604,1754,1690,8141,1455,10751,10445,1405,8273,1585,1717,10682,1631,14027	3471,16414,2860	0.000000	-203947.049305,-203974.685264,-203975.362991	1.000000	1.000000,0.000000,0.000000
1	100000	110	14026176594708129183	86005	1666,10789,1748,1634,8129,1501,10548,10727,1444,8027,1633,1775,10727,1607,14050	3523,16156,2945	0.000000	-204453.943282,-204481.045368,-204481.046374	1.000000	1.000000,0.000000,0.000000
1	100000	111	1472298477028450885	86096	1666,10683,1733,1569,8109,1440,10701,10754,1424,8316,1624,1749,10697,1629,14002	3482,16425,2864	0.000000	-204396.011951,-204426.261617,-204426.262724	1.000000	1.000000,0.000000,0.000000
1	100000	112	4271228819850005158	85926	1597,10624,1782,1607,8111,1449,10620,10767,1400,8159,1611,1680,10737,1701,14081	3462,16270,2849	0.000000	-203965.443264,-203994.654244,-203994.655391	1.000000	1.000000,0.000000,0.000000
1	100000	113	18405579368938742372	86156	1559,10689,1783,1597,8248,1467,10661,10760,1446,8121,1613,1794,10709,1629,14080	3577,16369,2913	0.000000	-204585.459816,-204622.837494,-204622.838621	1.000000	1.000000,0.000000,0.000000
1	100000	114	7126161771709216920	86021	1639,10726,1752,1691,8176,1397,10746,10668,1441,8152,1623,1779,10587,1637,14007	3531,16328,2838	0.000000	-204441.687465,-204478.302223,-204478.303490	1.000000	1.000000,0.000000,0.000000
1	100000	115	12873951008818242658	85892	1703,10650,1727,1604,7995,1457,10755,10758,1447,8037,1693,1827,10760,1636,13843	3554,16032,2904	0.000000	-204395.498400,-204428.207069,-204428.208183	1.000000	1.000000,0.000000,0.000000
1	100000	116	11195070538319657172	85979	1594,10702,1779,1546,8260,1482,10704,10612,1507,8116,1658,1778,10761,1563,13917	3557,16376,2989	0.000000	-204307.790702,-204336.532737,-204336.533623	1.000000	1.000000,0.000000,0.000000
1	100000	117	1319392325332382840	86052	1632,10848,1802,1647,8112,1453,10686,10697,1473,8224,1620,1710,10598,1574,13976	3512,16336,2926	0.000000	-204437.918389,-204466.155873,-204466.156873	1.000000	1.000000,0.000000,0.000000
1	100000	118	5053863589054938839	86006	1657,10644,1702,1635,8250,1441,10528,10812,1414,8125,1600,1759,10726,1627,14086	3461,16375,2855	0.000000	-204175.604940,-204203.934951,-204204.051343	1.000000	1.000000,0.000000,0.000000
1	100000	119	17057567531089062953	86065	1619,10743,1801,1640,8261,1489,10660,10690,1505,8054,1628,1778,10564,1661,13972	3579,16315,2994	0.000000	-204856.981901,-204885.291370,-204885.292339	1.000000	1.000000,0.000000,0.000000
1	100000	120	5295997594305341426	85899	1623,10738,1725,1546,8150,1476,10758,10860,1433,8401,1624,1744,10447,1618,13756	3469,16551,2909	0.000000	-204001.268621,-204027.284189,-204027.285107	1.000000	1.000000,0.000000,0.000000
1	100000	121	12800630519226166758	85850	1604,10818,1714,1656,8157,1417,10658,10685,1476,8082,1636,1789,10634,1625,13899	3503,16239,2893	0.000000	-204019.666701,-204049.276507,-204049.277566	1.000000	1.000000,0.000000,0.000000
1	100000	122	7041379549200439100	85802	1569,10717,1848,1586,8040,1426,10741,10703,1483,8119,1603,1709,10649,1614,13995	3557,16159,2909	0.000000	-203720.378077,-203756.439310,-203756.440392	1.000000	1.000000,0.000000,0.000000
1	100000	123	8079520183237127945	86201	1630,10496,1675,1645,8102,1407,10857,10658,1519,8229,1609,1770,10681,1665,14258	3445,16331,2926	0.000000	-204690.351671,-204711.054269,-204711.528335	1.000000	1.000000,0.000000,0.000000
1	100000	124	9474400858045061497	85809	1636,10652,1754,1587,8099,1451,10640,10617,1459,8202,1611,1800,10666,1644,13991	3554,16301,2910	0.000000	-203970.625748,-204004.521898,-204004.523010	1.000000	1.000000,0.000000,0.000000
1	100000	125	13523431780130646930	85954	1619,10675,1692,1578,8282,1444,10575,10680,1483,8044,1588,1722,10819,1655,14098	3414,16326,2927	0.000000	-203957.660326,-203976.941234,-203976.942108	1.000000	1.000000,0.000000,0.000000
1	100000	126	18117407513041311466	85960	1614,10627,1848,1664,8166,1441,10534,10681,1420,8263,1605,1795,10579,1646,14077	3643,16429,2861	0.000000	-204453.658878,-204502.011452,-204502.374308	1.000000	1.000000,0.000000,0.000000
1	100000	127	8377237522508596446	86073	1582,10763,1762,1644,8174,1472,10611,10686,1452,8287,1626,1756,10729,1666,13863	3518,16461,2924	0.000000	-204636.175011,-204664.466026,-204664.467026	1.000000	1.000000,0.000000,0.000000
1	100000	128	1190568919264379380	86024	1589,10655,1790,1645,8187,1471,10828,10679,1514,8147,1607,1747,10634,1617,13914	3537,16334,2985	0.000000	-204529.458703,-204555.334113,-204555.334999	1.000000	1.000000,0.000000,0.000000
1	100000	129	15594823579479038783	85970	1670,10708,1775,1641,8172,1437,10759,10719,1506,7948,1648,1721,10636,1693,13937	3496,16120,2943	0.000000	-204559.184146,-204582.636531,-204582.637507	1.000000	1.000000,0.000000,0.000000
1	100000	130	10572139649794294594	85956	1608,10690,1742,1631,8101,1534,10682,10385,1390,8324,1698,1742,10664,1594,14171	3484,16425,2924	0.000000	-204261.652420,-204285.519150,-204286.757433	1.000000	1.000000,0.000000,0.000000
1	100000	131	9545055017775428053	85935	1631,10735,1779,1583,8075,1514,10576,10621,1460,8203,1605,1694,10837,1585,14037	3473,16278,2974	0.000000	-204054.941620,-204076.479657,-204076.480486	1.000000	1.000000,0.000000,0.000000
1	100000	132	14420220366972847823	85995	1607,10492,1771,1621,8175,1490,10742,10842,1427,8145,1640,1795,10747,1572,13929	3566,16320,2917	0.000000	-204342.967076,-204377.788853,-204377.789923	1.000000	1.000000,0.000000,0.000000
1	100000	133	7252517922735430255	86113	1628,10871,1715,1548,8106,1465,10598,10871,1400,8240,1646,1654,10750,1619,14002	3369,16346,2865	0.000000	-204116.640935,-204136.566227,-204136.567144	1.000000	1.000000,0.000000,0.000000
1	100000	134	12501394987546701269	85836	1654,10663,1739,1611,8052,1468,10734,10630,1458,8080,1634,1754,10726,1623,14010	3493,16132,2926	0.000000	-203980.809198,-204006.745563,-204006.746559	1.000000	1.000000,0.000000,0.000000
1	100000	135	12251421299002137794	86073	1616,10802,1758,1618,8194,1493,10641,10646,1499,8091,1600,1799,10695,1570,14051	3557,16285,2992	0.000000	-204530.208810,-204558.396857,-204558.397773	1.000000	1.000000,0.000000,0.000000
1	100000	136	5963353121661408301	85977	1654,10702,1729,1605,8209,1493,10418,10726,1420,8234,1618,1799,10645,1641,14084	3528,16443,2913	0.000000	-204368.326888,-204398.026702,-204398.453730	1.000000	1.000000,0.000000,0.000000
1	100000	137	17021301311791454706	86061	1553,10767,1753,1662,8025,1457,10620,10784,1525,8124,1635,1767,10749,1576,14064	3520,16149,2982	0.000000	-204417.083276,-204442.482684,-204442.483568	1.000000	1.000000,0.000000,0.000000
1	100000	138	11850140217099969734	85956	1637,10734,1877,1630,8119,1499,10567,10778,1439,8017,1590,1826,10702,1615,13926	3703,16136,2938	0.000000	-204560.297151,-204609.501606,-204609.502835	1.000000	1.000000,0.000000,0.000000
1	100000	139	10211853904900860008	85928	1668,10744,1677,1686,8228,1511,10710,10533,1377,8029,1576,1797,10718,1645,14029	3474,16257,2888	0.000000	-204190.871155,-204217.176686,-204217.177761	1.000000	1.000000,0.000000,0.000000
1	100000	140	3869931143055133877	86012	1563,10750,1763,1584,8220,1462,10597,10813,1412,8181,1586,1706,10641,1605,14129	3469,16401,2874	0.000000	-203892.669789,-203922.620252,-203922.621312	1.000000	1.000000,0.000000,0.000000
1	100000	141	14339145014244154223	85924	1612,10690,1775,1613,8040,1449,10714,10821,1396,8085,1635,1778,10724,1706,13886	3553,16125,2845	0.000000	-204225.085378,-204264.219943,-204264.221184	1.000000	1.000000,0.000000,0.000000
1	100000	142	11775312417202694382	86142	1639,10654,1713,1727,8162,1523,10655,10746,1445,8122,1689,1786,10714,1627,13940	3499,16284,2968	0.000000	-205071.418547,-205092.711332,-205092.712266	1.000000	1.000000,0.000000,0.000000
1	100000	143	14084634425780457615	86118	1610,10646,1771,1578,8383,1477,10665,10771,1493,8219,1714,1762,10471,1659,13899	3533,16602,2970	0.000000	-204955.346277,-204980.431171,-204980.570775	1.000000	1.000000,0.000000,0.000000
1	100000	144	17841784850710769223	85937	1638,10858,1729,1663,8154,1479,10760,10763,1470,7970,1608,1737,10699,1600,13809	3466,16124,2949	0.000000	-204216.448528,-204238.267981,-204238.268822	1.000000	1.000000,0.000000,0.000000
1	100000	145	16466452248544319538	85918	1610,10714,1758,1644,8133,1498,10662,10608,1441,8247,1649,1753,10707,1610,13884	3511,16380,2939	0.000000	-204293.654493,-204320.183203,-204320.184171	1.000000	1.000000,0.000000,0.000000
1	100000	146	13933962888970999877	85970	1583,10749,1774,1625,8250,1456,10570,10720,1474,8118,1635,1718,10490,1627,14181	3492,16368,2930	0.000000	-204186.102861,-204211.694598,-204212.032037	1.000000	1.000000,0.000000,0.000000
1	100000	147	16554173432661755826	86140	1627,10611,1727,1629,8224,1402,10738,10579,1498,8206,1630,1701,10846,1620,14102	3428,16430,2900	0.000000	-204470.483698,-204492.225692,-204492.348968	1.000000	1.000000,0.000000,0.000000
1	100000	148	10123505300086629129	85956	1599,10508,1755,1592,8233,1458,10845,10759,1514,8015,1618,1837,10681,1641,13901	3592,16248,2972	0.000000	-204424.859104,-204457.768969,-204457.769957	1.000000	1.000000,0.000000,0.000000
1	100000	149	2340882816023648076	85870	1651,10746,1745,1622,8050,1451,10553,10804,1458,8169,1609,1816,10602,1641,13953	3561,16219,2909	0.000000	-204181.373239,-204215.681737,-204215.682858	1.000000	1.000000,0.000000,0.000000
1	100000	150	1527669765914891000	86052	1661,10581,1746,1655,8160,1496,10654,10821,1433,8163,1684,1744,10599,1663,13992	3490,16323,2929	0.000000	-204752.285286,-204775.827458,-204775.842652	1.000000	1.000000,0.000000,0.000000
1	100000	151	17188365652444639180	86052	1581,10685,1766,1626,8079,1435,10632,10685,1535,8227,1614,1772,10858,1640,13917	3538,16306,2970	0.000000	-204557.379419,-204584.696159,-204584.697080	1.000000	1.000000,0.000000,0.000000
1	100000	152	18402352469672074751	85821	1647,10801,1730,1612,8207,1440,10837,10552,1399,7944,1653,1812,10719,1610,13858	3542,16151,2839	0.000000	-203910.729850,-203949.700081,-203949.701302	1.000000	1.000000,0.000000,0.000000
1	100000	153	16167498344821800213	86011	1572,10780,1779,1576,7989,1478,10603,10694,1442,8180,1738,1723,10785,1611,14061	3502,16169,2920	0.000000	-204297.084318,-204324.956323,-204324.957349	1.000000	1.000000,0.000000,0.000000
1	100000	154	12042064327828784697	85833	1598,10845,1705,1660,8008,1514,10639,10788,1450,8064,1592,1715,10694,1624,13937	3420,16072,2964	0.000000	-203830.151361,-203847.498525,-203847.499286	1.000000	1.000000,0.000000,0.000000
1	100000	155	11731036616643762783	85835	1635,10685,1757,1657,8110,1454,10783,10767,1469,8138,1622,1689,10689,1620,13760	3446,16248,2923	0.000000	-204008.800980,-204030.297933,-204030.298809	1.000000	1.000000,0.000000,0.000000
1	100000	156	733335443895842122	86088	1608,10715,1676,1683,8162,1415,10595,10739,1556,8082,1627,1767,10669,1631,14163	3443,16244,2971	0.000000	-204543.476527,-204561.374090,-204561.374974	1.000000	1.000000,0.000000,0.000000
1	100000	157	407093596812716723	86123	1586,10660,1730,1619,8253,1479,10522,10962,1416,8076,1644,1799,10766,1680,13931	3529,16329,2895	0.000000	-204670.839204,-204702.803746,-204702.804840	1.000000	1.000000,0.000000,0.000000
1	100000	158	2847244189690971346	86039	1620,10788,1747,1611,8151,1515,10583,10576,1492,8252,1638,1718,10765,1603,13980	3465,16403,3007	0.000000	-204499.377196,-204517.252227,-204517.252988	1.000000	1.000000,0.000000,0.000000
1	100000	159	12904599493436253444	85900	1636,10800,1756,1583,8032,1490,10719,10692,1440,8070,1686,1772,10680,1578,13966	3528,16102,2930	0.000000	-204115.827193,-204145.482428,-204145.483438	1.000000	1.000000,0.000000,0.000000
1	100000	160	3956801553249967269	86063	1607,10688,1716,1565,7846,1392,10771,10814,1454,8346,1621,1768,10855,1618,14002	3484,16192,2846	0.000000	-204086.278025,-204119.616466,-204119.617586	1.000000	1.000000,0.000000,0.000000
1	100000	161	2713442637437954146	85983	1651,10740,1779,1652,8306,1392,10606,10712,1453,8216,1555,1684,10749,1650,13838	3463,16522,2845	0.000000	-204194.297865,-204223.657415,-204223.658497	1.000000	1.000000,0.000000,0.000000
1	100000	162	15066391795883464247	85965	1668,10648,1722,1654,8150,1454,10503,10806,1432,8282,1548,1805,10757,1612,13924	3527,16432,2886	0.000000	-204259.813457,-204292.762004,-204292.763107	1.000000	1.000000,0.000000,0.000000
1	100000	163	14610766328540318180	86114	1675,10820,1728,1615,8233,1441,10721,10585,1423,8065,1694,1786,10767,1635,13926	3514,16298,2864	0.000000	-204724.759411,-204756.730219,-204756.731381	1.000000	1.000000,0.000000,0.000000
1	100000	164	8335036225352804748	85946	1647,10678,1733,1653,8190,1452,10620,10702,1449,8108,1569,1807,10634,1655,14049	3540,16298,2901	0.000000	-204283.314378,-204315.997741,-204315.998877	1.000000	1.000000,0.000000,0.000000
1	100000	165	10737031498219119227	85885	1609,10409,1778,1629,8077,1490,10654,10547,1445,8325,1644,1762,10735,1586,14195	3540,16402,2935	0.000000	-204106.993837,-204136.346731,-204137.253024	1.000000	1.000000,0.000000,0.000000
1	100000	166	14853157656816857631	85978	1595,10801,1734,1620,8241,1473,10691,10628,1425,8175,1632,1764,10676,1545,13978	3498,16416,2898	0.000000	-204069.017783,-204099.237230,-204099.238258	1.000000	1.000000,0.000000,0.000000
1	100000	167	17987603285501063032	85983	1637,10593,1744,1624,8315,1445,10648,10751,1508,7951,1652,1640,10866,1579,14030	3384,16266,2953	0.000000	-204116.316017,-204131.271250,-204131.272019	1.000000	1.000000,0.000000,0.000000
1	100000	168	2269144055583486891	86214	1651,10691,1752,1603,8318,1441,10819,10727,1425,7960,1586,1804,10746,1666,14025	3556,16278,2866	0.000000	-204767.145290,-204805.365417,-204805.366630	1.000000	1.000000,0.000000,0.000000
1	100000	169	7704223983329528428	86127	1690,10749,1722,1588,8260,1503,10775,10714,1471,8160,1599,1785,10616,1657,13838	3507,16420,2974	0.000000	-204852.310762,-204875.504695,-204875.505569	1.000000	1.000000,0.000000,0.000000
1	100000	170	4611702258579718263	85843	1656,10668,1756,1615,8168,1472,10789,10732,1416,7957,1643,1731,10640,1600,14000	3487,16125,2888	0.000000	-203894.283375,-203922.856654,-203922.857720	1.000000	1.000000,0.000000,0.000000
1	100000	171	6314905478522040333	86047	1639,10759,1789,1671,8166,1440,10449,10644,1521,8232,1688,1725,10751,1602,13971	3514,16398,2961	0.000000	-204754.072751,-204778.392417,-204778.400309	1.000000	1.000000,0.000000,0.000000
1	100000	172	12638788017963642801	85927	1564,10745,1750,1711,8264,1456,10643,10515,1457,8130,1692,1749,10725,1621,13905	3499,16394,2913	0.000000	-204374.125446,-204401.091467,-204401.092507	1.000000	1.000000,0.000000,0.000000
1	100000	173	16200473714029997408	86036	1580,10686,1793,1619,8317,1507,10642,10566,1517,8208,1638,1719,10742,1593,13909	3512,16525,3024	0.000000	-204584.794357,-204605.731815,-204605.732590	1.000000	1.000000,0.000000,0.000000
1	100000	174	243501393188510847	86024	1713,10579,1840,1584,8175,1467,10636,10733,1419,8265,1594,1733,10682,1609,13995	3573,16440,2886	0.000000	-204481.490273,-204519.537549,-204519.538907	1.000000	1.000000,0.000000,0.000000
1	100000	175	15237253070441781531	86028	1659,10533,1824,1701,8229,1481,10585,10704,1501,8175,1641,1761,10644,1591,13999	3585,16404,2982	0.000000	-204864.624289,-204893.736708,-204893.779951	1.000000	1.000000,0.000000,0.000000
1	100000	176	6792226780737703571	86243	1680,10644,1735,1687,8284,1508,10541,10789,1505,8145,1638,1788,10671,1619,14009	3523,16429,3013	0.000000	-205327.657411,-205348.351551,-205348.361612	1.000000	1.000000,0.000000,0.000000
1	100000	177	18201240648811806807	85829	1567,10621,1749,1548,8129,1506,10701,10675,1518,8202,1642,1768,10599,1706,13898	3517,16331,3024	0.000000	-204176.195493,-204197.370365,-204197.371150	1.000000	1.000000,0.000000,0.000000
1	100000	178	17597690802410269471	86077	1653,10741,1729,1602,8384,1380,10631,10799,1497,8171,1648,1733,10570,1634,13905	3462,16555,2877	0.000000	-204499.155070,-204525.476623,-204525.531136	1.000000	1.000000,0.000000,0.000000
1	100000	179	9313240826654635130	85974	1669,10677,1700,1584,8157,1389,10793,10506,1449,8248,1656,1706,10778,1659,14003	3406,16405,2838	0.000000	-204097.434703,-204121.016752,-204121.170415	1.000000	1.000000,0.000000,0.000000
1	100000	180	15515538036134198104	85986	1600,10753,1773,1632,8141,1475,10731,10694,1519,8087,1561,1786,10735,1604,13895	3559,16228,2994	0.000000	-204370.578618,-204398.811811,-204398.812683	1.000000	1.000000,0.000000,0.000000
1	100000	181	13249737299657755740	86052	1594,10643,1680,1646,8042,1480,10679,10755,1438,8259,1610,1768,10792,1622,14044	3448,16301,2918	0.000000	-204276.127394,-204298.922785,-204298.923724	1.000000	1.000000,0.000000,0.000000
1	100000	182	1528090628952324023	86096	1560,10582,1707,1585,8085,1480,10479,10741,1528,8364,1604,1745,10778,1636,14222	3452,16449,3008	0.000000	-204381.139308,-204398.471206,-204398.747992	1.000000	1.000000,0.000000,0.000000
1	100000	183	2378056418840842140	85940	1568,10711,1718,1586,8024,1439,10582,10659,1502,8331,1634,1733,10724,1681,14048	3451,16355,2941	0.000000	-204101.396460,-204122.665185,-204122.666086	1.000000	1.000000,0.000000,0.000000
1	100000	184	7538698390163771613	85900	1631,10489,1726,1721,8217,1527,10687,10862,1439,8154,1630,1795,10772,1619,13631	3521,16371,2966	0.000000	-204554.671462,-204578.616873,-204578.617749	1.000000	1.000000,0.000000,0.000000
1	100000	185	2214942654302302500	85962	1655,10600,1677,1639,8283,1370,10630,10713,1517,8081,1654,1748,10706,1654,14035	3425,16364,2887	0.000000	-204249.841395,-204271.114174,-204271.356876	1.000000	1.000000,0.000000,0.000000
1	100000	186	17269131388655424297	86021	1626,10689,1715,1579,8195,1480,10740,10653,1511,8169,1645,1782,10593,1608,14036	3497,16364,2991	0.000000	-204438.477793,-204460.323136,-204460.323986	1.000000	1.000000,0.000000,0.000000
1	100000	187	18240146757832320610	86019	1652,10617,1691,1609,8125,1429,10594,10645,1489,8427,1577,1664,10707,1649,14144	3355,16552,2918	0.000000	-204104.549010,-204117.447641,-204119.224968	1.000000	0.970000,0.030000,0.000000
1	100000	188	2916305577429328704	85964	1717,10771,1670,1664,8220,1417,10639,10676,1405,8240,1665,1688,10532,1671,13989	3358,16460,2822	0.000000	-204257.609934,-204275.025944,-204276.701591	1.000000	1.000000,0.000000,0.000000
1	100000	189	1851443552918676826	86028	1649,10540,1751,1566,8128,1491,10727,10766,1391,8148,1629,1777,10702,1616,14147	3528,16276,2882	0.000000	-204240.499545,-204274.707039,-204274.708207	1.000000	1.000000,0.000000,0.000000
1	100000	190	16389863728633679740	86005	1624,10463,1743,1621,8163,1433,10797,10790,1532,8173,1559,1769,10674,1625,14039	3512,16336,2965	0.000000	-204315.225253,-204340.987684,-204340.988607	1.000000	1.000000,0.000000,0.000000
1	100000	191	2556472192402506681	86094	1655,10705,1791,1576,8099,1489,10750,10673,1447,8101,1673,1800,10825,1670,13840	3591,16200,2936	0.000000	-204876.841180,-204911.197048,-204911.198122	1.000000	1.000000,0.000000,0.000000
1	100000	192	17912354859083180611	86085	1628,10629,1703,1671,8069,1518,10636,10792,1424,8005,1521,1782,10816,1674,14217	3485,16074,2942	0.000000	-204389.333567,-204413.747126,-204413.748101	1.000000	1.000000,0.000000,0.000000
1	100000	193	11439294144246741908	86034	1684,10583,1750,1683,8112,1558,10664,10620,1419,8119,1612,1820,10695,1639,14076	3570,16231,2977	0.000000	-204821.949629,-204850.036478,-204850.037518	1.000000	1.000000,0.000000,0.000000
1	100000	194	15537973215926478771	86103	1647,10494,1720,1642,8208,1534,10635,10600,1419,8128,1613,1700,10842,1693,14228	3420,16336,2953	0.000000	-204590.794893,-204606.493282,-204607.419926	1.000000	1.000000,0.000000,0.000000
1	100000	195	10107327655645858801	86202	1750,10682,1743,1640,8149,1567,10813,10585,1511,8117,1641,1712,10912,1559,13821	3455,16266,3078	0.000000	-205188.547693,-205200.460461,-205200.461035	1.000000	1.000000,0.000000,0.000000
1	100000	196	9448197484851351625	85984	1541,10723,1693,1579,8360,1489,10684,10662,1457,8048,1583,1816,10690,1633,14026	3509,16408,2946	0.000000	-204077.830233,-204105.654213,-204105.655144	1.000000	1.000000,0.000000,0.000000
1	100000	197	7615304410410448413	86122	1637,10596,1796,1662,8228,1465,10781,10604,1479,8031,1661,1743,10691,1648,14100	3539,16259,2944	0.000000	-204867.251217,-204895.071890,-204895.072958	1.000000	1.000000,0.000000,0.000000
1	100000	198	5614209519117870996	86112	1611,10879,1758,1602,8126,1471,10780,10690,1478,8191,1621,1737,10523,1583,14062	3495,16317,2949	0.000000	-204444.114584,-204469.509623,-204469.510548	1.000000	1.000000,0.000000,0.000000
1	100000	199	9939270106595143123	85989	1577,10677,1768,1646,8163,1444,10594,10550,1549,8216,1679,1770,10583,1655,14118	3538,16379,2993	0.000000	-204616.503430,-204640.484364,-204640.863425	1.000000	1.000000,0.000000,0.000000
1.5	100	0	531340549578659220	79	2,15,1,1,8,0,14,9,1,12,2,1,6,0,7	2,20,1	0.000000	-180.687319,-180.687319,-180.687320	0.500000	0.248333,0.658333,0.093333
1.5	100	1	5559352286246446088	90	3,13,3,0,9,1,10,11,2,13,3,1,9,2,10	4,22,3	0.000000	-217.643850,-217.636998,-217.643851	0.000000	0.140000,0.760000,0.100000
1.5	100	2	2003033007452000347	90	3,10,1,2,10,2,12,10,0,8,2,2,15,1,12	3,18,2	0.000000	-213.465168,-213.510934,-213.510935	1.000000	0.461667,0.411667,0.126667
1.5	100	3	9010509280777185605	88	0,11,3,1,10,0,12,7,1,12,3,0,11,1,16	3,22,1	0.000000	-200.545660,-199.824076,-200.546202	0.000000	0.150000,0.820000,0.030000
1.5	100	4	9082401628837039429	86	1,11,3,2,7,0,20,10,1,5,2,2,10,2,10	5,12,1	0.000000	-202.471828,-202.663115,-202.663121	1.000000	0.781667,0.156667,0.061667
1.5	100	5	6178784561724822451	97	0,12,5,1,10,3,16,13,0,11,1,3,8,5,9	8,21,3	0.000000	-237.139725,-237.139725,-237.139725	1.000000	0.566667,0.366667,0.066667
1.5	100	6	9769212409498058626	87	3,5,2,1,9,1,12,13,0,13,1,4,10,2,11	6,22,1	0.000000	-208.789412,-208.638492,-208.789412	0.000000	0.228333,0.768333,0.003333
1.5	100	7	2091489315986842725	85	0,10,1,3,7,0,13,14,2,7,2,1,11,2,12	2,14,2	0.000000	-197.383771,-197.383768,-197.383770	0.000000	0.316667,0.356667,0.326667
1.5	100	8	14240044856766619495	88	1,13,0,0,7,1,14,9,2,11,0,1,18,0,11	1,18,3	0.000000	-190.001194,-190.001192,-189.976423	0.000000	0.118333,0.218333,0.663333
1.5	100	9	350377184410061145	86	1,9,1,1,8,0,10,12,3,9,1,3,14,3,11	4,17,3	0.000000	-205.001929,-205.001929,-205.001931	1.000000	0.423333,0.358333,0.218333
1.5	100	10	12979131364741160177	84	1,8,0,1,5,2,13,9,0,11,1,1,19,5,8	1,16,2	0.000000	-196.783373,-196.783370,-196.783373	0.000000	0.211667,0.451667,0.336667
1.5	100	11	294907260993683551	92	3,10,0,2,14,0,12,16,1,8,1,3,9,3,10	3,22,1	0.000000	-217.755055,-217.714648,-217.755055	0.000000	0.146667,0.821667,0.031667
1.5	100	12	5827383159496396428	89	0,17,3,4,10,1,9,10,3,9,0,2,7,4,10	5,19,4	0.000000	-218.552559,-218.552559,-218.552559	0.333333	0.231667,0.591667,0.176667
1.5	100	13	11557364418969606445	88	2,8,1,1,10,0,8,10,1,14,2,2,14,2,13	3,24,1	0.000000	-205.582837,-204.733246,-205.582840	0.000000	0.058333,0.933333,0.008333
1.5	100	14	8421181687398459665	89	1,6,1,1,8,2,13,17,4,10,2,3,9,0,12	4,18,6	0.000000	-211.176572,-211.176572,-211.176572	0.000000	0.146667,0.426667,0.426667
1.5	100	15	15278315095009352983	85	0,12,0,3,6,4,13,8,0,9,3,3,9,1,14	3,15,4	0.000000	-202.524565,-202.524557,-202.524560	0.000000	0.140000,0.410000,0.450000
1.5	100	16	17525230934150858087	83	4,15,1,1,10,1,10,6,3,9,1,1,7,1,13	2,19,4	0.000000	-198.405823,-198.132027,-198.374034	0.000000	0.028333,0.773333,0.198333
1.5	100	17	4469529736487889622	85	1,6,2,0,11,2,14,12,1,8,1,1,15,1,10	3,19,3	0.000000	-194.951256,-194.951255,-194.951255	0.000000	0.296667,0.386667,0.316667
1.5	100	18	13153352480947458983	85	0,9,1,4,13,1,11,8,1,12,2,1,12,1,9	2,25,2	0.000000	-199.604136,-199.234032,-199.604135	0.000000	0.025000,0.910000,0.065000
1.5	100	19	13094763892641847743	87	0,11,0,2,11,4,8,10,1,6,2,1,15,1,15	1,17,5	0.000000	-200.421163,-200.415351,-200.316703	0.000000	0.035000,0.510000,0.455000
1.5	100	20	4647777683415849228	94	0,10,1,3,15,2,5,13,0,11,2,5,11,2,14	6,26,2	0.000000	-226.045526,-225.315154,-226.106025	0.000000	0.115000,0.885000,0.000000
1.5	100	21	13046804526899302314	89	2,12,0,2,6,2,11,13,3,11,0,2,5,2,18	2,17,5	0.000000	-208.398831,-208.155515,-208.198358	0.000000	0.066667,0.516667,0.416667
1.5	100	22	273808200648387310	89	3,11,2,1,14,1,4,8,1,11,1,3,13,2,14	5,25,2	0.000000	-212.008808,-210.481194,-212.008816	0.000000	0.020000,0.960000,0.020000
1.5	100	23	8113787369605501002	87	6,7,2,3,13,1,18,8,1,5,0,1,11,0,11	3,18,2	0.000000	-208.489937,-208.481119,-208.491479	0.000000	0.246667,0.646667,0.106667
1.5	100	24	3180587524529474517	82	1,3,0,1,10,1,12,7,2,15,6,2,12,0,10	2,25,3	0.000000	-197.061846,-195.759506,-197.061848	0.000000	0.005000,0.980000,0.015000
1.5	100	25	12277965698925890249	86	4,12,0,3,12,0,14,11,2,5,1,1,8,4,9	1,17,2	0.000000	-208.269033,-208.248549,-208.269029	0.000000	0.086667,0.761667,0.151667
1.5	100	26	11332182908249968771	91	1,12,0,2,11,0,12,14,1,11,1,1,11,3,11	1,22,1	0.000000	-207.517925,-207.506341,-207.517925	0.000000	0.081667,0.746667,0.171667
1.5	100	27	650351702232962114	89	0,14,1,0,10,1,15,9,1,7,4,1,11,0,15	2,17,2	0.000000	-198.677820,-198.677808,-198.677819	0.000000	0.273333,0.468333,0.258333
1.5	100	28	4159183529103891925	86	3,10,3,0,13,1,11,12,0,5,0,1,14,2,11	4,18,1	0.000000	-198.349760,-198.349759,-198.349778	0.000000	0.408333,0.473333,0.118333
1.5	100	29	15826229886754323047	88	0,12,0,1,14,5,7,18,1,8,2,3,7,3,7	3,22,6	0.000000	-213.311468,-213.311467,-213.311467	0.000000	0.043333,0.568333,0.388333
1.5	100	30	17843468146049724749	86	1,13,4,2,9,1,7,10,4,15,1,3,8,0,8	7,24,5	0.000000	-210.802556,-210.802556,-210.802556	0.000000	0.175000,0.780000,0.045000
1.5	100	31	1198617018224365218	93	0,16,1,3,3,0,13,13,0,10,1,2,14,3,14	3,13,0	0.000000	-210.744901,-211.321610,-211.321623	1.000000	0.850000,0.120000,0.030000
1.5	100	32	17464283696816229928	92	3,10,2,2,10,2,9,15,0,14,3,1,8,2,11	3,24,2	0.000000	-221.799788,-221.271849,-221.799788	0.000000	0.053333,0.923333,0.023333
1.5	100	33	7149090743000514344	83	2,9,0,0,16,3,15,4,3,11,0,2,3,3,12	2,27,6	0.000000	-198.535306,-196.832142,-198.535294	0.000000	0.006667,0.986667,0.006667
1.5	100	34	9005008547345831652	87	0,17,2,1,12,0,11,11,2,10,0,1,7,1,12	3,22,2	0.000000	-194.457651,-194.465006,-194.465007	1.000000	0.346667,0.506667,0.146667
1.5	100	35	13290819078009590727	96	3,13,2,1,8,1,4,12,4,11,3,2,14,3,15	4,19,5	0.000000	-234.958860,-234.762820,-234.937004	0.000000	0.096667,0.731667,0.171667
1.5	100	36	9705437819175883295	87	2,9,2,0,6,1,11,10,5,13,4,0,11,2,11	2,19,6	0.000000	-212.656396,-212.656393,-212.434177	0.000000	0.023333,0.438333,0.538333
1.5	100	37	580324811511911039	84	3,9,1,0,5,2,11,11,2,8,1,3,15,2,11	4,13,4	0.000000	-201.117009,-201.117007,-201.117008	0.000000	0.336667,0.221667,0.441667
1.5	100	38	1010674202488784858	89	0,19,2,0,9,0,11,8,0,7,2,2,9,1,19	4,16,0	0.000000	-193.307255,-194.430103,-194.458073	1.000000	0.661667,0.331667,0.006667
1.5	100	39	6504196266097600620	85	0,11,3,1,10,1,15,4,1,15,1,2,7,3,11	5,25,2	0.000000	-201.607677,-201.277754,-201.607677	0.000000	0.133333,0.858333,0.008333
1.5	100	40	12105333422615491736	85	2,17,0,0,8,0,9,9,2,7,1,1,12,2,15	1,15,2	0.000000	-189.214533,-189.214526,-189.206670	0.000000	0.166667,0.446667,0.386667
1.5	100	41	15524431291960562485	89	3,8,3,0,14,1,7,10,0,8,2,1,15,2,15	4,22,1	0.000000	-208.534283,-207.651298,-208.534386	0.000000	0.111667,0.881667,0.006667
1.5	100	42	17694058402844014328	87	1,8,3,2,9,1,13,8,3,13,2,0,14,1,9	3,22,4	0.000000	-207.704518,-207.704518,-207.704518	0.000000	0.110000,0.680000,0.210000
1.5	100	43	14845402001868162015	85	0,10,1,2,8,3,22,12,0,3,1,0,7,1,15	1,11,3	0.000000	-186.188861,-186.188857,-185.938019	0.000000	0.106667,0.136667,0.756667
1.5	100	44	8411952024639425732	90	3,11,2,2,13,0,16,10,2,6,2,0,7,0,16	2,19,2	0.000000	-208.181172,-207.828621,-208.181172	0.000000	0.106667,0.701667,0.191667
1.5	100	45	1223776882199071448	89	0,12,2,0,9,2,14,3,2,18,0,4,9,3,11	6,27,4	0.000000	-211.845687,-211.732645,-211.845690	0.000000	0.096667,0.881667,0.021667
1.5	100	46	7882007040837066917	91	4,11,2,1,12,2,8,12,1,8,0,2,12,4,12	4,20,3	0.000000	-220.157821,-220.085499,-220.157826	0.000000	0.135000,0.775000,0.090000
1.5	100	47	5185787551264733458	90	0,10,2,0,6,3,11,9,2,13,1,1,15,0,17	3,19,5	0.000000	-203.637924,-203.637919,-203.470987	0.000000	0.193333,0.268333,0.538333
1.5	100	48	6907926174039003613	92	2,13,2,2,5,4,12,7,3,9,4,0,10,3,16	2,14,7	0.000000	-226.784121,-226.760934,-225.845640	0.000000	0.016667,0.306667,0.676667
1.5	100	49	16603055388114132249	86	1,11,0,0,11,1,13,9,1,13,0,2,13,1,10	2,24,2	0.000000	-189.898565,-189.898565,-189.898566	0.500000	0.131667,0.701667,0.166667
1.5	100	50	6494808770393617793	90	1,11,8,1,9,4,11,10,2,6,3,1,12,2,9	9,15,6	0.000000	-227.532716,-227.788894,-227.788894	1.000000	0.626667,0.151667,0.221667
1.5	100	51	1662590109459301404	86	2,8,0,1,2,0,12,16,3,11,2,2,5,2,20	2,13,3	0.000000	-195.754236,-195.419009,-195.754206	0.000000	0.121667,0.686667,0.191667
1.5	100	52	8753583072371132404	96	1,11,2,1,18,2,8,12,1,13,3,1,10,1,12	3,31,3	0.000000	-224.579687,-223.549284,-224.579687	0.000000	0.018333,0.978333,0.003333
1.5	100	53	9479815211013342350	89	2,14,2,2,12,3,8,6,1,10,0,2,14,1,12	4,22,4	0.000000	-210.427764,-210.395649,-210.427764	0.000000	0.065000,0.865000,0.070000
1.5	100	54	12034526851317554321	89	2,17,1,1,11,1,12,8,3,9,3,3,7,0,11	4,20,4	0.000000	-213.443736,-213.447445,-213.443735	0.000000	0.225000,0.480000,0.295000
1.5	100	55	17785011342808702987	85	2,9,1,1,5,3,14,12,2,4,5,1,9,0,17	2,9,5	0.000000	-199.993268,-199.993259,-199.326442	0.000000	0.075000,0.090000,0.835000
1.5	100	56	7987788774462034180	87	3,12,0,1,7,1,16,13,0,10,5,0,8,0,11	0,17,1	0.000000	-200.147555,-200.146902,-200.147554	0.000000	0.091667,0.696667,0.211667
1.5	100	57	17451369662809043781	89	2,13,2,2,6,1,5,12,0,10,3,2,11,3,17	4,16,1	0.000000	-212.239874,-212.010339,-212.558013	0.000000	0.258333,0.738333,0.003333
1.5	100	58	9109841415271471697	86	0,12,2,1,14,0,12,7,1,11,1,2,10,2,11	4,25,1	0.000000	-197.322736,-197.143586,-197.322738	0.000000	0.216667,0.766667,0.016667
1.5	100	59	14894311203649481031	91	2,12,3,4,9,0,9,11,3,8,3,0,11,5,11	3,17,3	0.000000	-227.229449,-227.112813,-227.229449	0.000000	0.165000,0.655000,0.180000
1.5	100	60	6951423585821526094	89	0,11,3,2,8,3,14,10,3,12,1,2,8,0,12	5,20,6	0.000000	-213.194555,-213.194553,-213.194554	0.000000	0.208333,0.418333,0.373333
1.5	100	61	14544129312338277395	91	2,15,3,2,7,1,9,14,1,4,1,2,12,2,16	5,11,2	0.000000	-213.078605,-213.644010,-213.644016	1.000000	0.748333,0.063333,0.188333
1.5	100	62	12912915236267747770	86	2,16,1,0,15,5,9,5,3,10,2,0,8,2,8	1,25,8	0.000000	-208.764334,-208.700105,-208.764330	0.000000	0.005000,0.675000,0.320000
1.5	100	63	10253842410227479289	93	1,12,3,0,8,2,11,11,5,5,0,2,10,4,19	5,13,7	0.000000	-221.417177,-221.417172,-221.356618	0.000000	0.265000,0.160000,0.575000
1.5	100	64	2330196600879919657	88	0,11,1,4,6,2,16,11,4,8,4,1,6,0,14	2,14,6	0.000000	-210.287939,-210.287922,-210.266180	0.000000	0.096667,0.341667,0.561667
1.5	100	65	3692940636193756712	88	1,10,2,5,6,0,7,14,2,11,0,1,15,1,13	3,17,2	0.000000	-206.497897,-206.497897,-206.497901	0.000000	0.326667,0.506667,0.166667
1.5	100	66	15061348763962374264	94	1,9,2,1,10,2,11,9,1,12,3,1,8,3,21	3,22,3	0.000000	-222.539328,-220.067533,-222.539328	0.000000	0.010000,0.970000,0.020000
1.5	100	67	2057006116602933102	84	3,11,2,1,11,1,15,7,1,13,1,0,10,1,7	2,24,2	0.000000	-195.453710,-195.451732,-195.453710	0.000000	0.073333,0.878333,0.048333
1.5	100	68	18005274553201735037	88	3,6,2,2,11,3,13,12,3,8,2,2,11,0,10	4,19,6	0.000000	-216.076253,-216.076253,-216.076253	0.333333	0.110000,0.410000,0.480000
1.5	100	69	18282713720084480089	89	3,13,3,1,10,0,9,7,1,14,1,4,9,3,11	7,24,1	0.000000	-216.224146,-215.724624,-216.224158	0.000000	0.093333,0.903333,0.003333
1.5	100	70	6458829463461441992	83	1,10,1,1,12,1,15,4,1,7,0,2,16,0,12	3,19,2	0.000000	-185.596721,-185.596721,-185.596721	0.333333	0.383333,0.483333,0.133333
1.5	100	71	11599046330109502495	87	2,12,2,2,8,1,16,6,5,10,1,1,12,1,8	3,18,6	0.000000	-211.127810,-211.127809,-211.103632	0.000000	0.068333,0.338333,0.593333
1.5	100	72	8623581334612269165	87	4,7,1,0,14,1,7,9,0,7,2,5,18,2,10	6,21,1	0.000000	-209.559665,-209.478795,-209.559679	0.000000	0.198333,0.788333,0.013333
1.5	100	73	14738817749131926712	86	0,14,2,2,12,2,9,7,1,9,1,3,9,0,15	5,21,3	0.000000	-200.600762,-200.499157,-200.627737	0.000000	0.315000,0.630000,0.055000
1.5	100	74	14729862525437079172	88	4,7,2,4,11,1,10,4,1,4,3,2,20,2,13	4,15,2	0.000000	-216.474009,-216.165100,-216.484631	0.000000	0.266667,0.686667,0.046667
1.5	100	75	16471827399351717867	92	3,9,4,3,11,2,7,13,1,13,1,1,13,3,8	5,24,3	0.000000	-226.902536,-226.863165,-226.904339	0.000000	0.150000,0.800000,0.050000
1.5	100	76	11849708927354872895	84	0,12,3,3,10,2,10,7,1,9,2,2,10,2,11	5,19,3	0.000000	-204.439637,-204.441710,-204.449305	1.000000	0.341667,0.581667,0.076667
1.5	100	77	8160640240817154335	87	3,7,2,1,7,2,13,12,1,11,0,2,8,2,16	4,18,3	0.000000	-204.755048,-204.543533,-204.760034	0.000000	0.191667,0.736667,0.071667
1.5	100	78	6147092610830105823	87	0,9,3,3,6,2,11,10,3,12,2,2,9,1,14	5,18,5	0.000000	-211.476752,-211.472266,-211.476752	0.000000	0.188333,0.558333,0.253333
1.5	100	79	8646227215603741082	79	1,8,1,0,10,3,13,7,4,7,2,1,8,0,14	2,17,7	0.000000	-187.627545,-187.624886,-186.885215	0.000000	0.038333,0.263333,0.698333
1.5	100	80	14962952087018077605	90	4,9,1,3,7,2,18,10,2,10,1,1,12,0,10	2,17,4	0.000000	-214.974807,-214.974807,-214.972218	0.000000	0.146667,0.351667,0.501667
1.5	100	81	9199177768347483243	87	1,13,1,1,7,1,11,7,3,13,1,2,15,1,10	3,20,4	0.000000	-202.955402,-202.955402,-202.955402	0.333333	0.160000,0.470000,0.370000
1.5	100	82	13226063950470334758	88	0,9,3,0,6,1,6,13,0,15,1,4,17,2,11	7,21,1	0.000000	-204.566904,-204.575315,-204.575329	1.000000	0.660000,0.340000,0.000000
1.5	100	83	3777992536003693482	84	1,8,4,2,8,1,14,7,2,12,4,1,7,3,10	5,20,3	0.000000	-208.970350,-208.697323,-208.970352	0.000000	0.138333,0.828333,0.033333
1.5	100	84	17281112001484156705	88	1,14,4,1,12,0,10,12,1,11,4,1,6,2,9	5,23,1	0.000000	-211.547197,-211.486431,-211.667553	0.000000	0.291667,0.701667,0.006667
1.5	100	85	12714622514663737872	91	1,11,2,2,8,0,11,11,0,13,2,0,17,1,12	2,21,0	0.000000	-204.725206,-204.756581,-204.756581	1.000000	0.363333,0.573333,0.063333
1.5	100	86	1598940614663217291	93	2,12,3,1,5,1,13,13,2,14,2,0,11,1,13	3,19,3	0.000000	-217.772105,-217.772116,-217.772105	0.500000	0.326667,0.386667,0.286667
1.5	100	87	12339579341881228626	89	2,12,0,2,15,1,11,14,1,7,2,1,12,0,9	1,22,2	0.000000	-203.538220,-203.538220,-203.536800	0.000000	0.080000,0.665000,0.255000
1.5	100	88	14339280608054019869	85	0,8,1,3,13,1,8,6,4,9,1,2,15,4,10	3,22,5	0.000000	-208.183161,-207.959930,-208.183161	0.000000	0.018333,0.858333,0.123333
1.5	100	89	1716266856895293993	90	2,4,2,3,10,6,7,11,2,14,2,1,15,1,10	3,24,8	0.000000	-223.960665,-223.834701,-223.960662	0.000000	0.003333,0.793333,0.203333
1.5	100	90	3750768172991446452	88	0,11,0,3,10,0,12,9,1,10,2,2,11,2,15	2,20,1	0.000000	-202.602554,-202.128920,-202.602559	0.000000	0.138333,0.818333,0.043333
1.5	100	91	10113267110070369852	89	1,10,0,2,10,1,14,13,3,11,2,3,8,1,10	3,21,4	0.000000	-211.369804,-211.369804,-211.369804	0.333333	0.126667,0.676667,0.196667
1.5	100	92	14512596076876947345	87	5,13,1,0,8,4,8,16,1,8,1,1,11,0,10	2,16,5	0.000000	-206.631593,-206.631584,-206.630995	0.000000	0.100000,0.250000,0.650000
1.5	100	93	3515969894245208591	89	1,11,0,4,10,0,15,7,0,12,3,1,11,0,14	1,22,0	0.000000	-202.338947,-201.457335,-202.338954	0.000000	0.041667,0.936667,0.021667
1.5	100	94	3360130787863613541	88	1,16,0,1,10,1,7,5,1,12,1,2,13,5,13	2,22,2	0.000000	-204.902511,-204.028503,-204.902515	0.000000	0.013333,0.978333,0.008333
1.5	100	95	7716344590743142736	89	1,10,0,2,8,1,12,15,1,10,2,1,13,2,11	1,18,2	0.000000	-205.315459,-205.315458,-205.278797	0.000000	0.176667,0.376667,0.446667
1.5	100	96	13681313979385024564	84	2,9,0,4,13,2,10,13,2,6,2,3,10,1,7	3,19,4	0.000000	-206.410385,-206.410385,-206.410385	0.500000	0.090000,0.705000,0.205000
1.5	100	97	7701422749740096015	89	0,12,4,2,12,4,11,5,2,7,2,3,10,2,13	7,19,6	0.000000	-221.083051,-221.124726,-221.124726	1.000000	0.390000,0.435000,0.175000
1.5	100	98	1618068150448420987	84	3,8,4,0,11,3,9,12,2,6,3,1,8,2,12	5,17,5	0.000000	-208.657088,-208.661653,-208.667346	1.000000	0.260000,0.525000,0.215000
1.5	100	99	17151470607190368506	82	4,12,2,0,10,0,4,5,4,9,2,4,6,2,18	6,19,4	0.000000	-201.720673,-199.265130,-201.720674	0.000000	0.030000,0.940000,0.030000
1.5	100	100	13463695397946001638	87	0,10,3,1,12,1,13,11,1,7,1,1,9,3,14	4,19,2	0.000000	-202.762505,-202.930472,-202.948425	1.000000	0.498333,0.398333,0.103333
1.5	100	101	775330382152191829	86	0,9,4,2,11,0,5,12,1,10,0,0,12,4,16	4,21,1	0.000000	-200.289963,-199.396634,-200.383436	0.000000	0.086667,0.901667,0.011667
1.5	100	102	17747287868485153097	92	1,12,1,0,8,1,12,16,2,7,2,4,13,1,12	5,15,3	0.000000	-214.764084,-215.085891,-215.085891	1.000000	0.656667,0.101667,0.241667
1.5	100	103	15334192394338716742	92	3,9,5,0,14,3,14,14,0,9,1,0,9,1,10	5,23,3	0.000000	-217.755055,-217.755055,-217.755055	0.500000	0.321667,0.631667,0.046667
1.5	100	104	4282893640910737634	89	2,9,1,0,13,2,10,12,1,9,0,1,12,1,16	2,22,3	0.000000	-200.131379,-199.883850,-200.131372	0.000000	0.115000,0.745000,0.140000
1.5	100	105	7724033746960986770	88	2,7,3,0,8,2,8,12,2,10,1,4,15,1,13	7,18,4	0.000000	-212.315475,-212.437048,-212.437053	1.000000	0.566667,0.301667,0.131667
1.5	100	106	6652729520520702698	87	1,13,0,2,9,1,8,11,1,11,4,2,11,1,12	2,20,2	0.000000	-204.934641,-204.755729,-204.934638	0.000000	0.101667,0.821667,0.076667
1.5	100	107	16491284715230546888	84	2,13,1,0,8,0,5,18,3,5,0,2,12,1,14	3,13,3	0.000000	-190.155020,-190.155017,-190.155019	0.000000	0.383333,0.173333,0.443333
1.5	100	108	4186047604954259602	92	0,9,4,0,10,1,13,12,1,13,3,1,7,2,16	5,23,2	0.000000	-214.585370,-214.024685,-214.585375	0.000000	0.171667,0.801667,0.026667
1.5	100	109	7604807723998154461	88	4,10,0,2,17,2,13,11,0,11,0,1,10,0,7	1,28,2	0.000000	-201.486114,-201.325149,-201.486114	0.000000	0.003333,0.938333,0.058333
1.5	100	110	8340566232969472451	86	2,8,1,1,8,1,12,10,4,8,1,2,12,1,15	3,16,5	0.000000	-203.955975,-203.955974,-203.709948	0.000000	0.151667,0.336667,0.511667
1.5	100	111	14311624794718504591	86	1,10,1,1,4,2,10,14,1,8,3,4,14,2,11	5,12,3	0.000000	-207.399248,-207.672167,-207.672168	1.000000	0.613333,0.128333,0.258333
1.5	100	112	13291050326992000067	91	2,14,5,2,5,0,10,12,0,9,2,4,13,2,11	9,14,0	0.000000	-219.397220,-220.594241,-220.594254	1.000000	0.965000,0.035000,0.000000
1.5	100	113	16479779364796061238	95	2,7,2,3,13,1,13,17,1,13,0,0,6,4,13	2,26,2	0.000000	-222.662347,-221.365780,-222.662345	0.000000	0.000000,1.000000,0.000000
1.5	100	114	18368206113515960241	89	0,10,0,1,12,1,12,8,3,8,0,0,12,4,18	0,20,4	0.000000	-201.433398,-200.801327,-201.100683	0.000000	0.003333,0.673333,0.323333
1.5	100	115	142260499147697590	91	0,12,3,2,10,3,9,9,4,8,3,1,14,0,13	4,18,7	0.000000	-218.876946,-218.918946,-218.876935	0.000000	0.143333,0.433333,0.423333
1.5	100	116	11817239739904445424	90	0,8,3,3,6,2,11,9,1,15,2,6,7,2,15	9,21,3	0.000000	-222.095656,-221.795115,-222.214297	0.000000	0.425000,0.565000,0.010000
1.5	100	117	5814540177973306782	90	2,16,3,2,7,2,9,10,0,11,1,1,12,2,12	4,18,2	0.000000	-212.414744,-212.414744,-212.414745	0.500000	0.335000,0.525000,0.140000
1.5	100	118	10385193777401682154	87	2,8,1,1,8,0,12,8,3,11,2,3,13,0,15	4,19,3	0.000000	-204.914043,-204.922231,-204.990360	1.000000	0.406667,0.511667,0.081667
1.5	100	119	12614675124849455364	89	1,17,1,3,5,1,9,9,2,11,1,3,12,2,12	4,16,3	0.000000	-211.675786,-211.678415,-211.678415	1.000000	0.478333,0.288333,0.233333
1.5	100	120	10310820329156056545	84	1,8,2,2,12,0,13,5,2,10,2,5,8,3,11	7,22,2	0.000000	-207.816150,-207.425074,-207.849059	0.000000	0.135000,0.865000,0.000000
1.5	100	121	15320268154061030510	89	2,9,2,2,15,0,17,5,3,12,1,1,9,2,9	3,27,3	0.000000	-211.930473,-211.579587,-211.930473	0.000000	0.018333,0.938333,0.043333
1.5	100	122	12319067826410850171	83	2,12,0,2,10,4,14,9,1,7,1,5,7,1,8	5,17,5	0.000000	-204.176708,-204.176708,-204.176708	0.333333	0.383333,0.303333,0.313333
1.5	100	123	15600669674251526552	88	1,10,3,2,13,2,9,12,2,8,3,2,11,1,9	5,21,4	0.000000	-215.068630,-215.070726,-215.068631	1.000000	0.205000,0.700000,0.095000
1.5	100	124	13852205867033128400	88	2,12,2,1,6,2,11,14,4,9,2,3,11,2,7	5,15,6	0.000000	-218.017226,-218.020938,-218.016228	0.000000	0.353333,0.203333,0.443333
1.5	100	125	4926205702294730526	90	1,11,1,0,16,3,13,14,2,10,3,1,5,4,6	2,26,5	0.000000	-217.431894,-217.416261,-217.431891	0.000000	0.005000,0.945000,0.050000
1.5	100	126	10731626309394130780	91	3,9,1,0,14,3,6,10,1,9,2,3,20,1,9	4,23,4	0.000000	-217.216799,-217.216799,-217.216799	0.000000	0.136667,0.741667,0.121667
1.5	100	127	16374045575082265879	86	1,8,3,1,17,2,8,12,3,9,1,2,9,4,6	5,26,5	0.000000	-212.374198,-212.353845,-212.374198	0.000000	0.043333,0.898333,0.058333
1.5	100	128	1189708595537063176	90	2,11,2,3,12,1,13,5,1,7,3,3,14,3,10	5,19,2	0.000000	-221.977962,-221.961857,-221.977962	0.000000	0.351667,0.616667,0.031667
1.5	100	129	148599653384481028	85	1,7,3,3,11,1,9,11,4,11,1,0,12,1,10	3,22,5	0.000000	-205.292278,-205.281948,-205.292278	0.000000	0.100000,0.720000,0.180000
1.5	100	130	11794792871290449360	85	2,11,1,1,10,2,13,11,0,9,3,1,9,1,11	2,19,2	0.000000	-199.274935,-199.271715,-199.274934	0.000000	0.163333,0.663333,0.173333
1.5	100	131	7051468436274639895	92	5,10,2,3,4,2,12,16,2,10,1,1,8,2,14	3,14,4	0.000000	-223.356419,-223.356419,-223.356420	0.000000	0.265000,0.510000,0.225000
1.5	100	132	6147034049942183027	84	2,10,2,1,12,1,10,8,0,8,2,2,16,0,10	4,20,1	0.000000	-194.781719,-194.781719,-194.781720	0.500000	0.385000,0.580000,0.035000
1.5	100	133	1198546387994253896	84	1,14,2,0,6,1,11,9,3,12,4,3,6,0,12	5,18,4	0.000000	-202.476244,-202.476244,-202.476247	0.000000	0.355000,0.425000,0.220000
1.5	100	134	191354674817899546	87	2,7,2,2,9,1,10,9,1,13,1,0,12,2,16	2,22,2	0.000000	-203.314868,-201.929785,-203.314868	0.000000	0.033333,0.943333,0.023333
1.5	100	135	7349227056844427469	88	2,4,3,2,17,2,8,11,2,12,0,1,15,0,9	4,29,4	0.000000	-207.893496,-207.623020,-207.893496	0.000000	0.021667,0.951667,0.026667
1.5	100	136	1781987466194395110	86	5,6,1,0,11,1,14,12,2,11,3,1,8,0,11	2,22,3	0.000000	-204.389437,-203.956017,-204.389435	0.000000	0.003333,0.953333,0.043333
1.5	100	137	16994997111938122316	88	1,8,2,0,13,3,7,9,1,8,4,2,10,0,20	4,21,4	0.000000	-207.619281,-206.042631,-207.619282	0.000000	0.050000,0.910000,0.040000
1.5	100	138	4326890415544616695	92	1,13,1,0,11,2,10,11,4,10,2,1,9,1,16	2,21,6	0.000000	-215.478651,-215.420574,-214.840016	0.000000	0.005000,0.550000,0.445000
1.5	100	139	8912215566122913076	89	0,15,2,2,14,0,5,13,3,8,1,3,12,1,10	5,22,3	0.000000	-209.564344,-209.564344,-209.564344	0.500000	0.358333,0.563333,0.078333
1.5	100	140	4674043663573856747	88	0,8,2,2,8,1,10,10,3,11,1,2,13,2,15	4,19,4	0.000000	-209.007050,-208.983625,-209.014999	0.000000	0.235000,0.525000,0.240000
1.5	100	141	3221443538880421085	89	4,12,1,0,7,2,8,16,3,10,1,1,10,1,13	2,17,5	0.000000	-210.121195,-210.121184,-210.118862	0.000000	0.098333,0.293333,0.608333
1.5	100	142	7448818452037802684	87	1,10,2,0,12,1,9,10,2,8,3,2,9,1,17	4,20,3	0.000000	-204.675723,-204.228292,-204.755848	0.000000	0.193333,0.723333,0.083333
1.5	100	143	17829038085141321853	91	5,14,0,0,10,3,12,13,2,9,3,3,9,1,7	3,19,5	0.000000	-222.997920,-222.997918,-222.997918	0.000000	0.186667,0.461667,0.351667
1.5	100	144	6561643071070893676	89	1,8,1,3,11,0,10,8,1,15,0,0,15,2,14	1,26,1	0.000000	-201.025937,-199.655663,-201.025937	0.000000	0.008333,0.973333,0.018333
1.5	100	145	10228516820402376889	84	4,9,1,2,15,0,8,10,0,13,0,2,7,3,10	3,28,0	0.000000	-199.508600,-197.031713,-199.508600	0.000000	0.010000,0.990000,0.000000
1.5	100	146	15395100873326579088	93	1,11,6,4,12,2,16,10,3,11,1,1,5,0,10	7,23,5	0.000000	-228.046502,-228.046502,-228.046507	0.000000	0.210000,0.700000,0.090000
1.5	100	147	1363307416883832087	89	2,18,1,3,10,0,8,9,0,9,4,1,13,0,11	2,19,0	0.000000	-205.646570,-205.590325,-205.646567	0.000000	0.183333,0.738333,0.078333
1.5	100	148	2969609414391889927	87	4,13,0,2,11,0,6,12,0,9,2,3,12,0,13	3,20,0	0.000000	-202.649896,-202.300053,-202.671047	0.000000	0.241667,0.751667,0.006667
1.5	100	149	15702356161790299504	90	2,8,1,3,9,2,19,10,0,6,2,3,12,1,12	4,15,2	0.000000	-213.443971,-213.466457,-213.447630	1.000000	0.420000,0.390000,0.190000
1.5	100	150	18416836125319976204	90	1,16,1,3,9,2,10,7,2,10,2,2,14,1,10	3,19,4	0.000000	-213.910785,-213.910782,-213.910782	0.000000	0.140000,0.620000,0.240000
1.5	100	151	13686329716592876329	86	1,8,1,3,12,0,10,10,3,8,4,7,7,4,8	8,20,3	0.000000	-219.884059,-219.783379,-219.884061	0.000000	0.233333,0.753333,0.013333
1.5	100	152	17965990753204119233	88	0,13,2,2,5,0,13,11,3,10,3,4,12,0,10	6,15,3	0.000000	-210.132646,-210.132647,-210.132657	1.000000	0.631667,0.201667,0.166667
1.5	100	153	228661250725928995	87	1,10,3,2,11,2,11,11,3,3,0,0,12,4,14	3,14,5	0.000000	-208.869278,-208.869274,-208.793131	0.000000	0.173333,0.198333,0.628333
1.5	100	154	8392419186919804016	86	2,7,2,1,8,4,11,10,2,14,2,2,9,1,11	4,22,6	0.000000	-210.590705,-210.543036,-210.590704	0.000000	0.085000,0.735000,0.180000
1.5	100	155	13249714855383146637	92	0,11,3,0,7,3,12,16,2,11,1,1,9,2,14	4,18,5	0.000000	-214.559172,-214.582025,-214.558538	0.000000	0.386667,0.251667,0.361667
1.5	100	156	6673332523520540346	81	3,12,1,2,4,1,11,13,1,11,1,1,8,1,11	2,15,2	0.000000	-190.352610,-190.352610,-190.352611	1.000000	0.283333,0.458333,0.258333
1.5	100	157	6861251443229657102	89	1,11,0,3,9,0,16,8,4,10,3,0,10,0,14	0,19,4	0.000000	-206.279340,-206.182533,-206.265435	0.000000	0.016667,0.691667,0.291667
1.5	100	158	6719514499238250031	92	1,11,5,2,10,0,9,14,2,6,1,2,11,1,17	7,16,2	0.000000	-216.326908,-217.571947,-217.571955	1.000000	0.781667,0.161667,0.056667
1.5	100	159	14949260499290699969	95	4,12,3,2,9,2,10,11,2,12,5,1,9,2,11	4,21,4	0.000000	-237.817830,-237.620243,-237.817830	0.000000	0.108333,0.838333,0.053333
1.5	100	160	10279071867054899398	85	1,10,3,5,6,2,9,4,1,16,1,1,17,0,9	4,22,3	0.000000	-203.940077,-203.875169,-203.940074	0.000000	0.086667,0.886667,0.026667
1.5	100	161	12301491295803017586	91	2,9,4,1,12,2,18,16,3,8,1,0,8,0,7	4,20,5	0.000000	-214.613692,-214.613692,-214.613692	0.000000	0.175000,0.600000,0.225000
1.5	100	162	8120038187373042411	91	1,11,4,1,9,0,13,13,3,8,2,2,10,2,12	6,17,3	0.000000	-218.556801,-218.748062,-218.748063	1.000000	0.658333,0.253333,0.088333
1.5	100	163	10509867568324262857	93	2,11,2,1,11,3,15,8,1,10,0,2,11,1,15	4,21,4	0.000000	-217.594068,-217.593459,-217.594068	0.000000	0.198333,0.588333,0.213333
1.5	100	164	2656565881644923266	91	3,12,2,2,10,0,11,13,3,9,1,4,10,0,11	6,19,3	0.000000	-219.329780,-219.469395,-219.469396	1.000000	0.676667,0.241667,0.081667
1.5	100	165	8808285766427146638	88	5,8,1,2,11,2,10,14,2,6,1,1,16,1,8	2,17,4	0.000000	-213.121925,-213.121922,-213.121922	0.000000	0.118333,0.418333,0.463333
1.5	100	166	17888525803597507402	93	1,14,1,2,14,1,12,7,1,10,1,1,12,1,15	2,24,2	0.000000	-211.081737,-210.660279,-211.081737	0.000000	0.071667,0.886667,0.041667
1.5	100	167	1299796181937383777	87	2,11,0,3,5,3,11,10,3,6,3,3,14,1,12	3,11,6	0.000000	-212.980355,-212.980353,-212.831646	0.000000	0.166667,0.151667,0.681667
1.5	100	168	14592120870395161602	90	2,7,1,4,12,2,13,12,0,14,0,1,9,2,11	2,26,2	0.000000	-211.902889,-211.072799,-211.902889	0.000000	0.031667,0.941667,0.026667
1.5	100	169	17069425583974382568	92	1,18,2,2,7,2,11,8,3,13,0,2,12,0,11	4,20,5	0.000000	-214.944746,-214.944746,-214.944746	0.333333	0.235000,0.455000,0.310000
1.5	100	170	16927679308636723109	83	2,9,0,3,13,1,6,5,2,10,3,0,8,2,19	0,23,3	0.000000	-197.504362,-190.561576,-197.444154	0.000000	0.000000,1.000000,0.000000
1.5	100	171	3342772002413345294	89	1,9,4,3,14,0,9,9,0,11,3,1,14,0,11	5,25,0	0.000000	-209.926794,-209.496441,-209.931756	0.000000	0.158333,0.833333,0.008333
1.5	100	172	9831131540728222466	82	2,14,3,2,8,0,10,11,1,7,0,1,6,2,15	4,15,1	0.000000	-190.807967,-191.165827,-191.188142	1.000000	0.586667,0.376667,0.036667
1.5	100	173	1171509402563830007	87	3,10,2,1,9,3,8,15,2,12,1,0,14,0,7	2,21,5	0.000000	-205.800078,-205.800078,-205.800078	0.333333	0.056667,0.621667,0.321667
1.5	100	174	10602581796721017361	91	4,14,0,1,6,2,10,11,1,8,3,1,14,3,13	1,14,3	0.000000	-217.343979,-217.343972,-217.243433	0.000000	0.110000,0.460000,0.430000
1.5	100	175	10226803112365980369	89	0,14,0,0,10,0,11,7,2,11,3,2,12,2,15	2,21,2	0.000000	-202.343515,-202.083798,-202.345010	0.000000	0.135000,0.765000,0.100000
1.5	100	176	3367473691863015557	86	1,12,3,0,8,2,8,12,3,6,0,4,11,1,15	7,14,5	0.000000	-204.614005,-204.756265,-204.756265	1.000000	0.658333,0.053333,0.288333
1.5	100	177	13071914243253342903	87	4,11,1,2,9,1,11,8,0,13,3,0,12,1,11	1,22,1	0.000000	-205.706599,-205.069960,-205.706599	0.000000	0.026667,0.936667,0.036667
1.5	100	178	2494253389967466947	85	2,8,0,1,7,2,10,9,1,11,3,3,14,3,11	3,18,3	0.000000	-206.697814,-206.669668,-206.696709	0.000000	0.135000,0.680000,0.185000
1.5	100	179	1939526605473047453	92	1,9,2,0,11,1,11,12,0,7,2,0,17,0,19	2,18,1	0.000000	-199.173669,-199.264165,-199.300923	1.000000	0.381667,0.446667,0.171667
1.5	100	180	1227653817693284301	90	1,10,1,1,12,1,7,13,4,11,2,0,12,3,12	1,23,5	0.000000	-213.892551,-213.704652,-213.813087	0.000000	0.010000,0.755000,0.235000
1.5	100	181	6498633960213948431	89	0,14,1,1,6,2,8,13,1,13,0,3,13,0,14	4,19,3	0.000000	-200.043558,-200.142578,-200.142384	1.000000	0.456667,0.241667,0.301667
1.5	100	182	11679196501280664514	91	1,14,0,3,15,1,13,12,1,8,4,0,8,0,11	0,23,2	0.000000	-209.509025,-209.300419,-209.509021	0.000000	0.080000,0.795000,0.125000
1.5	100	183	4388324940086636350	89	1,15,3,2,5,0,15,10,2,7,1,1,10,0,17	4,12,2	0.000000	-201.017843,-201.298569,-201.298574	1.000000	0.768333,0.073333,0.158333
1.5	100	184	9643825704390572972	93	0,11,3,2,8,3,13,14,1,9,1,3,13,1,11	6,17,4	0.000000	-221.310841,-221.327613,-221.327616	1.000000	0.573333,0.218333,0.208333
1.5	100	185	15623134920933628405	89	1,8,2,3,13,1,12,10,2,5,2,3,11,2,14	5,18,3	0.000000	-216.025501,-216.000752,-216.062381	0.000000	0.328333,0.563333,0.108333
1.5	100	186	5759466231546713487	85	0,11,1,0,9,1,9,8,3,11,2,2,13,2,13	3,20,4	0.000000	-198.810469,-198.799496,-198.810469	0.000000	0.115000,0.705000,0.180000
1.5	100	187	17761403512817900515	86	2,12,1,4,8,0,8,10,0,17,3,2,10,1,8	3,25,0	0.000000	-205.610168,-204.971479,-205.610168	0.000000	0.043333,0.938333,0.018333
1.5	100	188	8165479444706314702	87	1,6,1,1,11,3,13,8,2,7,2,3,12,4,13	4,18,5	0.000000	-213.717572,-213.678403,-213.717571	0.000000	0.165000,0.550000,0.285000
1.5	100	189	292139481668517970	84	0,7,4,1,14,0,9,12,0,9,0,0,11,2,15	4,23,0	0.000000	-187.745573,-187.331765,-187.997755	0.000000	0.300000,0.700000,0.000000
1.5	100	190	11342991567151111675	86	2,8,1,1,7,4,11,9,1,9,2,1,12,5,13	2,16,5	0.000000	-210.681053,-210.607815,-210.645998	0.000000	0.030000,0.480000,0.490000
1.5	100	191	7647909622425754906	88	0,12,1,4,13,1,10,14,1,7,2,1,10,1,11	2,20,2	0.000000	-205.164013,-205.161275,-205.164015	0.000000	0.178333,0.673333,0.148333
1.5	100	192	5312294393813133932	88	3,9,1,0,14,1,14,6,1,10,0,0,4,4,21	1,24,2	0.000000	-200.003366,-194.918387,-200.003348	0.000000	0.010000,0.990000,0.000000
1.5	100	193	16873577273296178734	91	2,9,1,0,9,2,17,8,2,14,2,2,11,2,10	3,23,4	0.000000	-215.924307,-215.924305,-215.924305	0.000000	0.071667,0.751667,0.176667
1.5	100	194	2551523200647273426	90	1,10,2,2,9,5,15,14,1,10,2,1,6,3,9	3,19,6	0.000000	-219.504766,-219.504766,-219.504766	0.000000	0.096667,0.516667,0.386667
1.5	100	195	11665776029573955888	91	2,9,4,1,12,2,11,12,1,9,1,0,12,1,14	4,21,3	0.000000	-213.746631,-213.773340,-213.789291	1.000000	0.253333,0.588333,0.158333
1.5	100	196	17445387780002273977	94	3,7,2,1,8,3,14,13,1,17,1,0,11,3,10	2,25,4	0.000000	-223.644010,-223.502969,-223.644003	0.000000	0.016667,0.886667,0.096667
1.5	100	197	4856260523750896389	87	0,7,4,0,9,2,12,9,2,10,4,1,11,1,15	5,19,4	0.000000	-208.183041,-208.119285,-208.183044	0.000000	0.255000,0.580000,0.165000
1.5	100	198	3098739002183367615	86	0,14,0,2,10,0,15,11,1,7,0,1,11,1,13	1,17,1	0.000000	-186.054425,-186.054423,-186.054425	0.000000	0.355000,0.400000,0.245000
1.5	100	199	16193332345394539750	90	1,11,3,0,8,1,10,15,5,8,0,4,15,2,7	7,16,6	0.000000	-219.076859,-219.076859,-219.076861	0.000000	0.541667,0.171667,0.286667
1.5	1000	0	4787027012361156495	893	18,105,16,8,101,15,99,118,12,108,10,15,125,15,128	31,209,27	0.000000	-2080.463232,-2080.427366,-2080.463241	0.000000	0.296667,0.596667,0.106667
1.5	1000	1	14864910433013977203	886	12,106,15,9,109,12,122,100,11,96,22,15,104,18,135	30,205,23	0.000000	-2076.221302,-2075.673872,-2076.574723	0.000000	0.283333,0.693333,0.023333
1.5	1000	2	1316320740182707040	886	18,100,23,18,101,18,111,108,16,91,17,17,100,22,126	40,192,34	0.000000	-2141.979760,-2142.081456,-2142.268180	1.000000	0.330000,0.610000,0.060000
1.5	1000	3	17612889628010710906	896	21,104,20,24,84,11,101,116,14,91,13,16,134,19,128	36,175,25	0.000000	-2139.408747,-2140.008516,-2140.008529	1.000000	0.773333,0.158333,0.068333
1.5	1000	4	6713780793061912729	880	18,97,19,17,88,14,101,118,14,96,13,27,99,12,147	46,184,28	0.000000	-2094.921672,-2096.788500,-2097.188397	1.000000	0.740000,0.230000,0.030000
1.5	1000	5	8480445372432718126	868	6,109,19,18,85,17,96,117,18,97,14,9,114,21,128	28,182,35	0.000000	-2052.806775,-2052.806769,-2052.477895	0.000000	0.168333,0.203333,0.628333
1.5	1000	6	2373566310009272877	890	18,118,10,28,103,21,96,98,19,100,15,22,111,12,119	32,203,40	0.000000	-2143.309554,-2143.127690,-2143.309545	0.000000	0.043333,0.723333,0.233333
1.5	1000	7	8673631519631418061	873	18,97,14,17,83,11,110,112,24,90,17,21,112,13,134	35,173,35	0.000000	-2085.301139,-2085.301673,-2085.291865	0.000000	0.370000,0.210000,0.420000
1.5	1000	8	15488963045029396093	880	16,108,16,15,116,15,88,109,12,104,18,19,127,13,104	35,220,27	0.000000	-2086.105912,-2086.091079,-2086.105912	0.000000	0.060000,0.925000,0.015000
1.5	1000	9	770041505896067611	866	17,100,11,20,92,11,120,117,21,90,16,19,102,13,117	30,182,32	0.000000	-2060.727027,-2060.727024,-2060.630555	0.000000	0.241667,0.261667,0.496667
1.5	1000	10	14093702305944678670	891	15,103,17,16,86,17,114,115,15,101,18,15,112,14,133	32,187,32	0.000000	-2110.409769,-2110.409768,-2110.400953	0.000000	0.296667,0.386667,0.316667
1.5	1000	11	17231263673424462956	873	21,126,18,14,90,16,83,111,19,103,16,22,89,11,134	40,193,35	0.000000	-2092.189097,-2092.009078,-2092.351200	0.000000	0.360000,0.530000,0.110000
1.5	1000	12	1807624601776756571	878	12,120,15,18,78,11,102,111,18,115,22,14,111,15,116	29,193,29	0.000000	-2081.628718,-2081.628715,-2081.628719	0.000000	0.265000,0.515000,0.220000
1.5	1000	13	11425288450247888439	860	12,100,26,18,91,14,99,108,14,84,23,16,120,22,113	42,175,28	0.000000	-2078.861232,-2079.879383,-2079.879395	1.000000	0.818333,0.118333,0.063333
1.5	1000	14	17999864018939868390	860	9,107,17,13,100,18,119,95,11,98,16,17,101,23,116	34,198,29	0.000000	-2043.634073,-2043.804745,-2043.811267	1.000000	0.403333,0.513333,0.083333
1.5	1000	15	17136751871084514047	884	17,127,12,9,88,13,112,103,19,100,17,17,113,16,121	29,188,32	0.000000	-2083.521565,-2083.521561,-2083.379047	0.000000	0.245000,0.170000,0.585000
1.5	1000	16	1037075053058425224	888	17,106,15,22,110,19,114,94,10,97,21,16,108,18,121	31,207,29	0.000000	-2128.840432,-2127.928332,-2128.840435	0.000000	0.071667,0.881667,0.046667
1.5	1000	17	5211897672588295856	873	18,110,18,21,94,21,100,102,13,112,15,16,105,17,111	34,206,34	0.000000	-2099.675133,-2099.590882,-2099.676088	0.000000	0.195000,0.665000,0.140000
1.5	1000	18	7165468572504685468	875	9,111,16,19,95,8,105,128,15,107,16,11,104,21,110	27,202,23	0.000000	-2057.363411,-2057.363411,-2057.363414	0.000000	0.290000,0.535000,0.175000
1.5	1000	19	3499492044569611112	877	17,117,15,14,74,14,119,110,17,104,13,14,111,22,116	29,178,31	0.000000	-2079.901958,-2079.901955,-2079.901955	0.000000	0.370000,0.175000,0.455000
1.5	1000	20	1603068656864286404	878	8,101,17,14,94,16,121,113,17,81,18,19,110,22,127	36,175,33	0.000000	-2089.627642,-2089.695911,-2089.695912	1.000000	0.530000,0.125000,0.345000
1.5	1000	21	18180218171531137415	867	13,131,20,15,100,9,86,109,18,78,17,19,117,20,115	39,178,27	0.000000	-2065.711177,-2065.865763,-2065.865763	1.000000	0.718333,0.193333,0.088333
1.5	1000	22	13893491226213726837	869	12,115,23,8,107,14,106,110,16,93,10,19,96,18,122	42,200,30	0.000000	-2053.397622,-2053.563918,-2053.563933	1.000000	0.713333,0.213333,0.073333
1.5	1000	23	7695876346130533264	882	18,87,22,24,93,9,117,120,18,95,19,21,106,13,120	43,188,27	0.000000	-2121.100525,-2121.177761,-2121.182618	1.000000	0.613333,0.353333,0.033333
1.5	1000	24	15848850838469560302	873	15,108,12,14,120,12,110,113,13,94,14,21,102,16,109	33,214,25	0.000000	-2058.062566,-2058.069772,-2058.072214	1.000000	0.326667,0.616667,0.056667
1.5	1000	25	12175493092815200026	890	19,110,18,25,88,21,109,90,19,105,19,23,103,18,123	41,193,40	0.000000	-2173.274330,-2173.103556,-2173.316697	0.000000	0.213333,0.673333,0.113333
1.5	1000	26	11665124027937757851	896	16,107,18,16,98,26,106,92,18,120,20,14,96,21,128	32,218,44	0.000000	-2165.985558,-2164.302685,-2165.496888	0.000000	0.000000,0.840000,0.160000
1.5	1000	27	8649461433948695009	858	16,101,16,14,99,14,107,101,17,98,17,16,108,20,114	32,197,31	0.000000	-2050.944974,-2050.890422,-2050.945655	0.000000	0.195000,0.640000,0.165000
1.5	1000	28	5366001286056680899	884	22,108,19,16,97,15,104,99,13,102,17,23,107,15,127	42,199,28	0.000000	-2121.783505,-2122.145473,-2122.517639	1.000000	0.513333,0.473333,0.013333
1.5	1000	29	17502806927524271077	895	15,103,20,16,90,17,135,103,25,96,21,12,114,13,115	32,186,42	0.000000	-2143.696520,-2143.696512,-2143.195025	0.000000	0.083333,0.068333,0.848333
1.5	1000	30	1987581561028971938	892	19,109,16,15,108,19,130,101,21,86,17,17,111,16,107	33,194,40	0.000000	-2141.041259,-2141.041257,-2140.899402	0.000000	0.165000,0.140000,0.695000
1.5	1000	31	8899430698812187121	885	21,86,21,21,105,24,112,126,13,92,10,22,89,16,127	43,197,37	0.000000	-2134.818674,-2134.566547,-2134.818937	0.000000	0.208333,0.723333,0.068333
1.5	1000	32	5726851816451125728	890	20,96,19,19,102,10,131,107,10,102,21,23,98,22,110	42,204,20	0.000000	-2141.698809,-2141.488400,-2141.705013	0.000000	0.300000,0.700000,0.000000
1.5	1000	33	5727557241114318251	881	13,117,11,15,96,18,114,99,22,97,12,10,97,8,152	21,193,40	0.000000	-2050.602737,-2049.972652,-2048.094435	0.000000	0.000000,0.200000,0.800000
1.5	1000	34	3961353753878847528	880	18,101,16,11,105,13,101,118,15,109,15,14,116,14,114	30,214,28	0.000000	-2070.629884,-2070.608897,-2070.629885	0.000000	0.228333,0.703333,0.068333
1.5	1000	35	3739145654244915495	891	15,112,17,14,99,14,99,105,13,97,21,15,127,14,129	32,196,27	0.000000	-2103.306139,-2103.451218,-2103.526554	1.000000	0.415000,0.460000,0.125000
1.5	1000	36	11021702757148317761	882	14,113,8,17,91,15,112,107,22,93,20,15,118,18,119	23,184,37	0.000000	-2096.864959,-2096.864950,-2095.996460	0.000000	0.043333,0.118333,0.838333
1.5	1000	37	8910714818930585670	877	14,99,13,11,107,12,105,108,22,95,17,16,111,12,135	29,202,34	0.000000	-2063.909094,-2063.497964,-2063.653022	0.000000	0.083333,0.683333,0.233333
1.5	1000	38	6720041156201247459	874	20,101,22,17,117,12,117,98,12,107,20,20,93,15,103	42,224,24	0.000000	-2099.991514,-2099.359010,-2099.991520	0.000000	0.090000,0.910000,0.000000
1.5	1000	39	8286865893171664907	874	15,101,14,13,123,14,110,108,11,89,17,18,118,24,99	32,212,25	0.000000	-2077.965163,-2077.965163,-2077.965165	0.500000	0.253333,0.678333,0.068333
1.5	1000	40	17305705269964655634	876	13,92,15,15,114,17,117,119,20,84,13,12,105,21,119	27,198,37	0.000000	-2078.245948,-2078.245353,-2078.231086	0.000000	0.055000,0.505000,0.440000
1.5	1000	41	9701792283719250947	886	21,120,17,13,96,15,113,108,19,103,11,18,101,14,117	35,199,34	0.000000	-2105.223058,-2105.223056,-2105.223060	0.000000	0.345000,0.330000,0.325000
1.5	1000	42	9379477170133295866	874	16,114,13,14,92,22,104,101,16,102,7,14,114,23,122	27,194,38	0.000000	-2072.166330,-2072.166312,-2072.110516	0.000000	0.053333,0.468333,0.478333
1.5	1000	43	17243891112532153263	885	19,103,18,15,79,11,102,116,19,98,8,22,119,17,139	40,177,30	0.000000	-2097.087989,-2097.496345,-2097.496356	1.000000	0.756667,0.166667,0.076667
1.5	1000	44	18110705509421553526	872	26,104,25,16,84,15,125,97,16,101,20,14,86,14,129	39,185,31	0.000000	-2104.800292,-2104.796312,-2105.218084	0.000000	0.450000,0.520000,0.030000
1.5	1000	45	14976209787878017859	891	22,141,14,16,95,13,86,98,14,92,20,19,122,12,127	33,187,27	0.000000	-2110.531066,-2110.502184,-2110.531066	0.000000	0.250000,0.670000,0.080000
1.5	1000	46	12173095811712595154	873	18,114,23,13,94,18,112,106,15,97,11,22,102,19,109	45,191,33	0.000000	-2098.122759,-2098.203162,-2098.203173	1.000000	0.648333,0.253333,0.098333
1.5	1000	47	1733308530464780759	890	15,115,15,16,98,14,114,92,24,101,17,25,104,14,126	40,199,38	0.000000	-2135.621056,-2135.716326,-2135.719160	1.000000	0.385000,0.370000,0.245000
1.5	1000	48	15355913663234214545	880	18,114,20,26,118,9,97,114,10,94,15,19,86,14,126	39,212,19	0.000000	-2097.478657,-2095.945785,-2097.962852	0.000000	0.210000,0.790000,0.000000
1.5	1000	49	11497415101147391668	867	16,95,17,15,102,12,99,109,15,104,13,18,97,13,142	35,206,27	0.000000	-2045.941627,-2044.086791,-2046.463948	0.000000	0.080000,0.910000,0.010000
1.5	1000	50	13751342592250761033	879	18,119,11,19,84,23,96,103,10,119,13,13,106,15,130	24,203,33	0.000000	-2077.895808,-2077.079306,-2077.501841	0.000000	0.010000,0.780000,0.210000
1.5	1000	51	5861093368269319149	858	10,121,18,5,84,22,112,107,24,100,20,15,83,20,117	33,184,46	0.000000	-2056.066710,-2056.066703,-2055.463451	0.000000	0.025000,0.140000,0.835000
1.5	1000	52	9485462391055977015	877	8,102,14,19,120,18,100,113,16,87,14,20,114,18,114	34,207,34	0.000000	-2085.638642,-2085.638641,-2085.638642	0.000000	0.246667,0.506667,0.246667
1.5	1000	53	11709311643883568045	886	18,117,15,20,98,17,110,117,14,87,18,16,101,15,123	31,185,31	0.000000	-2112.852022,-2112.852021,-2112.852021	0.000000	0.288333,0.333333,0.378333
1.5	1000	54	6829121847907257294	883	17,103,23,18,100,15,94,120,14,98,8,11,107,18,137	34,198,29	0.000000	-2088.669024,-2088.215923,-2088.798111	0.000000	0.210000,0.740000,0.050000
1.5	1000	55	9183864803881102382	886	11,105,24,23,107,20,102,112,21,106,17,14,95,15,114	38,213,41	0.000000	-2137.614154,-2137.528103,-2137.614153	0.000000	0.066667,0.836667,0.096667
1.5	1000	56	8234818647238224288	884	25,103,16,18,81,17,99,127,13,107,20,21,115,15,107	37,188,30	0.000000	-2132.683218,-2132.973889,-2132.973892	1.000000	0.526667,0.251667,0.221667
1.5	1000	57	1393340361620681590	905	14,116,15,12,116,12,116,104,17,86,17,12,107,17,144	27,202,29	0.000000	-2118.369786,-2117.652016,-2118.342703	0.000000	0.086667,0.756667,0.156667
1.5	1000	58	8067151613564215635	876	18,109,9,14,96,19,96,115,17,100,19,27,90,24,123	36,196,36	0.000000	-2118.229288,-2117.807382,-2118.231260	0.000000	0.073333,0.813333,0.113333
1.5	1000	59	14518646417879739532	868	11,107,17,19,90,9,93,106,16,112,12,15,127,12,122	32,202,25	0.000000	-2032.856293,-2033.005807,-2033.038644	1.000000	0.445000,0.500000,0.055000
1.5	1000	60	15896939067240238960	865	20,106,12,21,100,18,95,109,13,91,12,15,117,12,124	27,191,31	0.000000	-2050.374108,-2050.261618,-2050.294899	0.000000	0.093333,0.523333,0.383333
1.5	1000	61	191152132441606	873	13,110,10,17,110,11,100,98,14,102,17,13,115,17,126	23,212,25	0.000000	-2046.374991,-2044.947660,-2046.374991	0.000000	0.023333,0.953333,0.023333
1.5	1000	62	17972372160531322392	887	12,110,14,17,108,13,103,104,14,105,13,16,110,25,123	30,213,27	0.000000	-2100.297092,-2099.537171,-2100.297095	0.000000	0.103333,0.833333,0.063333
1.5	1000	63	11053137607026155964	890	13,125,23,17,103,11,95,121,17,93,7,14,113,17,121	37,196,28	0.000000	-2094.479621,-2094.647093,-2094.647099	1.000000	0.626667,0.201667,0.171667
1.5	1000	64	13781286370672380118	868	24,102,18,14,106,16,93,105,22,105,10,20,107,15,111	38,211,38	0.000000	-2088.820901,-2088.735085,-2088.820903	0.000000	0.121667,0.776667,0.101667
1.5	1000	65	1101942299633991953	879	12,112,12,18,106,11,95,122,15,103,16,18,113,10,116	30,209,26	0.000000	-2059.583135,-2059.582460,-2059.583139	0.000000	0.310000,0.560000,0.130000
1.5	1000	66	2320298171963664275	885	13,108,26,12,78,21,101,128,11,111,20,15,105,18,118	41,189,32	0.000000	-2116.987809,-2117.472970,-2117.472973	1.000000	0.691667,0.161667,0.146667
1.5	1000	67	8241905082310711449	881	12,125,17,18,89,13,99,108,15,92,23,18,110,23,119	35,181,28	0.000000	-2112.453505,-2112.789142,-2112.789149	1.000000	0.533333,0.293333,0.173333
1.5	1000	68	11734439072413765677	877	24,108,16,14,88,16,107,107,11,111,17,11,108,23,116	27,199,27	0.000000	-2093.585158,-2093.182318,-2093.585158	0.000000	0.033333,0.923333,0.043333
1.5	1000	69	1211212168863566510	881	15,111,22,26,121,11,100,121,15,100,12,11,104,12,100	33,221,26	0.000000	-2088.801957,-2088.801957,-2088.801960	0.000000	0.090000,0.860000,0.050000
1.5	1000	70	15981073615515020359	881	17,98,14,22,104,17,107,119,10,100,15,16,89,24,129	30,204,27	0.000000	-2106.226334,-2104.137662,-2106.266047	0.000000	0.040000,0.960000,0.000000
1.5	1000	71	17998793094093001399	877	19,119,12,11,93,17,100,118,12,102,13,15,110,20,116	27,195,29	0.000000	-2067.943554,-2067.943546,-2067.943551	0.000000	0.203333,0.473333,0.323333
1.5	1000	72	14549215120542561902	886	14,123,24,20,98,13,109,113,20,99,16,10,101,15,111	34,197,33	0.000000	-2113.555879,-2113.555878,-2113.555880	0.000000	0.351667,0.306667,0.341667
1.5	1000	73	17402405584553142520	891	17,114,15,18,97,17,120,83,14,115,21,16,102,18,124	31,212,31	0.000000	-2131.710171,-2130.557470,-2131.715266	0.000000	0.050000,0.910000,0.040000
1.5	1000	74	4631689816060189687	872	17,98,23,15,101,17,107,128,15,90,21,12,118,17,93	35,191,32	0.000000	-2093.754445,-2093.754445,-2093.754445	0.500000	0.478333,0.378333,0.143333
1.5	1000	75	2388817163008359209	872	12,107,14,15,84,12,101,121,21,96,19,21,117,13,119	35,180,33	0.000000	-2071.694130,-2071.719721,-2071.719722	1.000000	0.476667,0.096667,0.426667
1.5	1000	76	3179746663800811013	881	11,107,17,19,105,8,101,112,16,104,20,16,116,21,108	33,209,24	0.000000	-2096.229194,-2096.293165,-2096.320847	1.000000	0.311667,0.661667,0.026667
1.5	1000	77	2019481800174356688	876	21,117,15,16,116,13,94,102,21,77,15,26,111,14,118	41,193,34	0.000000	-2106.828876,-2106.886858,-2106.886858	1.000000	0.478333,0.353333,0.168333
1.5	1000	78	17963132571195644361	873	22,105,8,17,95,21,98,109,22,93,20,18,119,12,114	26,188,43	0.000000	-2099.127867,-2099.127859,-2098.356359	0.000000	0.018333,0.138333,0.843333
1.5	1000	79	9189555016973175602	873	20,130,13,17,109,11,93,109,16,92,18,14,95,23,113	27,201,27	0.000000	-2085.804811,-2085.435909,-2085.804811	0.000000	0.070000,0.820000,0.110000
1.5	1000	80	9147390172044040469	888	16,94,18,18,98,13,106,110,21,103,15,19,101,18,138	37,201,34	0.000000	-2126.240804,-2125.152651,-2126.323425	0.000000	0.123333,0.783333,0.093333
1.5	1000	81	11414884249641153524	864	13,97,14,16,96,17,107,122,15,94,14,18,110,16,115	32,190,32	0.000000	-2049.131821,-2049.131821,-2049.126665	0.000000	0.395000,0.235000,0.370000
1.5	1000	82	3308538271782877547	875	12,114,22,8,102,22,104,117,18,100,19,14,105,13,105	36,202,40	0.000000	-2083.758816,-2083.758815,-2083.693373	0.000000	0.238333,0.228333,0.533333
1.5	1000	83	727750202631418980	900	14,118,23,12,109,17,114,99,17,94,13,24,106,16,124	47,203,34	0.000000	-2148.952588,-2149.459897,-2149.459905	1.000000	0.815000,0.145000,0.040000
1.5	1000	84	6564324135941502677	888	15,127,15,9,106,12,108,108,17,78,17,24,111,21,120	39,184,29	0.000000	-2110.033173,-2110.158229,-2110.158237	1.000000	0.753333,0.133333,0.113333
1.5	1000	85	16026484187593147908	880	19,98,16,22,100,18,127,96,14,100,22,12,99,14,123	28,200,32	0.000000	-2108.593403,-2107.771930,-2108.543879	0.000000	0.013333,0.843333,0.143333
1.5	1000	86	8294978585525302793	884	11,123,24,20,86,19,113,120,15,87,18,24,105,16,103	48,173,34	0.000000	-2134.005497,-2134.357509,-2134.357520	1.000000	0.850000,0.050000,0.100000
1.5	1000	87	6049703579129609158	892	18,86,17,11,107,11,98,112,9,108,20,26,127,11,131	43,215,20	0.000000	-2106.802462,-2107.683362,-2108.546370	1.000000	0.440000,0.560000,0.000000
1.5	1000	88	17774307531978032478	876	18,95,23,20,99,13,127,104,17,95,13,9,113,16,114	32,194,30	0.000000	-2086.129875,-2086.160518,-2086.160519	1.000000	0.378333,0.383333,0.238333
1.5	1000	89	11675506623054223268	878	14,112,19,10,96,19,110,107,11,99,10,12,119,22,118	31,195,30	0.000000	-2065.474871,-2065.474864,-2065.474873	0.000000	0.336667,0.396667,0.266667
1.5	1000	90	4821612604487196806	856	17,94,15,21,97,10,91,127,22,96,15,19,101,13,118	34,193,32	0.000000	-2049.061316,-2048.978440,-2049.056273	0.000000	0.231667,0.576667,0.191667
1.5	1000	91	7822806675885737412	871	22,123,13,16,91,15,89,110,16,87,14,15,106,18,136	28,178,31	0.000000	-2068.998363,-2068.752177,-2068.856690	0.000000	0.086667,0.516667,0.396667
1.5	1000	92	9485309421215786192	875	10,107,14,18,101,21,107,111,11,93,12,13,114,12,131	27,194,32	0.000000	-2046.273490,-2046.270680,-2046.179909	0.000000	0.140000,0.420000,0.440000
1.5	1000	93	2059670416752576164	890	15,98,18,11,106,16,119,115,8,101,13,19,106,23,122	37,207,24	0.000000	-2103.260108,-2103.425860,-2103.517738	1.000000	0.398333,0.563333,0.038333
1.5	1000	94	13162198535677543341	870	17,113,20,22,101,16,104,93,9,100,17,19,110,15,114	39,201,25	0.000000	-2084.673864,-2084.798478,-2084.921696	1.000000	0.486667,0.506667,0.006667
1.5	1000	95	1536727393421046008	882	15,97,22,17,107,9,119,103,15,96,13,23,110,16,120	45,203,24	0.000000	-2099.504935,-2100.438100,-2100.440153	1.000000	0.608333,0.378333,0.013333
1.5	1000	96	10410277923468679705	864	18,97,20,19,101,8,111,109,13,93,17,18,103,12,125	38,194,21	0.000000	-2050.485331,-2050.873322,-2051.223701	1.000000	0.486667,0.476667,0.036667
1.5	1000	97	15519856305090978148	857	17,87,22,11,88,16,95,106,13,106,16,13,122,12,133	35,194,29	0.000000	-2027.105976,-2026.946164,-2027.404264	0.000000	0.263333,0.693333,0.043333
1.5	1000	98	1730429409005067106	883	16,113,14,14,115,11,110,98,11,100,20,14,110,14,123	28,215,22	0.000000	-2072.205789,-2071.505088,-2072.363221	0.000000	0.110000,0.870000,0.020000
1.5	1000	99	4658722605329304591	871	20,102,16,12,92,11,99,120,12,90,15,21,125,17,119	37,182,23	0.000000	-2062.980063,-2063.479498,-2063.479514	1.000000	0.785000,0.185000,0.030000
1.5	1000	100	1747517911114816977	866	12,108,11,12,101,14,118,104,16,91,20,20,107,12,120	31,192,30	0.000000	-2041.098810,-2041.098809,-2041.098810	0.000000	0.451667,0.261667,0.286667
1.5	1000	101	17199478753726436730	875	15,109,22,13,87,17,112,106,10,100,13,19,112,18,122	41,187,27	0.000000	-2077.721275,-2078.528524,-2078.528535	1.000000	0.890000,0.080000,0.030000
1.5	1000	102	12165852184590097139	884	15,111,15,23,103,15,120,102,12,97,12,20,119,15,105	35,200,27	0.000000	-2100.350623,-2100.521990,-2100.521993	1.000000	0.581667,0.306667,0.111667
1.5	1000	103	13659154808243485306	888	22,111,16,16,88,19,107,98,14,102,18,18,121,18,120	34,190,33	0.000000	-2132.130869,-2132.130868,-2132.121713	0.000000	0.246667,0.471667,0.281667
1.5	1000	104	12283933807704165342	888	12,114,16,11,107,16,102,128,15,96,20,15,102,12,122	31,203,31	0.000000	-2087.715337,-2087.715336,-2087.714998	0.000000	0.403333,0.283333,0.313333
1.5	1000	105	8439745017882428569	866	23,96,12,18,102,16,93,103,11,97,27,16,103,24,125	28,199,27	0.000000	-2097.701484,-2093.993330,-2097.701485	0.000000	0.010000,0.990000,0.000000
1.5	1000	106	17309994568052402157	877	8,109,21,17,99,15,110,111,14,103,18,24,93,17,118	45,202,29	0.000000	-2096.588233,-2096.767684,-2096.767699	1.000000	0.611667,0.361667,0.026667
1.5	1000	107	9932825164780678569	871	13,96,24,22,92,20,98,108,8,106,23,13,103,22,123	37,198,28	0.000000	-2104.058438,-2102.920795,-2104.132805	0.000000	0.123333,0.863333,0.013333
1.5	1000	108	16474078453548347340	887	24,114,14,19,92,14,117,117,16,92,16,16,103,13,120	30,184,30	0.000000	-2113.246216,-2113.246216,-2113.246217	0.000000	0.308333,0.233333,0.458333
1.5	1000	109	4166162854506804824	880	13,101,22,10,101,15,121,104,16,90,13,18,95,24,137	40,191,31	0.000000	-2093.320195,-2093.508045,-2093.713774	1.000000	0.450000,0.530000,0.020000
1.5	1000	110	12106324229407299091	861	15,105,21,16,100,9,104,117,14,96,15,13,110,16,110	34,196,23	0.000000	-2035.824951,-2036.337136,-2036.337140	1.000000	0.631667,0.331667,0.036667
1.5	1000	111	17741603081542807826	877	22,107,17,20,87,22,112,111,11,97,15,13,117,15,111	30,184,33	0.000000	-2099.392391,-2099.392389,-2099.339878	0.000000	0.288333,0.193333,0.518333
1.5	1000	112	9160550627344202657	889	18,106,16,21,90,16,97,102,18,111,16,21,127,11,119	37,201,34	0.000000	-2127.707179,-2127.767194,-2127.767688	1.000000	0.320000,0.550000,0.130000
1.5	1000	113	4295198803719819613	883	13,112,15,24,104,16,110,99,5,94,24,19,89,21,138	34,198,21	0.000000	-2112.018535,-2109.034370,-2112.243760	0.000000	0.040000,0.960000,0.000000
1.5	1000	114	1970361368318417466	890	12,102,22,18,114,16,115,129,21,77,15,17,105,16,111	39,191,37	0.000000	-2129.393933,-2129.397101,-2129.386067	0.000000	0.473333,0.198333,0.328333
1.5	1000	115	5225642178043108514	899	19,126,19,21,122,10,106,96,17,103,10,15,105,19,111	34,225,27	0.000000	-2137.379421,-2136.977288,-2137.379426	0.000000	0.058333,0.933333,0.008333
1.5	1000	116	1093255601784954464	877	16,105,21,15,94,19,111,103,9,90,15,15,113,15,136	36,184,28	0.000000	-2076.151921,-2076.643061,-2076.684073	1.000000	0.586667,0.356667,0.056667
1.5	1000	117	14822180072778878323	875	11,83,21,22,120,12,98,114,22,87,18,17,109,18,123	38,207,34	0.000000	-2105.913111,-2105.091387,-2105.913115	0.000000	0.153333,0.753333,0.093333
1.5	1000	118	7308671379467859309	879	20,111,17,12,108,15,112,105,13,113,13,16,107,13,104	33,221,28	0.000000	-2074.841513,-2074.841513,-2074.859477	0.000000	0.193333,0.723333,0.083333
1.5	1000	119	477490041774931108	875	19,116,20,17,90,16,96,111,16,94,13,14,120,16,117	34,184,32	0.000000	-2085.877624,-2085.877624,-2085.873432	0.000000	0.443333,0.208333,0.348333
1.5	1000	120	999383864300487249	874	18,102,13,16,89,21,108,101,10,106,21,16,103,21,129	29,195,31	0.000000	-2094.033123,-2092.893930,-2094.028058	0.000000	0.030000,0.900000,0.070000
1.5	1000	121	5072382842856134267	879	13,112,8,15,107,14,125,101,15,94,17,13,112,11,122	21,201,29	0.000000	-2046.030664,-2046.030416,-2045.895193	0.000000	0.060000,0.485000,0.455000
1.5	1000	122	8899932149025427239	879	20,113,10,11,89,19,109,115,13,98,17,13,108,18,126	23,187,32	0.000000	-2074.249568,-2074.247891,-2074.022117	0.000000	0.046667,0.336667,0.616667
1.5	1000	123	7612107797881152736	871	18,105,18,8,82,10,102,97,20,87,21,15,143,12,133	33,169,30	0.000000	-2053.008052,-2053.072513,-2053.072513	1.000000	0.435000,0.170000,0.395000
1.5	1000	124	1709693545606693256	889	17,103,13,10,115,16,115,132,15,80,16,8,121,15,113	21,195,31	0.000000	-2074.611882,-2074.699864,-2074.459550	0.000000	0.070000,0.190000,0.740000
1.5	1000	125	8894767327391086990	887	19,111,17,14,86,11,111,134,14,105,15,19,117,11,103	36,191,25	0.000000	-2091.904507,-2092.229909,-2092.229911	1.000000	0.788333,0.148333,0.063333
1.5	1000	126	13208424469866765256	883	14,92,18,18,117,12,126,118,10,86,19,22,93,13,125	40,203,22	0.000000	-2089.094338,-2088.698810,-2089.094359	0.000000	0.183333,0.813333,0.003333
1.5	1000	127	12919253810664355697	885	17,107,17,15,108,24,108,100,19,103,11,12,97,15,132	29,211,43	0.000000	-2106.835302,-2106.120728,-2106.228503	0.000000	0.016667,0.516667,0.466667
1.5	1000	128	14013995406685964002	869	17,120,20,18,98,9,107,118,16,89,18,9,91,13,126	29,187,25	0.000000	-2051.788973,-2051.761821,-2051.823113	0.000000	0.330000,0.565000,0.105000
1.5	1000	129	16515799871019512152	890	17,106,12,15,85,14,119,119,11,111,15,14,115,21,116	26,196,25	0.000000	-2095.656818,-2095.660907,-2095.660910	1.000000	0.423333,0.333333,0.243333
1.5	1000	130	3576138636875595649	884	21,112,14,18,96,17,96,106,12,113,23,15,116,17,108	29,209,29	0.000000	-2118.982849,-2118.747045,-2118.982849	0.000000	0.071667,0.881667,0.046667
1.5	1000	131	13670385487437695488	883	11,122,22,13,95,13,110,100,6,104,19,19,107,19,123	41,199,19	0.000000	-2084.855753,-2086.201859,-2086.211405	1.000000	0.768333,0.218333,0.013333
1.5	1000	132	3053911144897575425	890	10,110,22,19,104,22,95,119,15,95,25,16,109,17,112	38,199,37	0.000000	-2146.817458,-2146.817453,-2146.817459	0.000000	0.263333,0.538333,0.198333
1.5	1000	133	17777184844774720595	874	22,106,16,18,97,9,98,108,18,98,19,14,110,17,124	30,195,27	0.000000	-2088.966750,-2088.323159,-2088.986530	0.000000	0.193333,0.743333,0.063333
1.5	1000	134	8625653125218541988	875	17,105,18,16,103,16,122,91,15,104,27,12,95,16,118	30,207,31	0.000000	-2099.574272,-2098.614227,-2099.574271	0.000000	0.066667,0.891667,0.041667
1.5	1000	135	787610635392159625	897	15,105,14,15,95,17,107,112,13,112,25,17,112,14,124	31,207,30	0.000000	-2132.154910,-2131.848743,-2132.154911	0.000000	0.120000,0.760000,0.120000
1.5	1000	136	14934881456421963984	883	14,111,19,25,96,16,99,114,16,110,18,22,98,21,104	41,206,32	0.000000	-2142.033409,-2142.037170,-2142.037689	1.000000	0.328333,0.633333,0.038333
1.5	1000	137	9977723017541975136	901	14,100,23,15,104,17,92,121,19,105,14,14,115,20,128	37,209,36	0.000000	-2152.284232,-2152.109392,-2152.292414	0.000000	0.240000,0.590000,0.170000
1.5	1000	138	10247573954036728268	873	15,106,15,17,87,16,127,114,9,110,14,12,117,7,107	27,197,25	0.000000	-2032.075722,-2032.225558,-2032.075725	1.000000	0.478333,0.268333,0.253333
1.5	1000	139	11592511830903837433	893	9,106,22,16,108,18,125,105,19,110,19,16,94,16,110	38,218,37	0.000000	-2134.052338,-2134.052338,-2134.052341	0.000000	0.113333,0.748333,0.138333
1.5	1000	140	6986891171997839090	887	22,115,16,13,93,14,112,98,12,109,17,16,101,23,126	32,202,26	0.000000	-2115.587165,-2114.700418,-2115.587174	0.000000	0.133333,0.833333,0.033333
1.5	1000	141	16606055166886285266	875	19,103,14,21,94,13,119,102,14,102,15,23,101,10,125	37,196,27	0.000000	-2082.439895,-2082.513838,-2082.657475	1.000000	0.400000,0.560000,0.040000
1.5	1000	142	14242386343305156407	860	12,108,11,18,95,17,105,114,12,93,14,21,94,23,123	32,188,29	0.000000	-2049.272062,-2049.252408,-2049.358388	0.000000	0.330000,0.490000,0.180000
1.5	1000	143	16723806322835815522	887	14,93,13,19,98,14,112,113,14,108,13,19,120,17,120	32,206,28	0.000000	-2098.342078,-2098.389802,-2098.430672	1.000000	0.445000,0.495000,0.060000
1.5	1000	144	6009175927168210359	859	7,97,10,20,92,10,129,98,14,96,21,19,95,18,133	29,188,24	0.000000	-2025.229368,-2024.381003,-2025.229375	0.000000	0.090000,0.870000,0.040000
1.5	1000	145	10591187382562136332	884	23,77,15,17,114,17,120,108,14,105,14,17,98,15,130	32,219,31	0.000000	-2106.870173,-2103.874420,-2106.870173	0.000000	0.010000,0.990000,0.000000
1.5	1000	146	13226705806578528966	878	19,98,10,18,101,11,109,109,15,110,16,21,116,13,112	31,211,26	0.000000	-2080.340749,-2080.317426,-2080.395399	0.000000	0.200000,0.735000,0.065000
1.5	1000	147	2603390814105289787	872	14,90,22,15,104,17,105,118,19,94,13,30,118,19,94	52,198,36	0.000000	-2115.047477,-2115.093230,-2115.093232	1.000000	0.716667,0.266667,0.016667
1.5	1000	148	3843407726834167544	874	15,102,21,14,97,19,119,113,16,93,10,16,113,15,111	37,190,35	0.000000	-2076.190487,-2076.252642,-2076.252643	1.000000	0.478333,0.143333,0.378333
1.5	1000	149	5397520421133512989	864	9,111,11,21,89,14,115,103,19,115,14,13,108,11,111	24,204,33	0.000000	-2028.158208,-2028.158194,-2028.158195	0.000000	0.121667,0.541667,0.336667
1.5	1000	150	13692536865814153995	875	11,111,16,19,121,15,88,116,18,94,17,19,102,15,113	35,215,33	0.000000	-2087.394162,-2087.241513,-2087.394162	0.000000	0.166667,0.746667,0.086667
1.5	1000	151	13805570744128600071	876	15,112,15,19,101,16,95,102,13,98,12,18,111,13,136	33,199,29	0.000000	-2068.314477,-2067.817903,-2068.507011	0.000000	0.200000,0.735000,0.065000
1.5	1000	152	4390396860702181126	871	19,111,22,18,99,13,119,112,19,74,20,12,108,15,110	34,173,32	0.000000	-2090.779340,-2090.785433,-2090.785434	1.000000	0.486667,0.136667,0.376667
1.5	1000	153	16781037689695553577	884	13,103,16,9,84,15,116,123,12,98,21,11,108,24,131	27,182,27	0.000000	-2082.588265,-2082.589145,-2082.591384	1.000000	0.386667,0.366667,0.246667
1.5	1000	154	16375937518111044329	888	23,113,20,23,84,18,114,117,15,96,13,18,113,18,103	38,180,33	0.000000	-2146.142217,-2146.291218,-2146.291221	1.000000	0.678333,0.103333,0.218333
1.5	1000	155	11113268589672467004	875	15,94,18,12,86,16,83,122,18,103,28,19,117,13,131	37,189,34	0.000000	-2099.532205,-2099.318818,-2099.558293	0.000000	0.316667,0.586667,0.096667
1.5	1000	156	5591455530735544426	880	17,119,19,15,101,17,96,103,12,89,19,12,104,16,141	31,190,29	0.000000	-2086.265798,-2085.343803,-2086.284580	0.000000	0.155000,0.720000,0.125000
1.5	1000	157	16274561923950303835	876	11,115,16,20,90,11,115,108,10,105,12,17,101,17,128	33,195,21	0.000000	-2054.492545,-2055.248029,-2055.329080	1.000000	0.596667,0.396667,0.006667
1.5	1000	158	12332559354301465070	880	13,102,16,16,91,15,111,122,10,86,26,20,119,16,117	36,177,25	0.000000	-2096.535028,-2096.673086,-2096.673100	1.000000	0.746667,0.166667,0.086667
1.5	1000	159	14243259935762482748	858	15,111,16,21,107,15,107,119,12,88,25,11,91,19,101	27,195,27	0.000000	-2058.015882,-2057.996174,-2058.007112	0.000000	0.101667,0.691667,0.206667
1.5	1000	160	3903057768215898597	875	25,110,12,13,83,18,100,108,19,109,11,13,112,23,119	25,192,37	0.000000	-2090.805574,-2090.738403,-2090.805551	0.000000	0.060000,0.590000,0.350000
1.5	1000	161	2573448116416072998	872	12,122,17,14,87,20,108,106,17,98,15,17,116,12,111	34,185,37	0.000000	-2067.289782,-2067.298218,-2067.295032	1.000000	0.348333,0.123333,0.528333
1.5	1000	162	3959637004026499419	881	24,107,18,15,95,15,107,111,18,93,14,14,103,16,131	32,188,33	0.000000	-2102.819178,-2102.664149,-2102.819178	0.000000	0.236667,0.546667,0.216667
1.5	1000	163	362941828314030084	886	19,107,22,22,93,18,74,112,7,111,22,20,124,19,116	42,204,25	0.000000	-2142.215002,-2141.567175,-2142.233937	0.000000	0.190000,0.810000,0.000000
1.5	1000	164	3038812679623227827	887	15,135,17,13,96,8,129,113,13,95,17,21,105,9,101	38,191,21	0.000000	-2077.463893,-2078.112970,-2078.112984	1.000000	0.943333,0.038333,0.018333
1.5	1000	165	17793299513651489195	857	19,103,15,17,86,12,97,104,17,111,16,13,119,18,110	28,197,29	0.000000	-2043.088277,-2043.045021,-2043.074095	0.000000	0.111667,0.721667,0.166667
1.5	1000	166	10077498039940834743	893	17,108,14,14,107,18,94,112,19,94,21,19,109,16,131	33,201,37	0.000000	-2138.049690,-2137.629526,-2137.958158	0.000000	0.075000,0.595000,0.330000
1.5	1000	167	8534803849053706225	868	17,99,14,13,101,11,93,124,17,100,19,18,110,15,117	32,201,28	0.000000	-2060.570445,-2060.622010,-2060.684644	1.000000	0.301667,0.591667,0.106667
1.5	1000	168	3504278866969150317	879	16,112,21,14,85,22,110,119,16,107,14,16,110,9,108	37,192,38	0.000000	-2091.384754,-2091.384753,-2091.346238	0.000000	0.295000,0.130000,0.575000
1.5	1000	169	5351010677208031720	901	12,116,9,25,97,22,115,96,19,112,19,13,123,13,110	22,209,41	0.000000	-2142.927751,-2142.927721,-2142.927721	0.000000	0.016667,0.691667,0.291667
1.5	1000	170	362038360665455268	850	21,111,17,23,110,12,98,100,13,91,15,11,91,15,122	28,201,25	0.000000	-2028.296983,-2026.421295,-2028.342496	0.000000	0.063333,0.923333,0.013333
1.5	1000	171	15469315971277746304	877	17,109,9,19,89,15,99,111,14,99,13,20,123,16,124	29,188,29	0.000000	-2074.857104,-2074.857103,-2074.857103	0.000000	0.248333,0.323333,0.428333
1.5	1000	172	6709662229802964092	877	22,103,20,11,119,15,97,103,19,87,20,17,114,19,111	37,206,34	0.000000	-2114.726729,-2114.640049,-2114.726732	0.000000	0.280000,0.630000,0.090000
1.5	1000	173	16751079238152845539	878	12,99,20,22,96,24,115,121,16,92,21,16,91,8,125	36,188,40	0.000000	-2103.095934,-2103.095922,-2103.095924	0.000000	0.116667,0.546667,0.336667
1.5	1000	174	11908911518992843789	865	19,117,23,14,86,19,100,113,8,101,13,19,98,16,119	42,187,27	0.000000	-2064.731370,-2065.466182,-2065.466195	1.000000	0.825000,0.150000,0.025000
1.5	1000	175	16605741875010355879	879	17,107,19,12,102,6,107,130,20,96,14,20,97,15,117	39,198,26	0.000000	-2079.805182,-2080.119501,-2080.119501	1.000000	0.676667,0.291667,0.031667
1.5	1000	176	5580269013079628004	881	10,100,16,20,100,13,119,96,25,105,13,16,124,15,109	32,205,38	0.000000	-2095.828248,-2095.828243,-2095.828244	0.000000	0.151667,0.371667,0.476667
1.5	1000	177	13792269999274982684	875	21,88,23,19,98,13,109,115,11,104,20,18,81,24,131	41,202,24	0.000000	-2115.957592,-2112.542317,-2116.098071	0.000000	0.030000,0.970000,0.000000
1.5	1000	178	8403339016410359348	890	14,102,16,22,109,23,99,118,15,98,20,18,102,18,116	34,207,38	0.000000	-2147.649420,-2147.467828,-2147.649261	0.000000	0.073333,0.693333,0.233333
1.5	1000	179	12728598017698538355	884	18,113,10,11,114,17,130,104,13,87,18,15,94,23,117	25,201,30	0.000000	-2094.307361,-2094.229774,-2094.307354	0.000000	0.081667,0.641667,0.276667
1.5	1000	180	15241848508924740664	874	14,113,14,20,88,14,100,104,11,114,14,16,117,16,119	30,202,25	0.000000	-2062.498155,-2062.509141,-2062.616558	1.000000	0.270000,0.670000,0.060000
1.5	1000	181	2189209334506092809	870	16,109,21,12,96,23,100,115,18,103,17,16,102,17,105	37,199,41	0.000000	-2095.130395,-2095.130394,-2095.119851	0.000000	0.255000,0.355000,0.390000
1.5	1000	182	1004129816854832316	887	15,107,13,12,108,15,106,115,19,101,18,23,107,15,113	36,209,34	0.000000	-2112.667771,-2112.695622,-2112.695622	1.000000	0.216667,0.551667,0.231667
1.5	1000	183	5509464813540587325	861	14,106,7,16,116,22,91,104,17,88,21,17,106,19,117	24,204,39	0.000000	-2062.099456,-2061.464437,-2061.893872	0.000000	0.003333,0.733333,0.263333
1.5	1000	184	5799312592783039237	871	11,114,16,10,96,14,104,114,11,104,13,30,102,11,121	46,200,25	0.000000	-2048.753382,-2050.396359,-2050.396373	1.000000	0.890000,0.100000,0.010000
1.5	1000	185	16053891332155897161	903	21,107,12,16,100,24,102,114,20,105,16,23,117,7,119	35,205,44	0.000000	-2162.279661,-2162.279657,-2162.034273	0.000000	0.091667,0.256667,0.651667
1.5	1000	186	17365806682308659525	888	10,116,14,17,120,18,104,102,21,89,14,19,97,24,123	33,209,39	0.000000	-2127.343369,-2127.086063,-2127.121407	0.000000	0.101667,0.691667,0.206667
1.5	1000	187	10465368703390679327	899	11,114,28,21,104,19,113,109,11,115,17,13,102,12,110	41,219,30	0.000000	-2141.430855,-2141.436751,-2141.430865	1.000000	0.325000,0.615000,0.060000
1.5	1000	188	8420916418115517341	886	15,114,19,10,97,19,116,115,14,104,16,16,94,12,125	35,201,33	0.000000	-2091.061535,-2091.133882,-2091.133882	1.000000	0.436667,0.251667,0.311667
1.5	1000	189	5418149575048382151	865	15,88,19,13,89,16,115,101,23,102,11,23,116,18,116	42,191,39	0.000000	-2079.227655,-2079.252212,-2079.252215	1.000000	0.538333,0.253333,0.208333
1.5	1000	190	18036939024894011541	890	15,123,18,14,108,9,103,124,13,99,21,25,91,15,112	43,207,22	0.000000	-2117.393788,-2117.731263,-2117.731277	1.000000	0.661667,0.331667,0.006667
1.5	1000	191	12635600144053490620	905	13,109,20,11,113,24,105,107,20,95,26,10,121,16,115	30,208,44	0.000000	-2167.816037,-2167.816050,-2167.730510	0.000000	0.043333,0.378333,0.578333
1.5	1000	192	6452228165704089124	865	15,100,14,13,101,15,103,121,14,111,17,18,103,14,106	32,212,29	0.000000	-2047.147239,-2047.147239,-2047.147239	0.000000	0.200000,0.665000,0.135000
1.5	1000	193	8778772875401810775	881	26,110,15,15,105,16,100,116,14,90,16,15,120,17,106	30,195,30	0.000000	-2106.458790,-2106.458787,-2106.458790	0.000000	0.275000,0.445000,0.280000
1.5	1000	194	16890953361921654690	886	19,114,14,21,101,17,105,105,19,87,9,21,109,21,124	35,188,36	0.000000	-2127.386719,-2127.386717,-2127.360612	0.000000	0.165000,0.370000,0.465000
1.5	1000	195	4191433147018230421	886	19,112,14,11,101,19,108,101,16,97,22,20,107,21,118	34,198,35	0.000000	-2131.426417,-2131.393066,-2131.416157	0.000000	0.213333,0.483333,0.303333
1.5	1000	196	7119772638645009293	890	15,113,13,17,100,12,99,106,20,109,15,18,122,16,115	31,209,32	0.000000	-2110.264391,-2110.264130,-2110.264391	0.000000	0.116667,0.711667,0.171667
1.5	1000	197	263339759895594589	894	13,107,16,10,120,16,96,117,14,85,21,22,109,21,127	38,205,30	0.000000	-2131.368866,-2131.546069,-2131.751397	1.000000	0.416667,0.521667,0.061667
1.5	1000	198	12314357219880170887	881	12,109,19,14,98,18,114,105,13,83,21,17,121,20,117	36,181,31	0.000000	-2104.466332,-2104.691608,-2104.691612	1.000000	0.636667,0.101667,0.261667
1.5	1000	199	4581111532205333623	887	19,109,19,13,98,16,112,109,14,95,21,23,111,21,107	42,193,30	0.000000	-2140.827239,-2141.191293,-2141.191299	1.000000	0.686667,0.216667,0.096667
1.5	10000	0	10762077317441206578	8817	140,1071,163,176,978,176,1010,1120,164,987,171,157,1125,184,1195	320,1965,340	0.000000	-21060.811135,-21060.798584,-21060.625896	0.000000	0.156667,0.216667,0.626667
1.5	10000	1	17622064006385563727	8777	164,1107,171,163,955,151,1065,1032,158,1030,164,173,1087,154,1203	344,1985,309	0.000000	-20914.865110,-20915.709416,-20915.887436	1.000000	0.650000,0.270000,0.080000
1.5	10000	2	3856675037592610764	8742	176,1057,139,151,941,147,1138,1090,173,987,168,171,1044,152,1208	310,1928,320	0.000000	-20795.316662,-20795.315640,-20795.281279	0.000000	0.246667,0.326667,0.426667
1.5	10000	3	14068918032170755011	8821	172,1094,172,179,967,151,1049,1084,180,998,158,154,1082,150,1231	326,1965,331	0.000000	-21037.885682,-21037.587127,-21037.875623	0.000000	0.260000,0.450000,0.290000
1.5	10000	4	13222939512235776226	8778	148,1019,150,172,1023,181,1138,1056,162,977,168,157,1128,161,1138	307,2000,343	0.000000	-20926.593319,-20926.593303,-20925.692196	0.000000	0.043333,0.073333,0.883333
1.5	10000	5	2574266880708429369	8871	163,1103,156,160,1066,170,1097,1100,151,1023,154,152,1032,149,1195	308,2089,321	0.000000	-21039.329116,-21038.649807,-21039.191030	0.000000	0.030000,0.660000,0.310000
1.5	10000	6	18068725378876960703	8805	160,1086,163,168,974,141,1053,1096,155,1007,169,186,1074,160,1213	349,1981,296	0.000000	-20979.457639,-20981.293638,-20981.584248	1.000000	0.790000,0.210000,0.000000
1.5	10000	7	11394680163095447561	8860	138,1096,142,186,1016,147,1075,1035,151,970,197,162,1112,162,1271	304,1986,298	0.000000	-21052.399131,-21049.556761,-21052.460785	0.000000	0.040000,0.950000,0.010000
1.5	10000	8	15679713251155372377	8747	165,1022,169,183,971,148,1070,1096,141,973,206,180,1089,167,1167	349,1944,289	0.000000	-20962.671013,-20963.447328,-20963.710027	1.000000	0.630000,0.360000,0.010000
1.5	10000	9	6566474560735283248	8786	161,1079,159,152,964,154,1106,1065,170,984,189,181,1063,177,1182	340,1948,324	0.000000	-21018.457423,-21018.630275,-21018.630286	1.000000	0.493333,0.303333,0.203333
1.5	10000	10	17141243388530190953	8850	148,1142,195,156,1026,181,1082,1017,164,1013,159,173,1077,166,1151	368,2039,345	0.000000	-21158.930638,-21159.318914,-21159.318919	1.000000	0.810000,0.080000,0.110000
1.5	10000	11	17753261904528645640	8815	164,1104,158,160,962,172,1060,1091,174,976,195,152,1043,164,1240	310,1938,346	0.000000	-21064.107764,-21063.602686,-21063.209429	0.000000	0.030000,0.500000,0.470000
1.5	10000	12	16411597116357029452	8796	175,1143,154,160,1013,155,1073,1065,157,997,151,145,1067,176,1165	299,2010,312	0.000000	-20912.643334,-20912.571195,-20912.429737	0.000000	0.143333,0.393333,0.463333
1.5	10000	13	5725494345594902931	8797	171,1095,167,140,943,171,1108,1085,154,965,163,152,1117,151,1215	319,1908,325	0.000000	-20893.402836,-20893.402833,-20893.350089	0.000000	0.346667,0.096667,0.556667
1.5	10000	14	7070631564514467104	8801	141,1081,167,171,958,158,1107,1028,155,1064,129,153,1146,174,1169	320,2022,313	0.000000	-20875.917834,-20875.925639,-20875.925639	1.000000	0.460000,0.210000,0.330000
1.5	10000	15	6131719671322741281	8803	174,1055,166,168,1012,174,1074,1082,152,980,155,163,1058,179,1211	329,1992,326	0.000000	-21032.593493,-21031.768372,-21032.612076	0.000000	0.203333,0.643333,0.153333
1.5	10000	16	7819009622813078410	8747	160,1100,187,158,995,174,1065,1067,159,983,183,137,1046,169,1164	324,1978,333	0.000000	-20911.214343,-20911.185755,-20911.165473	0.000000	0.226667,0.356667,0.416667
1.5	10000	17	10634406752457266267	8751	147,1105,152,158,965,168,1095,1059,166,941,161,155,1141,153,1185	307,1906,334	0.000000	-20782.226809,-20782.226796,-20781.768520	0.000000	0.190000,0.000000,0.810000
1.5	10000	18	9091870553856299275	8785	177,1089,163,141,943,137,1108,1044,160,1024,158,181,1062,184,1214	344,1967,297	0.000000	-20932.472087,-20933.101821,-20933.395111	1.000000	0.490000,0.500000,0.010000
1.5	10000	19	7255444525202982987	8785	152,1077,183,165,978,171,1061,1022,157,1035,131,143,1119,156,1235	326,2013,328	0.000000	-20855.237167,-20854.704308,-20855.190307	0.000000	0.160000,0.520000,0.320000
1.5	10000	20	15151505666308998484	8775	156,1026,148,181,994,146,1052,1068,151,1016,145,184,1079,179,1250	332,2010,297	0.000000	-20894.375587,-20891.867202,-20895.267666	0.000000	0.210000,0.780000,0.010000
1.5	10000	21	6090559464769719358	8837	159,1056,195,147,1021,164,1070,1067,146,1010,165,165,1086,166,1220	360,2031,310	0.000000	-21060.276818,-21061.550085,-21062.198318	1.000000	0.720000,0.270000,0.010000
1.5	10000	22	1045014929440255702	8804	166,1076,172,169,1028,183,1039,1054,160,937,169,155,1131,170,1195	327,1965,343	0.000000	-21057.272348,-21057.219963,-21057.109354	0.000000	0.160000,0.290000,0.550000
1.5	10000	23	16303578178684684051	8826	166,1091,179,166,995,141,1062,1065,166,988,173,174,1102,156,1202	353,1983,307	0.000000	-21060.705933,-21062.338059,-21062.416305	1.000000	0.810000,0.180000,0.010000
1.5	10000	24	2881274665017335387	8816	179,1052,185,167,972,158,1029,1118,162,1049,174,165,1095,143,1168	350,2021,320	0.000000	-21069.513326,-21070.112798,-21070.176856	1.000000	0.630000,0.340000,0.030000
1.5	10000	25	16815105991329022978	8786	158,1052,181,153,981,164,1072,1052,184,1025,169,181,1047,150,1217	362,2006,348	0.000000	-21015.070129,-21014.920275,-21015.260802	0.000000	0.360000,0.460000,0.180000
1.5	10000	26	3105662453093455752	8778	159,1081,177,132,990,150,1105,1078,159,976,144,184,1077,153,1213	361,1966,309	0.000000	-20836.550755,-20838.692427,-20838.692460	1.000000	0.903333,0.063333,0.033333
1.5	10000	27	6162543037974286984	8818	155,1065,167,146,1008,152,1049,1091,149,1017,164,182,1081,151,1241	349,2025,301	0.000000	-20939.834619,-20940.828148,-20941.729530	1.000000	0.660000,0.330000,0.010000
1.5	10000	28	17754304079011340055	8776	177,1077,154,163,1013,129,1082,1032,164,930,168,185,1143,173,1186	339,1943,293	0.000000	-20937.580291,-20938.689349,-20938.700193	1.000000	0.820000,0.180000,0.000000
1.5	10000	29	11200614670266550921	8716	129,1110,186,153,944,147,1071,1096,155,946,167,169,1091,143,1209	355,1890,302	0.000000	-20680.508164,-20682.806270,-20682.806310	1.000000	0.973333,0.003333,0.023333
1.5	10000	30	11400237181192029732	8815	178,1148,148,169,961,151,1142,1069,134,964,150,184,1083,153,1181	332,1925,285	0.000000	-20931.356447,-20932.977382,-20932.977416	1.000000	0.993333,0.003333,0.003333
1.5	10000	31	16500650674929169818	8778	183,1095,153,162,1025,154,1048,1104,149,932,167,162,1064,154,1226	315,1957,303	0.000000	-20886.923182,-20886.382858,-20886.993060	0.000000	0.340000,0.570000,0.090000
1.5	10000	32	16933743444278404233	8839	157,1062,149,163,897,148,1070,1115,167,1051,157,174,1120,167,1242	323,1948,315	0.000000	-21007.860839,-21007.865866,-21007.909539	1.000000	0.436667,0.386667,0.176667
1.5	10000	33	5515515410915725044	8746	181,1010,153,163,987,159,1091,1061,176,973,167,150,1091,177,1207	303,1960,335	0.000000	-20900.683624,-20899.732904,-20900.163189	0.000000	0.043333,0.633333,0.323333
1.5	10000	34	4876548492028626867	8830	173,1084,199,163,1031,159,1058,1059,167,979,150,171,1083,138,1216	370,2010,326	0.000000	-21068.948586,-21070.467269,-21070.545613	1.000000	0.853333,0.133333,0.013333
1.5	10000	35	5232072646326829731	8788	151,1064,159,159,972,138,1085,1088,141,979,145,170,1139,172,1226	329,1951,279	0.000000	-20810.186596,-20812.028983,-20812.039490	1.000000	0.920000,0.070000,0.010000
1.5	10000	36	177773098057235341	8805	177,1056,152,142,954,154,1091,1134,148,1001,174,138,1112,161,1211	290,1955,302	0.000000	-20870.690956,-20870.652007,-20870.658041	0.000000	0.180000,0.450000,0.370000
1.5	10000	37	14811654113680441670	8814	180,1104,171,167,959,166,1054,1114,164,1012,163,153,1082,155,1170	324,1971,330	0.000000	-21035.823402,-21035.823399,-21035.796954	0.000000	0.303333,0.193333,0.503333
1.5	10000	38	1826730510160392952	8723	131,1081,184,171,942,163,1109,1083,147,976,204,178,1017,171,1166	362,1918,310	0.000000	-20889.730208,-20890.060313,-20890.060343	1.000000	0.743333,0.203333,0.053333
1.5	10000	39	69429567460246460	8790	151,1103,161,180,924,141,1042,1107,154,994,175,193,1078,166,1221	354,1918,295	0.000000	-20974.817274,-20977.339192,-20977.355627	1.000000	0.870000,0.130000,0.000000
1.5	10000	40	346061907578953574	8735	139,1070,196,159,961,164,1055,1088,156,1000,149,163,1111,153,1171	359,1961,320	0.000000	-20792.065842,-20793.485311,-20793.485332	1.000000	0.930000,0.010000,0.060000
1.5	10000	41	2256524828794831169	8735	160,1080,167,155,956,138,1077,1117,128,959,158,171,1065,161,1243	338,1915,266	0.000000	-20697.067876,-20701.051862,-20701.172529	1.000000	0.970000,0.030000,0.000000
1.5	10000	42	5129882645990144468	8856	169,1081,173,160,981,165,1073,1074,168,1064,164,179,1063,143,1199	352,2045,333	0.000000	-21131.048616,-21131.142923,-21131.358477	1.000000	0.503333,0.433333,0.063333
1.5	10000	43	17210092946227910136	8790	156,1043,168,190,1024,166,1081,1086,152,966,184,166,1067,146,1195	334,1990,318	0.000000	-20997.569868,-20997.048989,-20997.569878	0.000000	0.213333,0.703333,0.083333
1.5	10000	44	1575387743499692340	8849	150,1119,150,180,1019,159,1081,1116,130,953,171,169,1097,173,1182	319,1972,289	0.000000	-21036.481813,-21037.111389,-21037.111411	1.000000	0.753333,0.173333,0.073333
1.5	10000	45	7275566483660031103	8811	154,1043,186,176,969,143,1102,1143,157,948,198,152,1097,151,1192	338,1917,300	0.000000	-21012.334827,-21012.577650,-21012.577664	1.000000	0.656667,0.216667,0.126667
1.5	10000	46	1067254531865606398	8765	151,1106,161,163,990,144,1045,1047,141,982,138,181,1091,180,1245	342,1972,285	0.000000	-20806.986862,-20808.000070,-20808.820079	1.000000	0.700000,0.280000,0.020000
1.5	10000	47	12458686993880491902	8826	170,1158,163,174,925,146,1060,1099,148,965,156,169,1086,166,1241	332,1890,294	0.000000	-20990.551286,-20991.492596,-20991.492632	1.000000	0.853333,0.093333,0.053333
1.5	10000	48	10855683683743664199	8805	157,1075,155,187,925,115,1076,1080,172,1011,160,159,1180,151,1202	314,1936,287	0.000000	-20887.128292,-20887.874622,-20887.874649	1.000000	0.803333,0.133333,0.063333
1.5	10000	49	7562186378183020260	8872	153,1093,184,165,1057,158,1076,1087,167,970,169,153,1073,154,1213	337,2027,325	0.000000	-21127.622682,-21127.520259,-21127.749353	0.000000	0.463333,0.393333,0.143333
1.5	10000	50	11266144438004348035	8821	159,1029,186,162,980,149,1114,1145,172,941,171,164,1044,182,1223	350,1921,321	0.000000	-21083.850345,-21084.517917,-21084.518888	1.000000	0.690000,0.210000,0.100000
1.5	10000	51	4315849103486356677	8807	157,1052,168,154,996,156,1071,1101,167,1024,154,183,1107,159,1158	351,2020,323	0.000000	-20985.634955,-20986.305095,-20986.305107	1.000000	0.803333,0.103333,0.093333
1.5	10000	52	1871304599920159624	8807	173,1021,212,160,996,167,1112,1022,153,1021,161,173,1066,152,1218	385,2017,320	0.000000	-21077.473501,-21079.887325,-21080.606736	1.000000	0.800000,0.200000,0.000000
1.5	10000	53	2396288419745246070	8806	136,1107,163,178,991,155,1104,1108,167,941,139,180,1047,167,1223	343,1932,322	0.000000	-20944.315714,-20944.679782,-20944.679794	1.000000	0.700000,0.050000,0.250000
1.5	10000	54	14767488203093175242	8815	164,1066,167,161,960,158,1147,1145,141,954,169,177,1066,166,1174	344,1914,299	0.000000	-20997.267693,-20998.622627,-20998.622651	1.000000	0.960000,0.000000,0.040000
1.5	10000	55	14918255631410076247	8805	156,1104,178,171,997,152,1096,1113,137,967,150,169,1064,156,1195	347,1964,289	0.000000	-20915.926632,-20918.468946,-20918.468983	1.000000	0.950000,0.050000,0.000000
1.5	10000	56	4510996216716924643	8807	154,1153,177,172,979,148,1113,1072,158,945,157,181,1073,142,1183	358,1924,306	0.000000	-20955.494544,-20957.705979,-20957.706014	1.000000	0.990000,0.000000,0.010000
1.5	10000	57	12814984899885961011	8863	158,1101,179,163,927,157,1085,1055,157,976,160,161,1169,155,1260	340,1903,314	0.000000	-21062.677688,-21063.329544,-21063.329566	1.000000	0.750000,0.080000,0.170000
1.5	10000	58	434650626396871554	8832	143,1098,160,182,955,151,1107,1104,146,971,153,154,1117,153,1238	314,1926,297	0.000000	-20912.019076,-20912.228594,-20912.228609	1.000000	0.666667,0.186667,0.146667
1.5	10000	59	15528761154708453972	8799	162,1108,162,180,1049,166,1055,1064,182,954,155,167,1101,156,1138	329,2003,348	0.000000	-21028.668970,-21028.668967,-21028.536571	0.000000	0.290000,0.110000,0.600000
1.5	10000	60	17108105084433235275	8762	154,1035,193,162,957,146,1150,1114,160,937,180,191,1077,153,1153	384,1894,306	0.000000	-20950.384820,-20952.919565,-20952.919585	1.000000	0.983333,0.013333,0.003333
1.5	10000	61	8326475569648729818	8788	181,1107,160,169,978,145,1060,1127,140,994,138,154,1064,168,1203	314,1972,285	0.000000	-20854.208438,-20854.620235,-20854.788053	1.000000	0.533333,0.423333,0.043333
1.5	10000	62	3170980865054048397	8806	154,1146,154,164,966,172,1080,1055,168,965,170,170,1050,149,1243	324,1931,340	0.000000	-20971.928057,-20971.923384,-20971.779657	0.000000	0.250000,0.220000,0.530000
1.5	10000	63	9257378606063522538	8826	147,1057,165,150,990,151,1167,1066,149,969,155,161,1159,139,1201	326,1959,300	0.000000	-20859.082793,-20859.669527,-20859.669543	1.000000	0.840000,0.000000,0.160000
1.5	10000	64	1000660714800260173	8853	183,1117,169,167,989,156,1145,1083,142,1018,145,155,1063,171,1150	324,2007,298	0.000000	-21061.386256,-21061.823983,-21061.823998	1.000000	0.756667,0.116667,0.126667
1.5	10000	65	16740171440124322025	8787	174,1120,182,166,999,165,1063,1085,133,953,190,148,1059,155,1195	330,1952,298	0.000000	-20962.374592,-20962.974331,-20963.113011	1.000000	0.573333,0.393333,0.033333
1.5	10000	66	8839479165989197147	8795	159,1103,180,154,1006,150,1073,1089,114,974,181,210,1083,153,1166	390,1980,264	0.000000	-20954.238553,-20962.360352,-20962.360406	1.000000	1.000000,0.000000,0.000000
1.5	10000	67	5535648874306180966	8838	170,1090,159,146,1021,150,1053,1079,162,1030,179,167,1094,170,1168	326,2051,312	0.000000	-21061.524619,-21061.259785,-21061.603892	0.000000	0.350000,0.550000,0.100000
1.5	10000	68	2449290956763939818	8754	164,1100,167,183,1004,186,1026,1087,141,1004,158,169,1059,145,1161	336,2008,327	0.000000	-20901.292344,-20901.402683,-20901.435366	1.000000	0.473333,0.373333,0.153333
1.5	10000	69	1219590583958441181	8825	153,1061,170,170,957,153,1090,1093,145,1029,140,172,1116,151,1225	342,1986,298	0.000000	-20929.177316,-20930.770538,-20930.778920	1.000000	0.810000,0.170000,0.020000
1.5	10000	70	13506070139779388191	8749	150,1086,142,171,986,163,1112,1034,173,952,170,161,1054,153,1242	303,1938,336	0.000000	-20819.462308,-20819.050603,-20818.629337	0.000000	0.000000,0.370000,0.630000
1.5	10000	71	13103733779843919048	8776	164,1116,188,176,984,167,1090,1076,157,938,169,167,1093,170,1121	355,1922,324	0.000000	-21027.690936,-21028.456342,-21028.456358	1.000000	0.896667,0.006667,0.096667
1.5	10000	72	9025276141120395356	8814	164,1012,157,164,956,171,1043,1126,147,956,174,182,1129,187,1246	339,1912,318	0.000000	-21071.057258,-21071.051167,-21071.351218	0.000000	0.530000,0.430000,0.040000
1.5	10000	73	3313649149138879603	8837	183,1051,134,168,1058,179,1062,1118,150,949,194,178,1059,170,1184	312,2007,329	0.000000	-21154.393381,-21153.391471,-21154.214097	0.000000	0.060000,0.710000,0.230000
1.5	10000	74	16894832293601324244	8820	160,1149,169,148,968,163,1052,1063,157,957,181,141,1125,162,1225	310,1925,320	0.000000	-20962.584206,-20962.584200,-20962.549726	0.000000	0.303333,0.253333,0.443333
1.5	10000	75	14717884677027484172	8808	162,1050,163,176,1000,173,1031,1091,179,993,149,184,1073,159,1225	347,1993,352	0.000000	-21068.988532,-21068.563560,-21068.947358	0.000000	0.243333,0.463333,0.293333
1.5	10000	76	2361166502059273352	8756	171,1129,174,167,967,133,1115,1067,152,942,169,162,1051,155,1202	336,1909,285	0.000000	-20834.435791,-20836.338614,-20836.338656	1.000000	0.960000,0.030000,0.010000
1.5	10000	77	556104435283075787	8789	163,1066,155,170,954,147,1116,1080,152,982,165,146,1138,183,1172	301,1936,299	0.000000	-20907.642651,-20907.642650,-20907.642653	0.000000	0.363333,0.233333,0.403333
1.5	10000	78	901445062569730798	8795	155,1068,164,157,965,139,1124,1077,159,974,148,185,1120,160,1200	349,1939,298	0.000000	-20888.812483,-20890.968141,-20890.968177	1.000000	0.970000,0.010000,0.020000
1.5	10000	79	11507919335014481945	8789	155,1149,162,164,900,185,1031,1105,158,942,165,193,1066,156,1258	355,1842,343	0.000000	-20991.759732,-20992.030241,-20992.030247	1.000000	0.660000,0.020000,0.320000
1.5	10000	80	3911109814484249043	8789	150,1079,170,159,1037,155,1030,1074,162,955,176,159,1123,153,1207	329,1992,317	0.000000	-20913.694097,-20913.805136,-20913.985725	1.000000	0.430000,0.460000,0.110000
1.5	10000	81	8611405228497578203	8810	140,1058,151,164,980,164,1104,1084,144,1017,140,161,1107,157,1239	312,1997,308	0.000000	-20834.465931,-20834.302832,-20834.483973	0.000000	0.380000,0.440000,0.180000
1.5	10000	82	17676057948967052371	8767	156,1076,169,155,1022,161,1147,1044,138,981,157,171,1082,143,1165	340,2003,299	0.000000	-20807.192105,-20808.451729,-20808.451747	1.000000	0.920000,0.030000,0.050000
1.5	10000	83	2919748370662574322	8779	164,1153,147,166,967,146,1109,1060,138,966,128,166,1138,130,1201	313,1933,284	0.000000	-20693.227462,-20693.925718,-20693.925737	1.000000	0.910000,0.010000,0.080000
1.5	10000	84	3819959175268234402	8809	161,1054,158,160,961,164,1078,1097,150,1011,193,176,1055,186,1205	334,1972,314	0.000000	-21075.559709,-21075.030184,-21075.765344	0.000000	0.293333,0.643333,0.063333
1.5	10000	85	2253862180656575897	8832	165,1143,161,172,1001,152,1075,1074,179,967,156,171,1066,191,1159	332,1968,331	0.000000	-21125.724462,-21125.724460,-21125.719479	0.000000	0.333333,0.133333,0.533333
1.5	10000	86	9695739165154674266	8794	182,1064,155,149,997,158,1122,1081,129,1024,158,174,1085,156,1160	329,2021,287	0.000000	-20886.165205,-20887.336675,-20887.344173	1.000000	0.766667,0.186667,0.046667
1.5	10000	87	2853701177584509598	8799	163,1089,166,152,952,141,1088,1116,150,985,171,164,1090,150,1222	330,1937,291	0.000000	-20875.883131,-20877.025852,-20877.025883	1.000000	0.870000,0.100000,0.030000
1.5	10000	88	17998703287276802761	8795	145,1080,173,153,965,174,1119,1061,156,1003,166,168,1123,153,1156	341,1968,330	0.000000	-20937.851207,-20938.014092,-20938.014096	1.000000	0.716667,0.046667,0.236667
1.5	10000	89	15222050724072095004	8795	159,1071,161,159,993,154,1053,1040,156,1011,171,162,1102,164,1239	323,2004,310	0.000000	-20929.210502,-20927.569616,-20929.342802	0.000000	0.150000,0.800000,0.050000
1.5	10000	90	7607738515130369839	8782	159,1086,150,178,930,156,1146,1090,146,973,149,183,1086,144,1206	333,1903,302	0.000000	-20853.429658,-20854.056202,-20854.056222	1.000000	0.850000,0.040000,0.110000
1.5	10000	91	18355944820711234574	8777	159,1023,165,177,994,158,1102,1090,135,975,134,176,1130,153,1206	341,1969,293	0.000000	-20834.569472,-20836.425029,-20836.425061	1.000000	0.930000,0.070000,0.000000
1.5	10000	92	12627223879133599839	8822	161,1102,180,179,1020,166,1024,1109,165,944,154,159,1058,165,1236	339,1964,331	0.000000	-21064.037278,-21063.748829,-21064.099071	0.000000	0.200000,0.590000,0.210000
1.5	10000	93	16378039250276570988	8794	156,1096,155,162,974,153,1097,1099,150,1024,157,192,1030,169,1180	347,1998,303	0.000000	-20946.065717,-20947.574092,-20947.578791	1.000000	0.773333,0.213333,0.013333
1.5	10000	94	17212604232532871808	8813	170,1108,159,159,1003,174,1099,1074,169,957,143,160,1051,151,1236	319,1960,343	0.000000	-20961.278944,-20961.268865,-20960.782682	0.000000	0.133333,0.173333,0.693333
1.5	10000	95	4092454335092358427	8802	195,1131,179,164,965,151,1087,1026,173,964,165,170,1084,156,1192	349,1929,324	0.000000	-21065.919227,-21066.195765,-21066.195777	1.000000	0.720000,0.170000,0.110000
1.5	10000	96	3149051740852292885	8812	146,1052,177,192,1012,162,1054,1048,162,999,162,136,1095,173,1242	313,2011,324	0.000000	-21010.456307,-21007.764651,-21010.432962	0.000000	0.030000,0.910000,0.060000
1.5	10000	97	10421767440881600028	8783	152,1068,181,171,1009,149,1084,1040,172,1024,173,168,1068,161,1163	349,2033,321	0.000000	-20989.833954,-20990.132889,-20990.331014	1.000000	0.493333,0.453333,0.053333
1.5	10000	98	17111176020433129809	8774	162,1048,162,161,1055,166,1061,1061,149,974,146,171,1093,154,1211	333,2029,315	0.000000	-20861.992531,-20861.519900,-20862.254740	0.000000	0.360000,0.590000,0.050000
1.5	10000	99	4579667433242907197	8759	159,1042,148,156,940,150,1087,1118,150,1002,151,171,1053,157,1275	319,1942,300	0.000000	-20756.964633,-20756.404149,-20757.293682	0.000000	0.440000,0.460000,0.100000
1.5	10000	100	10122027940255420465	8837	172,1090,201,148,1007,169,1066,1094,155,1001,158,156,1055,168,1197	357,2008,324	0.000000	-21098.373455,-21099.162141,-21099.205073	1.000000	0.736667,0.236667,0.026667
1.5	10000	101	15411529358725234143	8753	156,1117,174,180,994,160,1054,1066,188,945,161,160,1082,135,1181	334,1939,348	0.000000	-20891.841363,-20891.841364,-20891.810234	0.000000	0.410000,0.130000,0.460000
1.5	10000	102	6986394582161328450	8827	144,1082,161,166,969,135,1096,1137,155,1005,156,183,1135,157,1146	344,1974,290	0.000000	-20944.403370,-20946.426612,-20946.426638	1.000000	0.933333,0.023333,0.043333
1.5	10000	103	14939152236662170964	8781	143,1077,160,162,953,156,1112,1052,157,1048,172,173,1111,164,1141	333,2001,313	0.000000	-20909.828564,-20910.182719,-20910.182728	1.000000	0.790000,0.140000,0.070000
1.5	10000	104	11690511780589551181	8790	171,1031,209,141,935,160,1104,1096,188,970,182,154,1123,160,1166	363,1905,348	0.000000	-21064.745735,-21065.003746,-21065.003752	1.000000	0.710000,0.000000,0.290000
1.5	10000	105	1000995006947141449	8811	159,1046,155,165,971,151,1103,1141,150,1022,174,169,1086,158,1161	324,1993,301	0.000000	-20957.814302,-20957.968923,-20957.968930	1.000000	0.568333,0.243333,0.188333
1.5	10000	106	8100670524831262574	8865	164,1096,163,150,1008,164,1110,1071,158,1010,163,178,1073,167,1190	341,2018,322	0.000000	-21121.863540,-21122.172165,-21122.173774	1.000000	0.733333,0.173333,0.093333
1.5	10000	107	14438497576139992923	8843	160,1093,167,155,976,153,1084,1095,171,1015,197,176,1091,141,1169	343,1991,324	0.000000	-21098.219492,-21098.392267,-21098.392276	1.000000	0.623333,0.183333,0.193333
1.5	10000	108	8499159092498929153	8806	153,1113,164,175,1022,135,1031,1103,175,1005,140,157,1087,155,1191	321,2027,310	0.000000	-20897.266551,-20897.296846,-20897.389980	1.000000	0.400000,0.375000,0.225000
1.5	10000	109	14453392859678683128	8775	168,1038,163,179,955,144,1046,1092,147,1063,153,156,1140,169,1162	319,2018,291	0.000000	-20881.823012,-20882.040279,-20882.336171	1.000000	0.403333,0.573333,0.023333
1.5	10000	110	17069057269793736157	8784	178,1069,151,180,993,160,1104,1070,159,956,147,145,1056,161,1255	296,1949,319	0.000000	-20889.059371,-20887.759551,-20888.773235	0.000000	0.050000,0.770000,0.180000
1.5	10000	111	13972391442298145926	8845	169,1138,191,150,995,150,1078,1051,152,976,166,186,1097,156,1190	377,1971,302	0.000000	-21095.442854,-21099.005945,-21099.005976	1.000000	1.000000,0.000000,0.000000
1.5	10000	112	17130761502036811751	8744	169,1065,154,163,987,134,1037,1087,176,1003,150,188,1072,145,1214	342,1990,310	0.000000	-20810.348741,-20810.793935,-20811.190804	1.000000	0.520000,0.400000,0.080000
1.5	10000	113	5176271477548507095	8865	180,1130,174,143,1001,142,1116,1085,151,1009,168,162,1078,179,1147	336,2010,293	0.000000	-21107.273833,-21107.817000,-21107.817020	1.000000	0.856667,0.096667,0.046667
1.5	10000	114	5774342455358607479	8828	151,1076,153,172,987,169,1083,1055,172,923,164,184,1136,176,1227	337,1910,341	0.000000	-21093.255119,-21093.255118,-21093.243141	0.000000	0.350000,0.150000,0.500000
1.5	10000	115	4283070798525778847	8819	149,1106,165,155,966,147,1091,1028,181,1008,161,172,1084,167,1239	337,1974,328	0.000000	-20997.611222,-20997.514930,-20997.699491	0.000000	0.360000,0.490000,0.150000
1.5	10000	116	7832482136642641921	8760	183,1035,161,161,981,164,1073,1118,172,925,147,172,1103,150,1215	333,1906,336	0.000000	-20893.539579,-20893.541875,-20893.537511	0.000000	0.423333,0.143333,0.433333
1.5	10000	117	9507723650269612717	8807	152,1075,164,162,954,143,1063,1054,173,1002,173,175,1131,154,1232	339,1956,316	0.000000	-20967.985461,-20968.526861,-20968.609623	1.000000	0.533333,0.323333,0.143333
1.5	10000	118	4830699761963224523	8736	173,1127,179,149,1028,146,1099,1061,159,952,140,186,1044,150,1143	365,1980,305	0.000000	-20802.233357,-20804.014295,-20804.014316	1.000000	0.983333,0.013333,0.003333
1.5	10000	119	1529737377428858418	8821	143,1069,165,145,975,170,1034,1135,153,999,184,160,1112,175,1202	325,1974,323	0.000000	-21002.303458,-21002.308236,-21002.308291	1.000000	0.373333,0.273333,0.353333
1.5	10000	120	3936996689235525073	8757	165,1101,167,164,983,165,1022,1053,149,960,161,175,1093,172,1227	342,1943,314	0.000000	-20903.609484,-20903.641002,-20904.048748	1.000000	0.500000,0.430000,0.070000
1.5	10000	121	13652512079798305366	8757	134,1036,186,137,1019,173,1046,1106,159,971,150,176,1130,180,1154	362,1990,332	0.000000	-20872.654955,-20873.328616,-20873.328626	1.000000	0.870000,0.030000,0.100000
1.5	10000	122	3810689988874242049	8832	163,1085,176,167,960,163,1151,1078,168,954,178,166,1071,157,1195	342,1914,331	0.000000	-21099.841913,-21099.888470,-21099.888474	1.000000	0.570000,0.080000,0.350000
1.5	10000	123	119057261991487426	8835	207,1084,151,153,961,158,1079,1068,138,979,152,177,1163,157,1208	328,1940,296	0.000000	-21019.051584,-21019.280488,-21019.280502	1.000000	0.546667,0.326667,0.126667
1.5	10000	124	8925713673034778568	8783	170,1079,179,184,938,175,1133,1080,148,892,168,159,1097,186,1195	338,1830,323	0.000000	-21044.533213,-21044.652330,-21044.652343	1.000000	0.710000,0.060000,0.230000
1.5	10000	125	17799860469557858274	8848	160,1090,158,134,980,166,1062,1114,176,992,166,162,1111,165,1212	320,1972,342	0.000000	-21041.958493,-21041.958479,-21041.475848	0.000000	0.133333,0.083333,0.783333
1.5	10000	126	4299970019286438650	8757	167,1105,176,149,947,149,1079,1084,147,949,149,173,1080,193,1210	349,1896,296	0.000000	-20869.274154,-20870.726302,-20870.726338	1.000000	0.860000,0.120000,0.020000
1.5	10000	127	15342827583273673822	8820	154,1070,170,164,970,169,1187,1042,169,1003,158,169,1046,155,1194	339,1973,338	0.000000	-21024.190398,-21024.190398,-21024.170443	0.000000	0.330000,0.160000,0.510000
1.5	10000	128	9695864715872761356	8895	170,1122,169,174,966,161,1058,1093,183,1105,155,157,1069,156,1157	326,2071,344	0.000000	-21224.983575,-21224.973356,-21224.752358	0.000000	0.140000,0.290000,0.570000
1.5	10000	129	712966538233771138	8863	166,1090,165,154,967,149,1093,1090,163,1013,162,152,1103,160,1236	317,1980,312	0.000000	-21041.070091,-21040.945404,-21041.084262	0.000000	0.320000,0.490000,0.190000
1.5	10000	130	9510021235499736679	8784	164,1081,157,157,1013,149,1073,1106,139,965,171,171,1101,157,1180	328,1978,288	0.000000	-20868.675910,-20869.883687,-20869.883712	1.000000	0.850000,0.120000,0.030000
1.5	10000	131	5143254476943867852	8784	164,1054,191,168,989,140,1091,1064,152,982,140,164,1112,162,1211	355,1971,292	0.000000	-20893.782503,-20896.721462,-20896.751683	1.000000	0.923333,0.073333,0.003333
1.5	10000	132	6788012684634029761	8809	154,1087,167,165,999,160,1076,1052,165,1009,145,174,1094,153,1209	341,2008,325	0.000000	-20956.438799,-20956.651974,-20956.696675	1.000000	0.536667,0.306667,0.156667
1.5	10000	133	15719660056621149823	8779	151,1117,168,153,963,168,1130,1089,148,1013,155,154,1062,157,1151	322,1976,316	0.000000	-20840.414918,-20840.453661,-20840.453662	1.000000	0.603333,0.023333,0.373333
1.5	10000	134	8512529081809744920	8751	170,983,163,172,952,164,1130,1148,149,922,159,161,1055,173,1250	324,1874,313	0.000000	-20861.418347,-20861.397889,-20861.528611	0.000000	0.490000,0.370000,0.140000
1.5	10000	135	13911759954291991995	8806	190,1096,172,157,1000,148,1069,1107,170,957,174,158,1022,170,1216	330,1957,318	0.000000	-21049.574271,-21049.153742,-21049.701553	0.000000	0.303333,0.613333,0.083333
1.5	10000	136	6842527449203999061	8817	149,1121,178,146,981,155,1092,1061,166,971,169,166,1110,173,1179	344,1952,321	0.000000	-21006.334957,-21006.725225,-21006.725236	1.000000	0.746667,0.036667,0.216667
1.5	10000	137	96456234546835377	8791	155,1093,139,156,1010,162,1054,1094,148,991,176,180,1069,164,1200	319,2001,310	0.000000	-20913.452801,-20913.140379,-20913.509746	0.000000	0.273333,0.583333,0.143333
1.5	10000	138	12489502858687018962	8804	159,1116,158,168,996,158,1104,1062,141,931,144,170,1089,180,1228	328,1927,299	0.000000	-20924.879273,-20925.396578,-20925.397017	1.000000	0.610000,0.280000,0.110000
1.5	10000	139	9905640888875757722	8753	168,1031,151,160,976,167,1127,1069,159,976,143,159,1144,149,1174	310,1952,326	0.000000	-20785.805478,-20785.805470,-20785.601251	0.000000	0.283333,0.063333,0.653333
1.5	10000	140	2196367275755473853	8819	160,1066,137,146,991,152,1009,1110,186,1014,167,182,1137,188,1174	319,2005,338	0.000000	-21045.493016,-21045.475014,-21045.047964	0.000000	0.126667,0.336667,0.536667
1.5	10000	141	768300140210169600	8713	171,1029,172,175,924,155,1072,1045,162,1038,146,164,1089,182,1189	336,1962,317	0.000000	-20835.348883,-20835.128897,-20835.585183	0.000000	0.283333,0.663333,0.053333
1.5	10000	142	3180952926210335070	8814	153,1117,146,172,966,156,1080,1065,174,990,177,166,1088,164,1200	312,1956,330	0.000000	-21009.488301,-21009.485299,-21009.369019	0.000000	0.140000,0.300000,0.560000
1.5	10000	143	6612827397309923122	8783	159,1051,176,142,963,146,1109,1117,170,992,161,138,1103,178,1178	314,1955,316	0.000000	-20874.049632,-20874.058578,-20874.058580	1.000000	0.426667,0.166667,0.406667
1.5	10000	144	4517840131664182165	8778	153,1107,165,184,933,169,1101,1065,163,960,167,157,1106,174,1174	322,1893,332	0.000000	-20975.773232,-20975.773227,-20975.739266	0.000000	0.376667,0.066667,0.556667
1.5	10000	145	3409651120210343024	8757	181,1068,176,169,979,163,1070,1067,176,950,145,166,1078,175,1194	342,1929,339	0.000000	-20968.229176,-20968.235360,-20968.235361	1.000000	0.380000,0.230000,0.390000
1.5	10000	146	5773699867516156685	8767	167,1138,174,169,984,150,1063,1103,169,920,169,153,1000,164,1244	327,1904,319	0.000000	-20914.120278,-20913.960876,-20914.152091	0.000000	0.310000,0.520000,0.170000
1.5	10000	147	5248601838418621961	8856	157,1061,166,150,1009,178,1056,1072,166,1017,172,181,1121,165,1185	347,2026,344	0.000000	-21157.041778,-21157.053218,-21157.058478	1.000000	0.370000,0.290000,0.340000
1.5	10000	148	4277398380086888408	8827	162,1112,187,155,1024,161,1063,1054,164,911,170,172,1128,176,1188	359,1935,325	0.000000	-21107.641163,-21108.313360,-21108.313376	1.000000	0.873333,0.053333,0.073333
1.5	10000	149	16470494661402768310	8784	177,1085,143,149,1004,146,1080,1033,138,1024,160,180,1082,174,1209	323,2028,284	0.000000	-20872.862348,-20871.682750,-20873.439139	0.000000	0.260000,0.730000,0.010000
1.5	10000	150	716308565101496542	8830	185,1154,147,148,967,145,997,1123,172,1042,168,174,1027,165,1216	321,2009,317	0.000000	-21038.993904,-21038.093527,-21038.993903	0.000000	0.200000,0.720000,0.080000
1.5	10000	151	5135332961392288965	8780	154,1061,141,142,968,171,1069,1082,157,982,162,166,1141,174,1210	307,1950,328	0.000000	-20859.083265,-20859.083249,-20858.643711	0.000000	0.153333,0.173333,0.673333
1.5	10000	152	6021376575462907115	8789	171,1093,175,141,977,150,1075,1098,154,962,180,159,1069,172,1213	334,1939,304	0.000000	-20942.817000,-20943.439151,-20943.473199	1.000000	0.583333,0.333333,0.083333
1.5	10000	153	180401571075651183	8796	153,1095,175,146,970,149,1064,1076,151,1012,169,195,1131,137,1173	370,1982,300	0.000000	-20911.015818,-20914.463575,-20914.463614	1.000000	1.000000,0.000000,0.000000
1.5	10000	154	11777797782103442529	8824	148,1076,169,146,1014,171,1120,1091,185,932,168,180,1044,174,1206	349,1946,356	0.000000	-21091.315360,-21091.315361,-21091.256704	0.000000	0.420000,0.100000,0.480000
1.5	10000	155	7776824395848781592	8785	194,1028,173,149,971,152,1145,1112,152,991,145,160,1068,147,1198	333,1962,304	0.000000	-20877.361016,-20878.371885,-20878.371910	1.000000	0.833333,0.113333,0.053333
1.5	10000	156	16812431992344288918	8831	163,1153,160,157,991,159,1129,1111,146,934,153,183,1066,150,1176	343,1925,305	0.000000	-20973.758561,-20974.973657,-20974.973681	1.000000	0.920000,0.000000,0.080000
1.5	10000	157	10896522476958173073	8784	162,1066,184,160,1015,156,1084,1081,151,1027,154,171,1093,164,1116	355,2042,307	0.000000	-20947.726468,-20949.170920,-20949.170933	1.000000	0.935000,0.045000,0.020000
1.5	10000	158	16526937341693600496	8871	177,1081,166,162,1011,163,1159,1098,172,946,157,171,1034,166,1208	337,1957,335	0.000000	-21175.822806,-21175.894238,-21175.894243	1.000000	0.530000,0.160000,0.310000
1.5	10000	159	3033757181109031965	8776	175,1036,158,167,965,161,1116,1075,147,983,160,188,1112,140,1193	346,1948,308	0.000000	-20906.993204,-20908.050884,-20908.050907	1.000000	0.870000,0.060000,0.070000
1.5	10000	160	17259810597141734638	8717	164,1067,162,172,975,163,1067,1063,133,959,162,168,1089,163,1210	330,1934,296	0.000000	-20763.510006,-20764.101972,-20764.349277	1.000000	0.633333,0.333333,0.033333
1.5	10000	161	14230455100952382379	8776	159,1115,156,155,969,141,1090,1068,141,968,177,170,1112,163,1192	326,1937,282	0.000000	-20840.116785,-20841.604115,-20841.604149	1.000000	0.883333,0.113333,0.003333
1.5	10000	162	14562372630213866751	8749	169,1061,186,177,970,181,1122,1073,174,998,155,167,991,150,1175	353,1968,355	0.000000	-20970.656205,-20970.656203,-20970.589416	0.000000	0.283333,0.253333,0.463333
1.5	10000	163	7142404024290422143	8830	158,1055,195,181,1018,162,1094,1044,154,984,148,162,1103,160,1212	357,2002,316	0.000000	-21068.926780,-21070.065463,-21070.278120	1.000000	0.680000,0.300000,0.020000
1.5	10000	164	3282922752355673529	8811	132,1126,161,149,1025,143,1087,1133,151,946,167,192,1066,171,1162	353,1971,294	0.000000	-20926.402754,-20928.999289,-20928.999319	1.000000	0.973333,0.003333,0.023333
1.5	10000	165	2220689746714825888	8792	193,1111,156,164,1010,132,1114,1099,150,958,144,146,1086,171,1158	302,1968,282	0.000000	-20867.727060,-20867.874832,-20867.874846	1.000000	0.553333,0.313333,0.133333
1.5	10000	166	5005192540682702398	8850	163,1081,160,175,999,159,1083,1105,141,994,172,144,1066,162,1246	304,1993,300	0.000000	-21023.283763,-21021.689069,-21023.283767	0.000000	0.060000,0.890000,0.050000
1.5	10000	167	12108876720598419074	8757	135,1112,181,133,921,182,1086,1088,153,983,167,173,1078,166,1199	354,1904,335	0.000000	-20851.612997,-20852.046541,-20852.046549	1.000000	0.790000,0.000000,0.210000
1.5	10000	168	2238532619070456447	8824	174,1094,156,154,962,177,1100,1089,157,989,175,156,1097,172,1172	312,1951,334	0.000000	-21058.335397,-21058.335383,-21058.002880	0.000000	0.140000,0.070000,0.790000
1.5	10000	169	15792130438980497411	8794	160,1026,169,161,1005,160,1115,1093,154,1045,139,167,1051,154,1195	336,2050,314	0.000000	-20891.083952,-20891.236200,-20891.610490	1.000000	0.540000,0.420000,0.040000
1.5	10000	170	3704940329688756324	8812	194,1072,163,164,958,153,1086,1112,154,934,177,164,1092,149,1240	327,1892,307	0.000000	-21012.549462,-21012.754435,-21012.776769	1.000000	0.613333,0.273333,0.113333
1.5	10000	171	14951593490433534979	8808	152,1085,174,142,996,172,1113,1074,159,991,153,175,1095,161,1166	349,1987,331	0.000000	-20965.801468,-20966.135756,-20966.135763	1.000000	0.763333,0.033333,0.203333
1.5	10000	172	12802281661875317155	8815	144,1071,163,171,987,158,1056,1141,143,969,144,172,1113,185,1198	335,1956,301	0.000000	-20958.691441,-20959.600116,-20959.600140	1.000000	0.786667,0.106667,0.106667
1.5	10000	173	3350614719160386636	8764	168,1161,160,140,1010,149,1064,1065,165,938,163,191,1066,156,1168	351,1948,314	0.000000	-20875.658115,-20876.428197,-20876.428210	1.000000	0.863333,0.013333,0.123333
1.5	10000	174	17596354952907009752	8785	158,1050,181,159,992,170,1014,1169,153,978,161,162,1071,160,1207	343,1970,323	0.000000	-20942.523367,-20942.840068,-20942.853589	1.000000	0.510000,0.330000,0.160000
1.5	10000	175	9570686561308992126	8832	179,1132,170,161,993,154,1114,1059,159,1004,158,149,1071,148,1181	319,1997,313	0.000000	-20996.733579,-20996.752168,-20996.752172	1.000000	0.516667,0.236667,0.246667
1.5	10000	176	13763362372876676404	8840	169,1116,174,156,985,162,1103,1029,162,993,150,184,1124,155,1178	358,1978,324	0.000000	-21074.649225,-21075.283739,-21075.283750	1.000000	0.773333,0.073333,0.153333
1.5	10000	177	7910948835464201473	8805	177,1093,169,161,991,177,1080,1079,144,954,186,171,1096,165,1162	340,1945,321	0.000000	-21072.866137,-21073.115434,-21073.115445	1.000000	0.710000,0.090000,0.200000
1.5	10000	178	3944588321104162787	8800	161,1101,169,135,1061,138,1089,1068,151,978,177,166,1045,165,1196	335,2039,289	0.000000	-20899.589907,-20900.543000,-20901.195985	1.000000	0.590000,0.410000,0.000000
1.5	10000	179	4064752584297714512	8784	174,1071,159,154,973,139,1125,1064,159,1032,154,158,1089,139,1194	317,2005,298	0.000000	-20814.446637,-20814.703909,-20814.743409	1.000000	0.580000,0.310000,0.110000
1.5	10000	180	18109154098310172156	8816	166,1062,152,187,1007,150,1138,1084,161,980,147,161,1090,136,1195	313,1987,311	0.000000	-20925.258855,-20925.258853,-20925.252324	0.000000	0.323333,0.243333,0.433333
1.5	10000	181	1004405748150973961	8769	165,1030,151,155,993,151,1113,1084,149,974,184,153,1119,152,1196	304,1967,300	0.000000	-20825.695482,-20825.584141,-20825.695484	0.000000	0.243333,0.463333,0.293333
1.5	10000	182	11786647964520057958	8791	158,1082,170,144,960,153,1111,1067,154,983,163,178,1105,148,1215	348,1943,307	0.000000	-20882.005392,-20883.450972,-20883.451001	1.000000	0.870000,0.050000,0.080000
1.5	10000	183	9066124347036894581	8807	164,1118,163,179,944,153,1106,1056,159,993,169,164,1056,185,1198	327,1937,312	0.000000	-21046.744603,-21046.796122,-21046.856981	1.000000	0.590000,0.300000,0.110000
1.5	10000	184	4604903447012421711	8857	184,1133,173,172,1032,152,1047,1029,163,1001,163,182,1077,149,1200	355,2033,315	0.000000	-21161.189758,-21161.581558,-21162.222448	1.000000	0.500000,0.480000,0.020000
1.5	10000	185	2963853068455329029	8818	162,1081,148,152,968,150,1100,1038,161,1049,167,144,1108,154,1236	292,2017,311	0.000000	-20886.542957,-20885.339829,-20886.304970	0.000000	0.080000,0.650000,0.270000
1.5	10000	186	17072241727144080707	8821	186,1120,176,163,941,174,1052,1031,145,992,168,180,1069,180,1244	356,1933,319	0.000000	-21134.192757,-21134.045294,-21134.766119	0.000000	0.426667,0.526667,0.046667
1.5	10000	187	8925586340117955481	8811	152,1058,166,165,963,152,1090,1110,168,975,159,159,1113,171,1210	325,1938,320	0.000000	-20971.023784,-20971.043769,-20971.043773	1.000000	0.580000,0.170000,0.250000
1.5	10000	188	431002713708934032	8848	159,1082,179,155,1028,158,1127,1109,137,982,170,143,1040,148,1231	322,2010,295	0.000000	-20968.476124,-20968.374874,-20968.823061	0.000000	0.443333,0.483333,0.073333
1.5	10000	189	5357766846433369210	8777	149,1087,142,135,1003,144,1118,1083,146,984,152,156,1120,177,1181	298,1987,290	0.000000	-20729.544448,-20729.576695,-20729.576699	1.000000	0.420000,0.280000,0.300000
1.5	10000	190	17457456037053368468	8765	159,1073,157,146,1026,172,1127,1011,142,977,177,169,1096,187,1146	326,2003,314	0.000000	-20918.007864,-20918.057833,-20918.063820	1.000000	0.390000,0.420000,0.190000
1.5	10000	191	13200897430449296580	8773	159,1093,146,183,939,170,1075,1101,176,1015,156,173,1073,181,1133	319,1954,346	0.000000	-20998.137792,-20998.137779,-20997.608948	0.000000	0.110000,0.080000,0.810000
1.5	10000	192	435486850990206176	8797	162,1099,172,161,962,156,1097,1106,187,931,155,186,1093,157,1173	358,1893,343	0.000000	-21023.922760,-21024.185626,-21024.185632	1.000000	0.810000,0.000000,0.190000
1.5	10000	193	1838228012099210	8726	188,1060,165,166,948,141,1070,1109,164,997,152,125,1044,158,1239	290,1945,305	0.000000	-20726.155523,-20724.748197,-20726.113800	0.000000	0.083333,0.753333,0.163333
1.5	10000	194	8229470341539431277	8807	144,1120,189,169,1011,148,1144,1073,168,957,172,197,1052,156,1107	386,1968,316	0.000000	-21066.669520,-21068.148015,-21068.148042	1.000000	0.986667,0.006667,0.006667
1.5	10000	195	2851285150335628828	8821	166,1044,200,153,1009,150,1072,1084,166,979,196,156,1068,147,1231	356,1988,316	0.000000	-21072.151877,-21072.337568,-21073.099043	1.000000	0.490000,0.480000,0.030000
1.5	10000	196	1348196070179559159	8813	161,1109,171,171,949,163,1091,1094,166,995,160,196,1055,166,1166	367,1944,329	0.000000	-21095.919516,-21097.047919,-21097.047939	1.000000	0.933333,0.033333,0.033333
1.5	10000	197	12586497335448107985	8835	166,1116,173,153,991,174,1055,1079,165,1021,168,158,1101,181,1134	331,2012,339	0.000000	-21120.203361,-21120.203356,-21120.040763	0.000000	0.260000,0.180000,0.560000
1.5	10000	198	989646449411787286	8781	168,1120,161,183,975,145,1076,1087,169,975,149,158,1056,185,1174	319,1950,314	0.000000	-20962.066919,-20962.070018,-20962.070072	1.000000	0.466667,0.276667,0.256667
1.5	10000	199	5511958404886987271	8757	151,1098,147,164,962,163,1047,1124,138,994,166,154,1114,157,1178	301,1956,301	0.000000	-20762.661413,-20762.661565,-20762.661567	1.000000	0.450000,0.200000,0.350000
1.5	100000	0	12638042524546017918	88180	1667,10671,1632,1593,9749,1595,11129,10929,1500,10075,1576,1606,10691,1656,12111	3238,19824,3095	0.000000	-209712.621583,-209713.311208,-209714.577255	1.000000	0.640000,0.360000,0.000000
1.5	100000	1	13750939251467610591	87982	1612,10739,1661,1649,9662,1533,10963,10947,1496,9838,1549,1693,11088,1608,11944	3354,19500,3029	0.000000	-209237.571638,-209245.840791,-209245.841015	1.000000	1.000000,0.000000,0.000000
1.5	100000	2	2347224930074268407	88029	1566,10719,1725,1627,9831,1534,10766,10783,1574,9886,1665,1732,10922,1568,12131	3457,19717,3108	0.000000	-209698.544429,-209707.899029,-209708.336211	1.000000	1.000000,0.000000,0.000000
1.5	100000	3	5934184419704294074	87945	1661,10686,1685,1718,9742,1575,10909,10847,1555,9987,1620,1765,10761,1546,11888	3450,19729,3130	0.000000	-209802.201120,-209809.483105,-209809.486651	1.000000	1.000000,0.000000,0.000000
1.5	100000	4	7910652670019428979	88176	1628,10929,1606,1672,9915,1584,10995,10993,1549,9616,1534,1642,10759,1722,12032	3248,19531,3133	0.000000	-209901.751801,-209902.806644,-209902.806735	1.000000	0.906667,0.066667,0.026667
1.5	100000	5	16406049470223468392	88039	1609,10825,1690,1616,9717,1631,10986,10882,1562,9846,1709,1721,10820,1573,11852	3411,19563,3193	0.000000	-209964.941097,-209968.449050,-209968.449174	1.000000	0.990000,0.000000,0.010000
1.5	100000	6	2552930638125831599	88186	1552,10872,1701,1662,10023,1528,10730,10882,1583,9893,1628,1638,11006,1601,11887	3339,19916,3111	0.000000	-209887.720115,-209892.079065,-209892.079204	1.000000	0.960000,0.040000,0.000000
1.5	100000	7	2515213765167944240	88133	1612,10825,1687,1576,9909,1588,10789,10902,1608,9820,1588,1696,10947,1594,11992	3383,19729,3196	0.000000	-209860.069590,-209863.032375,-209863.032487	1.000000	0.990000,0.000000,0.010000
1.5	100000	8	3043096900190033234	88054	1637,10908,1667,1628,9857,1524,10819,10887,1555,9835,1615,1667,10938,1595,11922	3334,19692,3079	0.000000	-209578.986812,-209583.987446,-209583.987612	1.000000	0.990000,0.010000,0.000000
1.5	100000	9	11667925527082184045	87978	1622,10915,1677,1636,9868,1549,10933,10726,1509,9925,1635,1684,10689,1640,11970	3361,19793,3058	0.000000	-209545.040870,-209551.405653,-209551.957266	1.000000	0.950000,0.050000,0.000000
1.5	100000	10	16753622743255324154	88193	1635,10900,1658,1667,9866,1595,10842,10903,1582,9798,1565,1674,10817,1587,12104	3332,19664,3177	0.000000	-209995.396816,-209997.328871,-209997.341467	1.000000	0.860000,0.100000,0.040000
1.5	100000	11	15879776640684947535	88014	1610,10848,1690,1671,9886,1615,11029,10672,1513,9753,1639,1676,10846,1687,11879	3366,19639,3128	0.000000	-209899.626588,-209903.826929,-209903.827083	1.000000	0.970000,0.030000,0.000000
1.5	100000	12	4873809604757579466	88122	1627,10714,1648,1628,9825,1627,11037,10825,1558,9945,1659,1697,10876,1588,11868	3345,19770,3185	0.000000	-210009.876789,-210011.760189,-210011.760279	1.000000	0.920000,0.060000,0.020000
1.5	100000	13	11195397834058170893	87957	1566,10775,1653,1618,9650,1587,10974,10871,1573,9737,1533,1692,10924,1662,12142	3345,19387,3160	0.000000	-209315.697054,-209318.658155,-209318.658287	1.000000	1.000000,0.000000,0.000000
1.5	100000	14	7401991270887157011	88029	1594,10924,1694,1638,9629,1570,10825,11028,1531,9848,1643,1690,10861,1601,11953	3384,19477,3101	0.000000	-209639.684851,-209645.871297,-209645.871486	1.000000	1.000000,0.000000,0.000000
1.5	100000	15	16147330755327990765	87930	1666,10799,1618,1580,9887,1581,10942,10861,1552,9790,1649,1639,10730,1601,12035	3257,19677,3133	0.000000	-209306.154208,-209307.004869,-209307.316581	1.000000	0.770000,0.210000,0.020000
1.5	100000	16	8923004856491305562	87968	1593,10749,1653,1577,9718,1582,10878,11010,1641,9909,1661,1637,10673,1634,12053	3290,19627,3223	0.000000	-209553.553819,-209553.892822,-209553.923497	1.000000	0.630000,0.260000,0.110000
1.5	100000	17	5491470972112797688	87875	1593,10957,1673,1613,9732,1539,10860,10981,1529,9705,1577,1744,10761,1624,11987	3417,19437,3068	0.000000	-209175.450242,-209185.173668,-209185.173909	1.000000	1.000000,0.000000,0.000000
1.5	100000	18	12724484895582803196	87887	1589,10802,1696,1660,9883,1648,10722,10746,1635,9881,1602,1634,10789,1650,11950	3330,19764,3283	0.000000	-209667.409555,-209667.423821,-209667.629702	1.000000	0.570000,0.360000,0.070000
1.5	100000	19	9043065980036037973	88182	1653,10801,1652,1589,9912,1613,10944,10913,1631,9787,1656,1630,10754,1589,12058	3282,19699,3244	0.000000	-210076.467741,-210076.568573,-210076.597478	1.000000	0.540000,0.280000,0.180000
1.5	100000	20	2841709568785450988	88038	1668,10735,1753,1629,9966,1482,10963,10562,1578,9846,1676,1692,10972,1641,11875	3445,19812,3060	0.000000	-209993.087698,-210003.931610,-210004.177329	1.000000	1.000000,0.000000,0.000000
1.5	100000	21	8524853003459239979	88134	1611,10785,1643,1668,9955,1570,10836,10718,1578,9803,1570,1694,10958,1651,12094	3337,19758,3148	0.000000	-209922.902267,-209924.998469,-209925.622967	1.000000	0.830000,0.160000,0.010000
1.5	100000	22	76142179236546172	87961	1562,10937,1654,1603,9809,1567,10788,10706,1558,9837,1647,1664,10917,1570,12142	3318,19646,3125	0.000000	-209237.205228,-209240.312936,-209240.491876	1.000000	0.900000,0.090000,0.010000
1.5	100000	23	16535822939795362299	88037	1575,10999,1719,1614,9872,1548,10842,10694,1556,9762,1681,1689,10935,1596,11955	3408,19634,3104	0.000000	-209701.166697,-209708.883163,-209708.883364	1.000000	1.000000,0.000000,0.000000
1.5	100000	24	13405366178721520181	88080	1600,10847,1640,1689,9886,1514,10873,10814,1528,9875,1590,1642,10950,1588,12044	3282,19761,3042	0.000000	-209442.502215,-209446.570784,-209446.891634	1.000000	0.910000,0.090000,0.000000
1.5	100000	25	5421414454504307602	87963	1574,10700,1639,1632,9888,1615,10737,10872,1559,9762,1610,1722,10932,1637,12084	3361,19650,3174	0.000000	-209561.340553,-209564.026422,-209564.173507	1.000000	0.870000,0.130000,0.000000
1.5	100000	26	8835764584982764303	87954	1612,10661,1618,1622,9881,1616,11057,10780,1552,9824,1665,1620,10949,1645,11852	3238,19705,3168	0.000000	-209499.745490,-209500.055884,-209500.055929	1.000000	0.566667,0.196667,0.236667
1.5	100000	27	4846894016655425448	88139	1648,10958,1729,1645,9752,1591,10850,10877,1536,9733,1569,1720,10752,1646,12133	3449,19485,3127	0.000000	-210083.436527,-210091.567233,-210091.567463	1.000000	1.000000,0.000000,0.000000
1.5	100000	28	15555132736293089322	88151	1636,10941,1678,1602,9919,1598,10839,10970,1569,9807,1558,1581,10884,1574,11995	3259,19726,3167	0.000000	-209606.592723,-209607.309893,-209607.309950	1.000000	0.850000,0.050000,0.100000
1.5	100000	29	18429053339558773783	88116	1566,10857,1625,1645,9871,1662,10785,10812,1578,9900,1606,1695,10910,1708,11896	3320,19771,3240	0.000000	-210097.575125,-210098.084396,-210098.084442	1.000000	0.713333,0.183333,0.103333
1.5	100000	30	15000025005251121245	87919	1593,10885,1624,1578,9679,1587,10826,10887,1575,9916,1630,1603,10875,1651,12010	3227,19595,3162	0.000000	-209193.217692,-209193.528398,-209193.528444	1.000000	0.620000,0.230000,0.150000
1.5	100000	31	7147901506963346788	88067	1688,10841,1702,1667,9932,1581,10685,10763,1588,9889,1619,1626,10971,1653,11862	3328,19821,3169	0.000000	-210073.173952,-210074.640781,-210074.859529	1.000000	0.740000,0.250000,0.010000
1.5	100000	32	10084754284009892910	88121	1602,10807,1640,1614,9793,1628,10897,10779,1525,9857,1607,1719,10983,1679,11991	3359,19650,3153	0.000000	-209949.850720,-209953.105731,-209953.105865	1.000000	1.000000,0.000000,0.000000
1.5	100000	33	2452856019979982848	88052	1696,10802,1616,1611,9785,1553,10921,10906,1483,9833,1564,1682,11015,1629,11956	3298,19618,3036	0.000000	-209459.080986,-209464.177917,-209464.178098	1.000000	1.000000,0.000000,0.000000
1.5	100000	34	15220517646210591755	87797	1596,10828,1660,1626,9939,1565,10844,10616,1602,9709,1729,1594,10883,1622,11984	3254,19648,3167	0.000000	-209234.698901,-209234.742252,-209235.301082	1.000000	0.496667,0.466667,0.036667
1.5	100000	35	11529646747545109233	88041	1587,10765,1698,1632,9678,1556,10873,10983,1462,9881,1657,1602,10791,1753,12123	3300,19559,3018	0.000000	-209627.955824,-209632.771810,-209633.669553	1.000000	0.930000,0.070000,0.000000
1.5	100000	36	14611723823910736532	87896	1597,10880,1688,1654,9829,1487,10820,10843,1605,9679,1537,1709,10797,1602,12169	3397,19508,3092	0.000000	-209185.066552,-209192.533620,-209192.548463	1.000000	0.990000,0.010000,0.000000
1.5	100000	37	15591877513270151453	87945	1626,10878,1689,1626,10056,1599,11028,10792,1599,9805,1621,1683,10665,1623,11655	3372,19861,3198	0.000000	-209729.671339,-209732.068976,-209732.069064	1.000000	0.960000,0.010000,0.030000
1.5	100000	38	12075991081593865922	88074	1604,10827,1706,1717,9729,1561,10932,10923,1522,9958,1616,1688,10838,1565,11888	3394,19687,3083	0.000000	-209792.331029,-209799.323231,-209799.323418	1.000000	1.000000,0.000000,0.000000
1.5	100000	39	16260421344578804519	88278	1660,10999,1675,1575,9763,1551,10862,10825,1557,9860,1590,1759,10932,1631,12039	3434,19623,3108	0.000000	-210234.101597,-210242.073523,-210242.073732	1.000000	0.990000,0.010000,0.000000
1.5	100000	40	6210698342871424162	87957	1638,10955,1686,1605,9742,1488,10941,10967,1593,9801,1559,1625,10901,1564,11892	3311,19543,3081	0.000000	-209116.645455,-209120.902197,-209120.902347	1.000000	0.980000,0.000000,0.020000
1.5	100000	41	7803920633744069436	88135	1628,10827,1697,1614,9913,1541,10835,10871,1649,9981,1637,1618,10922,1689,11713	3315,19894,3190	0.000000	-210140.688929,-210141.839466,-210141.839533	1.000000	0.960000,0.020000,0.020000
1.5	100000	42	10499532371855451080	87812	1595,10700,1668,1632,9730,1492,10911,10941,1529,9762,1633,1709,10824,1589,12097	3377,19492,3021	0.000000	-208949.883301,-208959.283868,-208959.302085	1.000000	1.000000,0.000000,0.000000
1.5	100000	43	2922030504492775483	88018	1565,10778,1760,1598,9740,1570,10933,10798,1546,9927,1658,1686,10938,1639,11882	3446,19667,3116	0.000000	-209756.796315,-209765.369504,-209765.369706	1.000000	1.000000,0.000000,0.000000
1.5	100000	44	7462456751471683692	88107	1555,10813,1668,1651,10001,1539,10789,10733,1663,9739,1735,1715,10805,1653,12048	3383,19740,3202	0.000000	-210234.473196,-210236.270199,-210237.051926	1.000000	0.740000,0.260000,0.000000
1.5	100000	45	17490401342938774097	88212	1665,10684,1690,1624,9985,1562,10822,10958,1611,9794,1647,1661,10912,1569,12028	3351,19779,3173	0.000000	-210178.670087,-210180.967079,-210181.098694	1.000000	0.850000,0.120000,0.030000
1.5	100000	46	9868297673424060377	87803	1594,10796,1676,1705,9657,1574,10922,10722,1571,9807,1622,1663,10950,1610,11934	3339,19464,3145	0.000000	-209272.342778,-209275.286447,-209275.286579	1.000000	1.000000,0.000000,0.000000
1.5	100000	47	1137373687009398494	87961	1625,10872,1660,1645,9867,1598,10899,10758,1543,9913,1640,1686,10767,1541,11947	3346,19780,3141	0.000000	-209486.647565,-209489.892368,-209489.930716	1.000000	0.930000,0.070000,0.000000
1.5	100000	48	1863456042133267904	88201	1640,11028,1687,1565,9973,1510,11018,10883,1568,9780,1581,1596,10775,1621,11976	3283,19753,3078	0.000000	-209658.107039,-209661.443051,-209661.443187	1.000000	0.980000,0.010000,0.010000
1.5	100000	49	2558785627191965082	88036	1596,10901,1689,1587,9755,1532,10904,10890,1613,9895,1680,1649,10773,1568,12004	3338,19650,3145	0.000000	-209580.261856,-209583.150197,-209583.150321	1.000000	0.980000,0.020000,0.000000
1.5	100000	50	1664760473368459852	88054	1579,10755,1707,1603,9803,1547,10888,10906,1557,9801,1649,1645,10940,1574,12100	3352,19604,3104	0.000000	-209500.337911,-209505.149118,-209505.149288	1.000000	1.000000,0.000000,0.000000
1.5	100000	51	685787953197274435	88084	1628,10713,1611,1616,9750,1478,10897,10944,1529,9970,1660,1673,10920,1582,12113	3284,19720,3007	0.000000	-209411.360833,-209416.159113,-209416.908631	1.000000	0.900000,0.100000,0.000000
1.5	100000	52	15660330543407732488	87904	1568,10935,1686,1562,9854,1576,10930,10807,1515,9761,1634,1663,10763,1645,12005	3349,19615,3091	0.000000	-209175.046050,-209180.327783,-209180.327957	1.000000	1.000000,0.000000,0.000000
1.5	100000	53	2648203826669505802	88062	1575,10705,1722,1624,9796,1559,10970,10836,1602,10043,1638,1673,10749,1585,11985	3395,19839,3161	0.000000	-209774.101489,-209778.061624,-209778.147527	1.000000	0.960000,0.040000,0.000000
1.5	100000	54	9625751496836906285	88067	1625,11043,1629,1610,9720,1623,10609,11023,1549,9943,1590,1639,10801,1656,12007	3268,19663,3172	0.000000	-209661.479886,-209662.125671,-209662.125732	1.000000	0.766667,0.126667,0.106667
1.5	100000	55	1568472703044901895	88108	1608,10738,1662,1583,9836,1634,10908,10866,1531,9868,1655,1720,10804,1579,12116	3382,19704,3165	0.000000	-209835.008434,-209838.603627,-209838.740979	1.000000	0.930000,0.070000,0.000000
1.5	100000	56	4205424163006998504	88081	1582,10924,1678,1649,9844,1569,10882,10854,1576,9719,1668,1765,10907,1612,11852	3443,19563,3145	0.000000	-210027.921525,-210034.982082,-210034.982267	1.000000	1.000000,0.000000,0.000000
1.5	100000	57	18422535897169162852	88094	1567,10962,1654,1602,9634,1612,11102,10850,1554,9853,1571,1700,10713,1662,12058	3354,19487,3166	0.000000	-209694.450169,-209697.492238,-209697.492365	1.000000	0.960000,0.020000,0.020000
1.5	100000	58	6038838422177213094	88136	1625,10834,1754,1623,9729,1585,10914,10883,1580,9876,1675,1668,10864,1563,11963	3422,19605,3165	0.000000	-210089.099621,-210094.234520,-210094.234681	1.000000	0.980000,0.020000,0.000000
1.5	100000	59	11220109438656003661	88156	1635,10929,1656,1598,9820,1647,10777,10864,1569,9940,1659,1712,10743,1604,12003	3368,19760,3216	0.000000	-210159.868192,-210161.715205,-210161.749761	1.000000	0.910000,0.070000,0.020000
1.5	100000	60	5386737383204908015	88080	1618,10783,1699,1648,9974,1575,10729,10904,1570,9657,1581,1689,10935,1615,12103	3388,19631,3145	0.000000	-209813.714764,-209818.362914,-209818.409379	1.000000	0.980000,0.020000,0.000000
1.5	100000	61	14986777535085121129	87827	1617,11030,1682,1524,9843,1522,10935,10624,1528,9922,1590,1605,10803,1603,11999	3287,19765,3050	0.000000	-208687.041508,-208691.152689,-208691.210412	1.000000	0.980000,0.020000,0.000000
1.5	100000	62	17093456105197893092	87940	1613,10859,1639,1664,9774,1607,10816,10763,1602,9819,1689,1702,10811,1622,11960	3341,19593,3209	0.000000	-209803.885058,-209805.236242,-209805.245986	1.000000	0.840000,0.150000,0.010000
1.5	100000	63	15833778787286043328	88197	1597,10997,1688,1581,9953,1534,10725,10902,1572,9878,1569,1689,10808,1627,12077	3377,19831,3106	0.000000	-209816.232394,-209821.890030,-209821.992278	1.000000	0.990000,0.010000,0.000000
1.5	100000	64	9435643434788649581	87902	1610,10906,1622,1610,9806,1557,10714,10858,1535,9833,1618,1684,11076,1658,11815	3306,19639,3092	0.000000	-209277.130176,-209280.426784,-209280.426913	1.000000	0.973333,0.013333,0.013333
1.5	100000	65	14912585408873253067	87910	1550,10927,1662,1625,9908,1574,10881,10885,1510,9646,1607,1654,10697,1621,12163	3316,19554,3084	0.000000	-209077.080840,-209081.120454,-209081.248939	1.000000	0.920000,0.080000,0.000000
1.5	100000	66	8517944533888633443	88034	1590,10746,1696,1663,9817,1589,11116,10765,1566,9794,1604,1621,10799,1572,12096	3317,19611,3155	0.000000	-209537.561741,-209539.461743,-209539.466558	1.000000	0.920000,0.070000,0.010000
1.5	100000	67	17585473411074990343	87928	1592,10774,1746,1607,9794,1537,10847,10788,1543,9881,1677,1707,10850,1644,11941	3453,19675,3080	0.000000	-209619.805443,-209630.505879,-209630.510873	1.000000	1.000000,0.000000,0.000000
1.5	100000	68	14536620042802675357	87975	1605,10921,1677,1586,9743,1522,10969,10750,1605,9979,1612,1683,10866,1577,11880	3360,19722,3127	0.000000	-209381.576459,-209385.991691,-209385.991832	1.000000	0.990000,0.000000,0.010000
1.5	100000	69	11513120415426047502	87971	1608,10653,1655,1664,9861,1548,11099,10768,1566,9797,1664,1649,10825,1618,11996	3304,19658,3114	0.000000	-209554.537434,-209556.715263,-209556.897190	1.000000	0.850000,0.150000,0.000000
1.5	100000	70	4327143610933154901	88280	1666,10898,1689,1624,9762,1540,10943,10824,1581,9947,1597,1761,10900,1582,11966	3450,19709,3121	0.000000	-210335.736946,-210344.260361,-210344.260568	1.000000	1.000000,0.000000,0.000000
1.5	100000	71	1103652363399699882	88141	1653,10905,1756,1631,9884,1608,10841,10803,1582,9842,1631,1660,10790,1594,11961	3416,19726,3190	0.000000	-210193.235592,-210197.302501,-210197.302641	1.000000	0.990000,0.010000,0.000000
1.5	100000	72	17791213714289051591	87912	1665,10976,1644,1636,9777,1538,10794,10952,1656,9773,1613,1604,10749,1647,11888	3248,19550,3194	0.000000	-209494.626538,-209494.821239,-209494.821276	1.000000	0.616667,0.116667,0.266667
1.5	100000	73	16488602315776382425	87884	1515,10925,1659,1634,9865,1577,10837,10881,1551,9888,1593,1646,10792,1686,11835	3305,19753,3128	0.000000	-209188.446035,-209190.914883,-209190.914989	1.000000	0.943333,0.033333,0.023333
1.5	100000	74	16484508633994499344	88175	1642,11077,1718,1674,9829,1613,10925,10698,1593,9762,1580,1734,10633,1674,12023	3452,19591,3206	0.000000	-210456.943403,-210461.645321,-210461.645480	1.000000	1.000000,0.000000,0.000000
1.5	100000	75	16690234523675641402	88113	1612,10798,1721,1624,9789,1554,10879,10870,1575,9837,1639,1600,10887,1664,12064	3321,19626,3129	0.000000	-209876.429101,-209879.103104,-209879.191360	1.000000	0.910000,0.090000,0.000000
1.5	100000	76	17080865664320234426	88243	1546,10940,1646,1568,9793,1568,10769,11084,1539,9935,1639,1673,10882,1610,12051	3319,19728,3107	0.000000	-209777.199206,-209780.826535,-209780.826675	1.000000	0.960000,0.040000,0.000000
1.5	100000	77	8453659589524793625	87882	1558,10676,1623,1662,9853,1603,10594,11102,1585,9929,1666,1714,10870,1633,11814	3337,19782,3188	0.000000	-209535.545126,-209537.134795,-209537.134877	1.000000	0.940000,0.040000,0.020000
1.5	100000	78	16602876002191843369	87848	1564,10876,1714,1697,9870,1533,10883,10698,1549,9846,1619,1705,10924,1596,11774	3419,19716,3082	0.000000	-209327.271953,-209336.463026,-209336.463227	1.000000	1.000000,0.000000,0.000000
1.5	100000	79	3730122658849750897	87978	1621,10874,1631,1654,9885,1558,10892,10773,1514,9750,1651,1746,10896,1622,11911	3377,19635,3072	0.000000	-209620.618345,-209627.705762,-209627.705963	1.000000	1.000000,0.000000,0.000000
1.5	100000	80	1790256778566654579	87868	1615,10676,1613,1690,9815,1600,10891,10948,1587,9818,1633,1609,10763,1559,12051	3222,19633,3187	0.000000	-209207.006506,-209206.695065,-209207.032956	0.000000	0.280000,0.520000,0.200000
1.5	100000	81	9872074150264428777	88072	1617,10996,1730,1627,9746,1504,10779,10889,1591,9863,1588,1710,10918,1610,11904	3440,19609,3095	0.000000	-209775.369763,-209784.706484,-209784.706701	1.000000	1.000000,0.000000,0.000000
1.5	100000	82	1260995935083412189	88151	1749,10632,1695,1557,9917,1571,10907,10815,1635,9926,1583,1712,10856,1636,11960	3407,19843,3206	0.000000	-210264.343443,-210267.739038,-210267.921659	1.000000	0.940000,0.060000,0.000000
1.5	100000	83	10430403065169597082	87915	1588,10819,1743,1572,9661,1637,10811,10864,1621,9833,1667,1653,10993,1636,11817	3396,19494,3258	0.000000	-209717.398914,-209719.081866,-209719.081942	1.000000	0.950000,0.000000,0.050000
1.5	100000	84	6596262852682322190	87865	1589,10649,1707,1612,9878,1559,10868,10883,1536,9727,1646,1686,10874,1670,11981	3393,19605,3095	0.000000	-209389.513678,-209396.298100,-209396.314943	1.000000	1.000000,0.000000,0.000000
1.5	100000	85	13723676727081981079	88101	1588,11009,1657,1608,9651,1602,10994,10834,1560,9765,1668,1585,10826,1614,12140	3242,19416,3162	0.000000	-209618.490087,-209618.967147,-209618.967208	1.000000	0.833333,0.093333,0.073333
1.5	100000	86	12331778140658108068	87922	1616,10590,1678,1617,9667,1516,10844,10979,1506,9962,1640,1695,10869,1630,12113	3373,19629,3022	0.000000	-209290.609121,-209299.170466,-209299.859059	1.000000	0.980000,0.020000,0.000000
1.5	100000	87	10316943487238804749	88173	1641,10891,1675,1623,9782,1607,10851,10938,1549,9955,1636,1710,10810,1591,11914	3385,19737,3156	0.000000	-210108.377243,-210112.481777,-210112.481917	1.000000	1.000000,0.000000,0.000000
1.5	100000	88	11273574822892609717	87789	1589,10745,1706,1626,9857,1511,10875,10947,1602,9763,1565,1650,10726,1543,12084	3356,19620,3113	0.000000	-208816.996449,-208821.666436,-208821.669983	1.000000	0.960000,0.040000,0.000000
1.5	100000	89	9447828143460366259	88017	1625,10848,1680,1630,9706,1543,10938,11061,1551,9895,1597,1606,10949,1576,11812	3286,19601,3094	0.000000	-209352.336474,-209355.157062,-209355.157180	1.000000	0.990000,0.000000,0.010000
1.5	100000	90	7372929253224216714	88023	1658,10996,1727,1602,9971,1558,10839,10887,1492,9740,1653,1580,10849,1562,11909	3307,19711,3050	0.000000	-209410.016550,-209415.057333,-209415.057502	1.000000	0.980000,0.020000,0.000000
1.5	100000	91	9027554766816079814	88073	1586,10897,1635,1598,9752,1596,10971,11051,1570,9836,1601,1660,10765,1655,11900	3295,19588,3166	0.000000	-209638.006886,-209639.413212,-209639.413292	1.000000	0.950000,0.000000,0.050000
1.5	100000	92	14035693559770252603	88165	1707,10914,1675,1591,9939,1537,10996,10967,1570,9758,1582,1637,10865,1680,11747	3312,19697,3107	0.000000	-209999.617873,-210002.969792,-210002.969919	1.000000	0.990000,0.000000,0.010000
1.5	100000	93	2523037427137840914	87954	1624,10818,1691,1597,9843,1655,10781,10855,1582,9748,1561,1611,10927,1636,12025	3302,19591,3237	0.000000	-209485.266704,-209485.643468,-209485.643504	1.000000	0.790000,0.070000,0.140000
1.5	100000	94	18069619934905830014	88034	1601,10907,1686,1615,9944,1590,10799,10744,1542,9768,1623,1665,10682,1648,12220	3351,19712,3132	0.000000	-209666.962336,-209668.629729,-209670.674386	1.000000	0.680000,0.320000,0.000000
1.5	100000	95	14461751501562399483	88067	1563,10772,1770,1669,9767,1528,10829,11020,1468,9975,1685,1641,10766,1570,12044	3411,19742,2996	0.000000	-209597.667538,-209609.228212,-209609.537994	1.000000	0.990000,0.010000,0.000000
1.5	100000	96	18085621644074747022	88188	1533,10873,1701,1602,9875,1566,10641,10895,1562,10090,1622,1731,10839,1624,12034	3432,19965,3128	0.000000	-209973.166336,-209980.301439,-209980.736921	1.000000	0.990000,0.010000,0.000000
1.5	100000	97	8932099320915248654	88148	1600,10869,1692,1625,9821,1550,10916,10906,1654,10058,1599,1687,10520,1605,12046	3379,19879,3204	0.000000	-210018.760975,-210020.797131,-210021.218527	1.000000	0.890000,0.100000,0.010000
1.5	100000	98	8019317575220643930	88061	1619,10871,1637,1646,9661,1609,11063,10871,1534,9773,1668,1671,10906,1624,11908	3308,19434,3143	0.000000	-209800.086422,-209802.039457,-209802.039567	1.000000	0.990000,0.000000,0.010000
1.5	100000	99	11919945393867888348	88133	1713,10808,1602,1687,9892,1604,10775,10774,1523,9908,1609,1749,10882,1723,11884	3351,19800,3127	0.000000	-210367.781954,-210370.377985,-210371.089713	1.000000	0.870000,0.130000,0.000000
1.5	100000	100	6446579695584990051	88063	1596,10952,1743,1554,9732,1526,10790,10896,1594,9782,1628,1734,10853,1679,12004	3477,19514,3120	0.000000	-209882.246765,-209892.192815,-209892.193049	1.000000	1.000000,0.000000,0.000000
1.5	100000	101	1274665229017280673	88007	1611,11118,1731,1634,9692,1486,10883,11040,1531,9761,1583,1679,10645,1629,11984	3410,19453,3017	0.000000	-209435.567666,-209447.598878,-209447.599155	1.000000	1.000000,0.000000,0.000000
1.5	100000	102	9698247296636689957	88085	1520,10839,1611,1593,9772,1621,10740,10920,1517,9964,1644,1637,10976,1642,12089	3248,19736,3138	0.000000	-209438.212788,-209439.079445,-209439.213377	1.000000	0.810000,0.160000,0.030000
1.5	100000	103	11006190050475052088	87955	1666,10728,1699,1613,9870,1585,10819,10982,1547,9873,1540,1690,10849,1568,11926	3389,19743,3132	0.000000	-209413.658153,-209419.171435,-209419.171594	1.000000	0.990000,0.010000,0.000000
1.5	100000	104	1677009251835358492	87873	1653,10852,1638,1635,9794,1505,10998,10824,1529,9765,1617,1663,10849,1625,11926	3301,19559,3034	0.000000	-209142.336378,-209147.626937,-209147.627123	1.000000	1.000000,0.000000,0.000000
1.5	100000	105	15627221732566037043	88111	1587,10952,1628,1617,9993,1539,10824,11046,1508,9628,1588,1685,10976,1577,11963	3313,19621,3047	0.000000	-209381.983642,-209387.602574,-209387.602753	1.000000	1.000000,0.000000,0.000000
1.5	100000	106	12416412642071750868	88029	1573,10887,1662,1594,9766,1532,10928,10846,1569,9697,1643,1672,10955,1626,12079	3334,19463,3101	0.000000	-209455.573934,-209459.868240,-209459.868408	1.000000	1.000000,0.000000,0.000000
1.5	100000	107	13204117799591831467	87946	1592,10876,1674,1583,10139,1522,10871,10715,1497,9770,1608,1708,10814,1599,11978	3382,19909,3019	0.000000	-209162.223406,-209172.120734,-209172.578508	1.000000	1.000000,0.000000,0.000000
1.5	100000	108	805185175528015834	88127	1679,10887,1635,1559,9897,1612,10781,11067,1516,9813,1624,1631,10757,1574,12095	3266,19710,3128	0.000000	-209608.328483,-209609.727429,-209609.861719	1.000000	0.780000,0.200000,0.020000
1.5	100000	109	10449468761696227034	88106	1614,10931,1676,1670,9847,1618,10869,10830,1510,9802,1595,1640,10850,1659,11995	3316,19649,3128	0.000000	-209857.903227,-209860.537921,-209860.538760	1.000000	0.920000,0.080000,0.000000
1.5	100000	110	6299945627918412426	87961	1638,10753,1653,1679,9856,1526,10979,10751,1525,9747,1615,1711,10918,1634,11976	3364,19603,3051	0.000000	-209544.970754,-209552.242200,-209552.266242	1.000000	1.000000,0.000000,0.000000
1.5	100000	111	11910825841676790751	88017	1575,10937,1645,1559,9652,1582,11000,10968,1590,9689,1614,1651,10942,1582,12031	3296,19341,3172	0.000000	-209285.978229,-209287.365652,-209287.365728	1.000000	0.900000,0.000000,0.100000
1.5	100000	112	7615653089296290615	87931	1606,10869,1685,1588,9947,1538,10893,10821,1634,9862,1603,1593,10889,1580,11823	3278,19809,3172	0.000000	-209229.670370,-209230.616116,-209230.616175	1.000000	0.920000,0.020000,0.060000
1.5	100000	113	17773023650469583783	88154	1659,10775,1694,1555,9782,1560,10793,10928,1607,9935,1677,1787,10663,1626,12113	3481,19717,3167	0.000000	-210294.274118,-210301.711758,-210302.173107	1.000000	1.000000,0.000000,0.000000
1.5	100000	114	16778673759386669014	87797	1640,10836,1640,1638,9743,1546,10770,10864,1535,9781,1588,1626,10836,1673,12081	3266,19524,3081	0.000000	-209006.193527,-209008.202080,-209008.608127	1.000000	0.850000,0.150000,0.000000
1.5	100000	115	2616749003949841372	87836	1701,10795,1677,1691,9821,1540,10746,10765,1570,9800,1664,1617,11034,1591,11824	3294,19621,3110	0.000000	-209435.819942,-209438.281913,-209438.282106	1.000000	0.970000,0.020000,0.010000
1.5	100000	116	9184619936472735823	87974	1580,10902,1678,1675,9804,1614,10682,11026,1505,9710,1560,1681,10874,1716,11967	3359,19514,3119	0.000000	-209620.124364,-209624.479091,-209624.479253	1.000000	0.960000,0.040000,0.000000
1.5	100000	117	4570018730270148932	88044	1686,10904,1733,1617,9879,1564,10782,10879,1578,9890,1599,1628,10617,1530,12158	3361,19769,3142	0.000000	-209633.433781,-209636.146565,-209637.264380	1.000000	0.810000,0.190000,0.000000
1.5	100000	118	17624409027792139207	88185	1618,10955,1709,1591,9922,1542,10923,10734,1632,9721,1590,1608,10877,1626,12137	3317,19643,3174	0.000000	-209883.069762,-209884.685153,-209884.695316	1.000000	0.820000,0.150000,0.030000
1.5	100000	119	14636401470506368690	88056	1640,10906,1706,1663,9852,1571,10911,10761,1569,9934,1615,1612,10784,1660,11872	3318,19786,3140	0.000000	-209880.889301,-209883.174621,-209883.212926	1.000000	0.920000,0.070000,0.010000
1.5	100000	120	14494976539042848440	88198	1578,10964,1687,1689,9865,1629,10897,10893,1612,9703,1645,1617,10797,1609,12013	3304,19568,3241	0.000000	-210200.934796,-210201.257035,-210201.257073	1.000000	0.660000,0.070000,0.270000
1.5	100000	121	342001321223933050	87857	1528,10900,1628,1644,9962,1649,10773,10625,1568,9741,1656,1674,10833,1641,12035	3302,19703,3217	0.000000	-209349.261889,-209349.603630,-209350.003989	1.000000	0.570000,0.380000,0.050000
1.5	100000	122	11775210245918264897	88062	1594,10933,1669,1662,9722,1605,10872,10893,1542,9946,1598,1702,10909,1604,11811	3371,19668,3147	0.000000	-209772.751973,-209776.777198,-209776.777331	1.000000	0.990000,0.010000,0.000000
1.5	100000	123	16822896827413866766	88011	1710,10964,1628,1613,9798,1498,10810,10835,1551,9745,1645,1675,10821,1654,12064	3303,19543,3049	0.000000	-209622.460855,-209626.565735,-209626.885005	1.000000	0.970000,0.030000,0.000000
1.5	100000	124	17299314081097225122	87981	1628,10924,1680,1566,9833,1546,10715,10774,1556,9888,1634,1719,10916,1609,11993	3399,19721,3102	0.000000	-209514.483932,-209521.238934,-209521.247952	1.000000	1.000000,0.000000,0.000000
1.5	100000	125	9756261757824891737	88031	1599,10991,1657,1647,9831,1548,10808,10903,1534,9698,1633,1714,10770,1642,12056	3371,19529,3082	0.000000	-209663.391884,-209669.772025,-209669.772231	1.000000	1.000000,0.000000,0.000000
1.5	100000	126	3979958451432826533	87877	1641,10905,1643,1631,9747,1527,10884,10806,1516,9723,1570,1675,10969,1597,12043	3318,19470,3043	0.000000	-209004.483742,-209010.233715,-209010.233913	1.000000	1.000000,0.000000,0.000000
1.5	100000	127	6103295284644155198	87933	1626,10784,1673,1621,9856,1620,10923,10703,1602,9598,1609,1684,10921,1650,12063	3357,19454,3222	0.000000	-209665.152849,-209666.639076,-209666.639166	1.000000	0.860000,0.040000,0.100000
1.5	100000	128	9096517490869357829	88079	1637,11018,1573,1613,9651,1555,11030,10822,1556,9830,1621,1636,10988,1561,11988	3209,19481,3111	0.000000	-209346.736588,-209347.455395,-209347.455464	1.000000	0.890000,0.010000,0.100000
1.5	100000	129	7518115929555346890	88158	1716,10853,1690,1599,9705,1549,10886,10898,1590,9771,1588,1663,11066,1558,12026	3353,19476,3139	0.000000	-209889.064513,-209892.609153,-209892.609296	1.000000	1.000000,0.000000,0.000000
1.5	100000	130	17657567713710030848	87912	1646,10826,1649,1613,9916,1574,10944,10677,1573,9908,1639,1626,10860,1579,11882	3275,19824,3147	0.000000	-209322.726879,-209323.907695,-209323.978316	1.000000	0.820000,0.170000,0.010000
1.5	100000	131	4159584191437671676	88120	1593,10890,1686,1632,9891,1427,10894,10827,1611,9793,1668,1700,10833,1585,12090	3386,19684,3038	0.000000	-209721.060265,-209730.161409,-209730.332391	1.000000	1.000000,0.000000,0.000000
1.5	100000	132	12125412672894558142	88196	1650,10757,1691,1608,9862,1520,10878,10890,1630,9874,1539,1691,10966,1617,12023	3382,19736,3150	0.000000	-209981.317578,-209985.709942,-209985.710090	1.000000	0.990000,0.010000,0.000000
1.5	100000	133	10909142268591460218	88124	1595,11045,1645,1600,9879,1499,10832,10824,1534,9870,1619,1702,10836,1649,11995	3347,19749,3033	0.000000	-209634.825978,-209642.290206,-209642.302991	1.000000	0.980000,0.020000,0.000000
1.5	100000	134	13124334014061757158	88085	1590,11012,1721,1595,9666,1576,11158,10846,1576,9781,1525,1615,10972,1567,11885	3336,19447,3152	0.000000	-209390.356111,-209393.355569,-209393.355678	1.000000	1.000000,0.000000,0.000000
1.5	100000	135	3250697212271469558	88141	1601,10800,1646,1652,9813,1516,10925,10986,1621,9896,1715,1696,10759,1614,11901	3342,19709,3137	0.000000	-210092.524170,-210095.210517,-210095.210637	1.000000	0.970000,0.030000,0.000000
1.5	100000	136	16208636494834630941	88047	1691,10765,1689,1626,9905,1586,10811,10875,1555,9936,1644,1653,10894,1633,11784	3342,19841,3141	0.000000	-209951.522284,-209954.519896,-209954.520219	1.000000	0.960000,0.040000,0.000000
1.5	100000	137	16911257469310609941	87941	1672,10963,1687,1620,9628,1483,10903,10914,1597,9738,1655,1694,10798,1688,11901	3381,19366,3080	0.000000	-209704.390078,-209711.080964,-209711.081175	1.000000	1.000000,0.000000,0.000000
1.5	100000	138	434194855862188810	88023	1612,10757,1701,1619,9882,1527,10883,10811,1602,9722,1634,1646,10933,1601,12093	3347,19604,3129	0.000000	-209592.615858,-209596.298148,-209596.340087	1.000000	0.910000,0.090000,0.000000
1.5	100000	139	4929672694835003682	88071	1646,10869,1679,1678,9849,1617,10964,10856,1597,9725,1609,1675,10820,1580,11907	3354,19574,3214	0.000000	-209974.721948,-209976.263249,-209976.263333	1.000000	0.970000,0.000000,0.030000
1.5	100000	140	5392518054184858079	87909	1656,10777,1643,1658,9900,1572,10750,10989,1559,9710,1639,1684,10798,1572,12002	3327,19610,3131	0.000000	-209442.020446,-209444.788095,-209444.840199	1.000000	0.940000,0.060000,0.000000
1.5	100000	141	3174735289386609595	88024	1686,10695,1688,1630,9783,1608,10689,11133,1597,9742,1601,1631,10833,1620,12088	3319,19525,3205	0.000000	-209814.242740,-209815.316500,-209815.334608	1.000000	0.740000,0.200000,0.060000
1.5	100000	142	14729949921226549298	87993	1661,10928,1670,1640,10023,1474,10785,10792,1639,9828,1640,1589,10743,1577,12004	3259,19851,3113	0.000000	-209465.724631,-209466.061380,-209467.276811	1.000000	0.570000,0.430000,0.000000
1.5	100000	143	11952942240144861638	88018	1586,10686,1608,1627,9998,1540,10852,10951,1572,9770,1604,1657,10885,1665,12017	3265,19768,3112	0.000000	-209449.165433,-209450.546732,-209450.921459	1.000000	0.850000,0.150000,0.000000
1.5	100000	144	12717315514062486285	87930	1651,10831,1733,1572,9834,1577,10825,10944,1602,9755,1607,1728,10720,1583,11968	3461,19589,3179	0.000000	-209617.011107,-209623.651719,-209623.651896	1.000000	1.000000,0.000000,0.000000
1.5	100000	145	15990114705579345687	88078	1629,10680,1747,1636,9936,1574,10783,10921,1563,9738,1660,1710,10726,1623,12152	3457,19674,3137	0.000000	-210082.872363,-210089.542960,-210090.595686	1.000000	0.960000,0.040000,0.000000
1.5	100000	146	14811944901163840397	88077	1604,10729,1693,1583,10008,1588,10756,10999,1656,9832,1612,1581,10912,1595,11929	3274,19840,3244	0.000000	-209691.532784,-209691.637900,-209691.637914	1.000000	0.580000,0.160000,0.260000
1.5	100000	147	13272427997347115143	88111	1584,11015,1598,1604,9713,1639,10926,10958,1534,9939,1615,1692,10760,1576,11958	3290,19652,3173	0.000000	-209606.879709,-209608.015375,-209608.015445	1.000000	0.910000,0.020000,0.070000
1.5	100000	148	6994008244840399858	87956	1640,10869,1621,1610,9784,1577,10942,10899,1465,9854,1633,1698,10864,1587,11913	3319,19638,3042	0.000000	-209259.807012,-209265.631171,-209265.631355	1.000000	1.000000,0.000000,0.000000
1.5	100000	149	10980957869384735293	88090	1620,10845,1669,1622,9765,1597,10898,10974,1567,9744,1653,1663,10868,1606,11999	3332,19509,3164	0.000000	-209838.485067,-209840.646027,-209840.646139	1.000000	0.960000,0.030000,0.010000
1.5	100000	150	2346497146486644305	88088	1684,10761,1702,1644,9784,1625,10764,10921,1615,9863,1596,1680,10940,1633,11876	3382,19647,3240	0.000000	-210205.424418,-210207.033724,-210207.033807	1.000000	0.910000,0.050000,0.040000
1.5	100000	151	2449706449816663565	88099	1624,10929,1638,1619,9838,1555,10875,11027,1535,9798,1567,1709,10824,1528,12033	3347,19636,3090	0.000000	-209440.068717,-209445.399795,-209445.399966	1.000000	1.000000,0.000000,0.000000
1.5	100000	152	13180313315171297439	88007	1584,10707,1706,1562,9798,1583,10907,11053,1559,9776,1634,1618,10818,1672,12030	3324,19574,3142	0.000000	-209515.636620,-209518.400249,-209518.400375	1.000000	0.970000,0.020000,0.010000
1.5	100000	153	11486530901301789910	87915	1653,10760,1707,1657,9694,1508,10881,10860,1578,9907,1653,1609,10907,1619,11922	3316,19601,3086	0.000000	-209462.845617,-209466.674409,-209466.674852	1.000000	0.970000,0.030000,0.000000
1.5	100000	154	18016157179401330292	87774	1640,10837,1627,1558,9777,1553,10900,10871,1528,9845,1610,1728,10752,1562,11986	3355,19622,3081	0.000000	-208822.467664,-208828.536780,-208828.536962	1.000000	0.990000,0.010000,0.000000
1.5	100000	155	14949680919154976216	87980	1621,10757,1653,1609,9997,1549,10759,10780,1644,9874,1604,1713,10793,1580,12047	3366,19871,3193	0.000000	-209594.278703,-209595.958379,-209596.761296	1.000000	0.630000,0.360000,0.010000
1.5	100000	156	18109147797254829139	87980	1530,10784,1637,1640,9790,1556,10693,10964,1608,9779,1668,1632,10890,1673,12136	3269,19569,3164	0.000000	-209500.150240,-209500.607443,-209500.966483	1.000000	0.530000,0.420000,0.050000
1.5	100000	157	17248951363065779349	88235	1638,10792,1743,1658,9696,1500,10862,10849,1577,9796,1651,1672,11126,1707,11968	3415,19492,3077	0.000000	-210419.048448,-210427.369939,-210427.370172	1.000000	1.000000,0.000000,0.000000
1.5	100000	158	108181530850716345	88144	1601,10822,1669,1628,9832,1588,10908,10864,1540,9852,1657,1695,10909,1595,11984	3364,19684,3128	0.000000	-209922.898842,-209927.203538,-209927.203691	1.000000	0.980000,0.020000,0.000000
1.5	100000	159	14079554155540895557	87896	1515,10863,1746,1647,9830,1525,10704,10926,1586,9956,1714,1678,10699,1586,11921	3424,19786,3111	0.000000	-209457.122565,-209464.316820,-209464.369982	1.000000	1.000000,0.000000,0.000000
1.5	100000	160	12206833360042341552	87960	1599,11062,1659,1605,9805,1589,10794,10965,1575,9689,1552,1666,10758,1619,12023	3325,19494,3164	0.000000	-209309.487918,-209311.660367,-209311.660472	1.000000	0.980000,0.000000,0.020000
1.5	100000	161	11694661637442683046	87942	1631,10882,1669,1566,9792,1629,11027,10686,1546,9925,1636,1646,10906,1599,11802	3315,19717,3175	0.000000	-209426.765656,-209428.348345,-209428.348424	1.000000	0.963333,0.003333,0.033333
1.5	100000	162	1184630839729519379	87848	1584,10703,1706,1629,9902,1580,10929,10835,1575,9868,1548,1672,10858,1642,11817	3378,19770,3155	0.000000	-209257.163923,-209261.282446,-209261.282575	1.000000	0.980000,0.020000,0.000000
1.5	100000	163	9462047308946485857	88122	1597,11004,1670,1543,10025,1573,10803,10885,1594,9806,1588,1702,10819,1569,11944	3372,19831,3167	0.000000	-209634.906080,-209638.468638,-209638.468756	1.000000	1.000000,0.000000,0.000000
1.5	100000	164	8470424433794473822	88010	1638,10813,1679,1639,9995,1607,10816,10722,1586,9840,1621,1612,10769,1528,12145	3291,19835,3193	0.000000	-209525.057143,-209524.135150,-209525.866428	0.000000	0.390000,0.610000,0.000000
1.5	100000	165	14050140285579516989	88073	1663,10834,1646,1613,9719,1582,10842,10839,1554,9995,1640,1780,10747,1618,12001	3426,19714,3136	0.000000	-210007.095620,-210013.516966,-210013.623142	1.000000	0.990000,0.010000,0.000000
1.5	100000	166	6479201444164753651	88083	1567,10927,1638,1665,9800,1524,10862,10770,1564,9807,1565,1765,11019,1645,11965	3403,19607,3088	0.000000	-209709.417999,-209717.261091,-209717.261297	1.000000	1.000000,0.000000,0.000000
1.5	100000	167	16900346968591236792	88025	1611,11096,1660,1650,9805,1544,10981,10794,1520,9785,1678,1710,10663,1631,11897	3370,19590,3064	0.000000	-209729.062643,-209736.038058,-209736.038261	1.000000	1.000000,0.000000,0.000000
1.5	100000	168	11331101994490705508	87888	1657,10824,1670,1631,9999,1585,10671,10806,1620,9724,1637,1734,10811,1581,11938	3404,19723,3205	0.000000	-209665.554473,-209668.700583,-209668.756633	1.000000	0.920000,0.080000,0.000000
1.5	100000	169	5144543960222062511	87874	1673,10746,1671,1556,9858,1532,10748,10767,1521,9888,1648,1720,10906,1627,12013	3391,19746,3053	0.000000	-209308.535386,-209316.345668,-209317.064250	1.000000	0.980000,0.020000,0.000000
1.5	100000	170	7273942554269114499	87894	1581,10810,1684,1633,9833,1565,10781,10933,1560,9877,1583,1644,10695,1601,12114	3328,19710,3125	0.000000	-209157.986166,-209160.691048,-209161.234668	1.000000	0.910000,0.090000,0.000000
1.5	100000	171	16904285359591878131	88026	1643,10598,1635,1665,9725,1582,10935,10922,1539,9915,1606,1650,10890,1574,12147	3285,19640,3121	0.000000	-209505.263403,-209506.545241,-209507.159948	1.000000	0.780000,0.210000,0.010000
1.5	100000	172	931016335041614244	87998	1655,10901,1581,1532,9757,1565,10869,10854,1594,9847,1624,1632,10866,1706,12015	3213,19604,3159	0.000000	-209447.342963,-209447.496732,-209447.507541	1.000000	0.470000,0.370000,0.160000
1.5	100000	173	441477571394161399	88003	1650,10809,1667,1662,9841,1527,10920,10951,1553,9809,1569,1626,10843,1608,11968	3293,19650,3080	0.000000	-209415.107156,-209418.548251,-209418.548397	1.000000	0.970000,0.030000,0.000000
1.5	100000	174	10842108798598514834	88024	1647,10898,1687,1531,9900,1573,10741,10847,1566,9974,1646,1665,10835,1567,11947	3352,19874,3139	0.000000	-209521.025732,-209524.602543,-209524.641655	1.000000	0.960000,0.040000,0.000000
1.5	100000	175	17435045309116836756	87887	1709,10709,1645,1648,10070,1570,10858,10696,1615,9858,1621,1640,10750,1646,11852	3285,19928,3185	0.000000	-209651.650029,-209650.874689,-209652.359161	0.000000	0.380000,0.610000,0.010000
1.5	100000	176	17326965997373751862	88118	1609,10724,1647,1653,9851,1515,10865,10799,1508,9900,1670,1627,10994,1585,12171	3274,19751,3023	0.000000	-209551.205027,-209553.906391,-209555.820089	1.000000	0.770000,0.230000,0.000000
1.5	100000	177	16780330669646559042	87960	1574,10987,1727,1631,9752,1622,10725,10964,1575,9692,1612,1681,10852,1542,12024	3408,19444,3197	0.000000	-209492.200066,-209496.194195,-209496.194331	1.000000	0.990000,0.000000,0.010000
1.5	100000	178	8358503152580260260	87789	1644,11002,1680,1601,9672,1583,10810,10933,1564,9771,1582,1679,10811,1624,11833	3359,19443,3147	0.000000	-209141.356783,-209144.901595,-209144.901726	1.000000	0.990000,0.000000,0.010000
1.5	100000	179	16465327623642845315	88017	1623,10821,1721,1602,9783,1557,10937,10840,1522,9744,1675,1634,10900,1606,12052	3355,19527,3079	0.000000	-209570.081663,-209575.862102,-209575.862299	1.000000	0.980000,0.020000,0.000000
1.5	100000	180	3107922571650927801	87822	1571,10814,1713,1573,9795,1531,10777,10740,1554,9937,1628,1707,10913,1576,11993	3420,19732,3085	0.000000	-209019.703790,-209028.878011,-209028.881580	1.000000	1.000000,0.000000,0.000000
1.5	100000	181	7945634209104563913	87918	1603,10809,1655,1660,9714,1546,10831,10935,1513,9980,1611,1629,10919,1584,11929	3284,19694,3059	0.000000	-209128.385188,-209132.178209,-209132.178358	1.000000	0.950000,0.050000,0.000000
1.5	100000	182	8092148145806331435	88188	1682,10998,1699,1549,9853,1532,10966,10789,1548,9845,1606,1697,10835,1656,11933	3396,19698,3080	0.000000	-210008.280308,-210015.724627,-210015.724824	1.000000	1.000000,0.000000,0.000000
1.5	100000	183	3099858303055906009	88179	1645,10971,1628,1594,9842,1473,11072,10766,1606,9846,1652,1650,10881,1568,11985	3278,19688,3079	0.000000	-209698.178731,-209701.176999,-209701.177135	1.000000	0.970000,0.020000,0.010000
1.5	100000	184	3582903000227730984	88293	1624,11143,1662,1676,9666,1558,10922,11024,1556,9708,1637,1744,10792,1575,12006	3406,19374,3114	0.000000	-210309.698281,-210316.307533,-210316.307736	1.000000	1.000000,0.000000,0.000000
1.5	100000	185	2115161130125733645	87968	1611,11086,1633,1707,9836,1565,10804,10767,1441,9723,1641,1652,10870,1647,11985	3285,19559,3006	0.000000	-209393.467214,-209399.196346,-209399.257635	1.000000	0.990000,0.010000,0.000000
1.5	100000	186	4845960947723818490	88065	1576,10830,1626,1618,9953,1572,10964,10949,1525,9787,1630,1673,11048,1570,11744	3299,19740,3097	0.000000	-209436.848030,-209440.035592,-209440.035708	1.000000	1.000000,0.000000,0.000000
1.5	100000	187	15644648691111312168	87925	1578,10884,1673,1584,9824,1566,10821,10802,1620,9894,1601,1700,10906,1528,11944	3373,19718,3186	0.000000	-209238.996237,-209242.169549,-209242.169660	1.000000	0.980000,0.020000,0.000000
1.5	100000	188	8988429233425644369	87929	1677,10839,1672,1647,9861,1565,10927,10819,1518,9719,1674,1684,10730,1687,11910	3356,19580,3083	0.000000	-209754.245374,-209759.547430,-209759.623663	1.000000	0.980000,0.020000,0.000000
1.5	100000	189	5459448479351313929	87926	1626,10802,1672,1594,9859,1575,10896,10692,1622,9854,1661,1752,10795,1645,11881	3424,19713,3197	0.000000	-209809.339331,-209813.412810,-209813.412945	1.000000	0.990000,0.000000,0.010000
1.5	100000	190	17376146647267049183	88013	1600,10853,1644,1653,9780,1563,10990,10785,1607,9945,1601,1693,10824,1619,11856	3337,19725,3170	0.000000	-209680.735495,-209682.924040,-209682.924139	1.000000	0.940000,0.030000,0.030000
1.5	100000	191	18279541733992061218	88055	1544,11106,1664,1616,9842,1554,10935,10781,1540,9815,1610,1678,10934,1583,11853	3342,19657,3094	0.000000	-209393.537515,-209398.791116,-209398.791271	1.000000	1.000000,0.000000,0.000000
1.5	100000	192	7086936406896359386	88225	1676,10700,1644,1635,9951,1500,10976,10743,1483,10106,1735,1628,10825,1627,11996	3272,20057,2983	0.000000	-210037.794560,-210038.598309,-210043.477248	1.000000	0.590000,0.410000,0.000000
1.5	100000	193	9251030255415551220	88200	1647,10896,1664,1671,9959,1533,10858,10861,1595,9712,1585,1686,10848,1574,12111	3350,19671,3128	0.000000	-209992.671949,-209996.440718,-209996.521263	1.000000	0.920000,0.080000,0.000000
1.5	100000	194	1724492919753698715	88030	1650,10937,1662,1659,9843,1547,10927,10806,1591,9732,1613,1676,10760,1595,12032	3338,19575,3138	0.000000	-209708.175378,-209711.231143,-209711.231281	1.000000	0.920000,0.060000,0.020000
1.5	100000	195	14026425653365292372	88002	1656,10738,1638,1575,9861,1568,10781,10806,1512,9907,1644,1656,10918,1637,12105	3294,19768,3080	0.000000	-209457.022371,-209458.765815,-209460.362344	1.000000	0.680000,0.320000,0.000000
1.5	100000	196	16749037690434299697	88023	1629,10874,1626,1642,9791,1587,10863,10890,1662,9775,1646,1687,10820,1697,11834	3313,19566,3249	0.000000	-210061.137594,-210061.446832,-210061.446870	1.000000	0.730000,0.080000,0.190000
1.5	100000	197	1535991164041491723	88022	1609,10855,1689,1652,9873,1543,10880,10882,1552,9870,1607,1681,10892,1670,11767	3370,19743,3095	0.000000	-209749.397029,-209755.147266,-209755.147429	1.000000	1.000000,0.000000,0.000000
1.5	100000	198	9123776534666242650	87987	1692,10867,1696,1580,9866,1559,10768,10861,1609,9945,1669,1681,10682,1602,11910	3377,19811,3168	0.000000	-209832.549002,-209835.732310,-209835.935924	1.000000	0.910000,0.090000,0.000000
1.5	100000	199	12255549611674898712	88128	1581,10907,1668,1617,9734,1538,10901,10720,1559,9992,1615,1667,10940,1610,12079	3335,19726,3097	0.000000	-209658.805663,-209663.255807,-209663.327662	1.000000	0.930000,0.070000,0.000000
