method,parameters,dataset,rank,rf,nrf,nqd,submitted,status,source
8/10_DNA_TWS,template size 8 or 10,ecoli,1,2.00,0.04,0.0021,2022-04-27 06:59,reported,"AFproject results page https://afproject.org/app/benchmark/genome/std/assembled/ecoli/results/ (data request /app/benchmark/genome/results/ajax/table1/?dataset_id=2), accessed 2026-10-03; raw answer baselines/published/afproject_raw/table1_2.json (SHA-256 d719293c1802285bab21ba84b5f0c00bd4fc60e0fbce5fc7d536043a9bf94499)"
phylonium,default,ecoli,1,2.00,0.04,0.0021,2019-04-15 08:00,reported,"AFproject results page https://afproject.org/app/benchmark/genome/std/assembled/ecoli/results/ (data request /app/benchmark/genome/results/ajax/table1/?dataset_id=2), accessed 2026-10-03; raw answer baselines/published/afproject_raw/table1_2.json (SHA-256 d719293c1802285bab21ba84b5f0c00bd4fc60e0fbce5fc7d536043a9bf94499)"
andi,default; p = 0.025; m = JC,ecoli,2,4.00,0.08,0.0069,2019-04-15 08:00,reported,"AFproject results page https://afproject.org/app/benchmark/genome/std/assembled/ecoli/results/ (data request /app/benchmark/genome/results/ajax/table1/?dataset_id=2), accessed 2026-10-03; raw answer baselines/published/afproject_raw/table1_2.json (SHA-256 d719293c1802285bab21ba84b5f0c00bd4fc60e0fbce5fc7d536043a9bf94499)"
RY-SlopeSearch-v1.0.0-RY,"parameters:;   using_one_to_one_matching: true;   using_background_matches: false;   use_openmp: true; sampling_method: ""start_ry_matches""",ecoli,2,4.00,0.08,0.0069,2026-03-02 04:52,reported,"AFproject results page https://afproject.org/app/benchmark/genome/std/assembled/ecoli/results/ (data request /app/benchmark/genome/results/ajax/table1/?dataset_id=2), accessed 2026-10-03; raw answer baselines/published/afproject_raw/table1_2.json (SHA-256 d719293c1802285bab21ba84b5f0c00bd4fc60e0fbce5fc7d536043a9bf94499)"
co-phylog,default,ecoli,3,6.00,0.12,0.0090,2019-04-15 08:00,reported,"AFproject results page https://afproject.org/app/benchmark/genome/std/assembled/ecoli/results/ (data request /app/benchmark/genome/results/ajax/table1/?dataset_id=2), accessed 2026-10-03; raw answer baselines/published/afproject_raw/table1_2.json (SHA-256 d719293c1802285bab21ba84b5f0c00bd4fc60e0fbce5fc7d536043a9bf94499)"
FSWM/Read-SpaM,./fswm ecoli-assembled.fasta,ecoli,3,6.00,0.12,0.0127,2019-04-15 08:00,reported,"AFproject results page https://afproject.org/app/benchmark/genome/std/assembled/ecoli/results/ (data request /app/benchmark/genome/results/ajax/table1/?dataset_id=2), accessed 2026-10-03; raw answer baselines/published/afproject_raw/table1_2.json (SHA-256 d719293c1802285bab21ba84b5f0c00bd4fc60e0fbce5fc7d536043a9bf94499)"
RY-SlopeSearch-v1.0.0-RY 128,"parameters:;   using_one_to_one_matching: true;   using_background_matches: false;   use_openmp: true; sampling_method: ""start_ry_128_matches""",ecoli,3,6.00,0.12,0.0296,2026-03-02 05:06,reported,"AFproject results page https://afproject.org/app/benchmark/genome/std/assembled/ecoli/results/ (data request /app/benchmark/genome/results/ajax/table1/?dataset_id=2), accessed 2026-10-03; raw answer baselines/published/afproject_raw/table1_2.json (SHA-256 d719293c1802285bab21ba84b5f0c00bd4fc60e0fbce5fc7d536043a9bf94499)"
RY-SlopeSearch-v1.0.0-RY 32-12,"parameters:;   using_one_to_one_matching: true;   using_background_matches: false;   use_openmp: true; sampling_method: ""start_ry_32_matches""",ecoli,3,6.00,0.12,0.0090,2026-03-02 05:02,reported,"AFproject results page https://afproject.org/app/benchmark/genome/std/assembled/ecoli/results/ (data request /app/benchmark/genome/results/ajax/table1/?dataset_id=2), accessed 2026-10-03; raw answer baselines/published/afproject_raw/table1_2.json (SHA-256 d719293c1802285bab21ba84b5f0c00bd4fc60e0fbce5fc7d536043a9bf94499)"
RY-SlopeSearch-v1.0.0-RY 4-6,"parameters:;   using_one_to_one_matching: true;   using_background_matches: false;   use_openmp: true; sampling_method: ""start_ry_4_6_matches""",ecoli,3,6.00,0.12,0.0090,2026-03-02 04:54,reported,"AFproject results page https://afproject.org/app/benchmark/genome/std/assembled/ecoli/results/ (data request /app/benchmark/genome/results/ajax/table1/?dataset_id=2), accessed 2026-10-03; raw answer baselines/published/afproject_raw/table1_2.json (SHA-256 d719293c1802285bab21ba84b5f0c00bd4fc60e0fbce5fc7d536043a9bf94499)"
RY-SlopeSearch-v1.0.0-RY 4-9,"parameters:;   using_one_to_one_matching: true;   using_background_matches: false;   use_openmp: true; sampling_method: ""start_ry_4_9_matches""",ecoli,3,6.00,0.12,0.0090,2026-03-02 04:57,reported,"AFproject results page https://afproject.org/app/benchmark/genome/std/assembled/ecoli/results/ (data request /app/benchmark/genome/results/ajax/table1/?dataset_id=2), accessed 2026-10-03; raw answer baselines/published/afproject_raw/table1_2.json (SHA-256 d719293c1802285bab21ba84b5f0c00bd4fc60e0fbce5fc7d536043a9bf94499)"
kSNP3,k = 14,ecoli,4,8.00,0.15,0.0336,2019-04-15 08:00,reported,"AFproject results page https://afproject.org/app/benchmark/genome/std/assembled/ecoli/results/ (data request /app/benchmark/genome/results/ajax/table1/?dataset_id=2), accessed 2026-10-03; raw answer baselines/published/afproject_raw/table1_2.json (SHA-256 d719293c1802285bab21ba84b5f0c00bd4fc60e0fbce5fc7d536043a9bf94499)"
mash,k = 26 sketch size = 10000,ecoli,4,8.00,0.15,0.0347,2019-04-15 08:00,reported,"AFproject results page https://afproject.org/app/benchmark/genome/std/assembled/ecoli/results/ (data request /app/benchmark/genome/results/ajax/table1/?dataset_id=2), accessed 2026-10-03; raw answer baselines/published/afproject_raw/table1_2.json (SHA-256 d719293c1802285bab21ba84b5f0c00bd4fc60e0fbce5fc7d536043a9bf94499)"
RY-SlopeSearch-v1.0.0-RY 16-11,"parameters:;   using_one_to_one_matching: true;   using_background_matches: false;   use_openmp: true; sampling_method: ""start_ry_16_matches""",ecoli,4,8.00,0.15,0.0317,2026-03-02 04:59,reported,"AFproject results page https://afproject.org/app/benchmark/genome/std/assembled/ecoli/results/ (data request /app/benchmark/genome/results/ajax/table1/?dataset_id=2), accessed 2026-10-03; raw answer baselines/published/afproject_raw/table1_2.json (SHA-256 d719293c1802285bab21ba84b5f0c00bd4fc60e0fbce5fc7d536043a9bf94499)"
Skmer,default: k-mer = 31 sketch size = 10000000,ecoli,4,8.00,0.15,0.0347,2019-05-08 09:02,reported,"AFproject results page https://afproject.org/app/benchmark/genome/std/assembled/ecoli/results/ (data request /app/benchmark/genome/results/ajax/table1/?dataset_id=2), accessed 2026-10-03; raw answer baselines/published/afproject_raw/table1_2.json (SHA-256 d719293c1802285bab21ba84b5f0c00bd4fc60e0fbce5fc7d536043a9bf94499)"
"r_sm, k = 26, theta = 0.1","k = 26, theta = 0.1",ecoli,5,10.00,0.19,0.0983,2026-01-19 02:04,reported,"AFproject results page https://afproject.org/app/benchmark/genome/std/assembled/ecoli/results/ (data request /app/benchmark/genome/results/ajax/table1/?dataset_id=2), accessed 2026-10-03; raw answer baselines/published/afproject_raw/table1_2.json (SHA-256 d719293c1802285bab21ba84b5f0c00bd4fc60e0fbce5fc7d536043a9bf94499)"
"r_strong, k = 26, theta = 0.1","k = 26, theta = 0.1",ecoli,5,10.00,0.19,0.0983,2026-01-19 02:05,reported,"AFproject results page https://afproject.org/app/benchmark/genome/std/assembled/ecoli/results/ (data request /app/benchmark/genome/results/ajax/table1/?dataset_id=2), accessed 2026-10-03; raw answer baselines/published/afproject_raw/table1_2.json (SHA-256 d719293c1802285bab21ba84b5f0c00bd4fc60e0fbce5fc7d536043a9bf94499)"
RY-SlopeSearch-v1.0.0-RY 64-13,"parameters:;   using_one_to_one_matching: true;   using_background_matches: false;   use_openmp: true; sampling_method: ""start_ry_64_matches""",ecoli,5,10.00,0.19,0.0376,2026-03-02 05:04,reported,"AFproject results page https://afproject.org/app/benchmark/genome/std/assembled/ecoli/results/ (data request /app/benchmark/genome/results/ajax/table1/?dataset_id=2), accessed 2026-10-03; raw answer baselines/published/afproject_raw/table1_2.json (SHA-256 d719293c1802285bab21ba84b5f0c00bd4fc60e0fbce5fc7d536043a9bf94499)"
CD-MAWS,-k 16 -K 16 -r 1,ecoli,6,12.00,0.23,0.0994,2023-12-01 16:49,reported,"AFproject results page https://afproject.org/app/benchmark/genome/std/assembled/ecoli/results/ (data request /app/benchmark/genome/results/ajax/table1/?dataset_id=2), accessed 2026-10-03; raw answer baselines/published/afproject_raw/table1_2.json (SHA-256 d719293c1802285bab21ba84b5f0c00bd4fc60e0fbce5fc7d536043a9bf94499)"
FFP,k = 21; FFP_bin -u -s 21  -n [individual input] [individual FFP output]: Repeat for different input files; JSD_matrix_bin -s  -t 4 [individual FFP outputs*] > [output.phy],ecoli,6,12.00,0.23,0.0994,2019-04-15 08:00,reported,"AFproject results page https://afproject.org/app/benchmark/genome/std/assembled/ecoli/results/ (data request /app/benchmark/genome/results/ajax/table1/?dataset_id=2), accessed 2026-10-03; raw answer baselines/published/afproject_raw/table1_2.json (SHA-256 d719293c1802285bab21ba84b5f0c00bd4fc60e0fbce5fc7d536043a9bf94499)"
kr,default,ecoli,6,12.00,0.23,0.0416,2019-04-15 08:00,reported,"AFproject results page https://afproject.org/app/benchmark/genome/std/assembled/ecoli/results/ (data request /app/benchmark/genome/results/ajax/table1/?dataset_id=2), accessed 2026-10-03; raw answer baselines/published/afproject_raw/table1_2.json (SHA-256 d719293c1802285bab21ba84b5f0c00bd4fc60e0fbce5fc7d536043a9bf94499)"
RAPDE,"k=26,theta=0.01",ecoli,6,12.00,0.23,0.0994,2025-06-20 15:32,reported,"AFproject results page https://afproject.org/app/benchmark/genome/std/assembled/ecoli/results/ (data request /app/benchmark/genome/results/ajax/table1/?dataset_id=2), accessed 2026-10-03; raw answer baselines/published/afproject_raw/table1_2.json (SHA-256 d719293c1802285bab21ba84b5f0c00bd4fc60e0fbce5fc7d536043a9bf94499)"
RAPDE--JC,"k=26,theta=0.01, --JC",ecoli,6,12.00,0.23,0.0416,2025-06-20 15:39,reported,"AFproject results page https://afproject.org/app/benchmark/genome/std/assembled/ecoli/results/ (data request /app/benchmark/genome/results/ajax/table1/?dataset_id=2), accessed 2026-10-03; raw answer baselines/published/afproject_raw/table1_2.json (SHA-256 d719293c1802285bab21ba84b5f0c00bd4fc60e0fbce5fc7d536043a9bf94499)"
Multi-SpaM,python multi-SpaM.py -i {dataset} -o {dataset}.newick -t {thread_count},ecoli,7,14.00,0.27,0.0991,2019-04-15 08:00,reported,"AFproject results page https://afproject.org/app/benchmark/genome/std/assembled/ecoli/results/ (data request /app/benchmark/genome/results/ajax/table1/?dataset_id=2), accessed 2026-10-03; raw answer baselines/published/afproject_raw/table1_2.json (SHA-256 d719293c1802285bab21ba84b5f0c00bd4fc60e0fbce5fc7d536043a9bf94499)"
"ASW(1,10,COS)",19,ecoli,8,18.00,0.35,0.1580,2019-11-13 14:35,reported,"AFproject results page https://afproject.org/app/benchmark/genome/std/assembled/ecoli/results/ (data request /app/benchmark/genome/results/ajax/table1/?dataset_id=2), accessed 2026-10-03; raw answer baselines/published/afproject_raw/table1_2.json (SHA-256 d719293c1802285bab21ba84b5f0c00bd4fc60e0fbce5fc7d536043a9bf94499)"
"ASW(1,11,COS)",21,ecoli,8,18.00,0.35,0.1580,2019-11-13 14:57,reported,"AFproject results page https://afproject.org/app/benchmark/genome/std/assembled/ecoli/results/ (data request /app/benchmark/genome/results/ajax/table1/?dataset_id=2), accessed 2026-10-03; raw answer baselines/published/afproject_raw/table1_2.json (SHA-256 d719293c1802285bab21ba84b5f0c00bd4fc60e0fbce5fc7d536043a9bf94499)"
"ASW(1,11,EUC)",21,ecoli,8,18.00,0.35,0.1580,2019-11-13 14:58,reported,"AFproject results page https://afproject.org/app/benchmark/genome/std/assembled/ecoli/results/ (data request /app/benchmark/genome/results/ajax/table1/?dataset_id=2), accessed 2026-10-03; raw answer baselines/published/afproject_raw/table1_2.json (SHA-256 d719293c1802285bab21ba84b5f0c00bd4fc60e0fbce5fc7d536043a9bf94499)"
"ASW(1,12,COS)",23,ecoli,8,18.00,0.35,0.1580,2019-11-14 12:42,reported,"AFproject results page https://afproject.org/app/benchmark/genome/std/assembled/ecoli/results/ (data request /app/benchmark/genome/results/ajax/table1/?dataset_id=2), accessed 2026-10-03; raw answer baselines/published/afproject_raw/table1_2.json (SHA-256 d719293c1802285bab21ba84b5f0c00bd4fc60e0fbce5fc7d536043a9bf94499)"
"ASW(1,12,EUC)",23,ecoli,8,18.00,0.35,0.1580,2019-11-14 12:43,reported,"AFproject results page https://afproject.org/app/benchmark/genome/std/assembled/ecoli/results/ (data request /app/benchmark/genome/results/ajax/table1/?dataset_id=2), accessed 2026-10-03; raw answer baselines/published/afproject_raw/table1_2.json (SHA-256 d719293c1802285bab21ba84b5f0c00bd4fc60e0fbce5fc7d536043a9bf94499)"
spaced,./spaced -k 14 -d JS ecoli-assembled.fasta,ecoli,8,18.00,0.35,0.1537,2019-04-15 08:00,reported,"AFproject results page https://afproject.org/app/benchmark/genome/std/assembled/ecoli/results/ (data request /app/benchmark/genome/results/ajax/table1/?dataset_id=2), accessed 2026-10-03; raw answer baselines/published/afproject_raw/table1_2.json (SHA-256 d719293c1802285bab21ba84b5f0c00bd4fc60e0fbce5fc7d536043a9bf94499)"
"ASW(1,10,EUC)",19,ecoli,9,20.00,0.38,0.1692,2019-11-13 14:36,reported,"AFproject results page https://afproject.org/app/benchmark/genome/std/assembled/ecoli/results/ (data request /app/benchmark/genome/results/ajax/table1/?dataset_id=2), accessed 2026-10-03; raw answer baselines/published/afproject_raw/table1_2.json (SHA-256 d719293c1802285bab21ba84b5f0c00bd4fc60e0fbce5fc7d536043a9bf94499)"
"ASW(1,5,EUC)",9,ecoli,9,20.00,0.38,0.1853,2019-11-13 14:27,reported,"AFproject results page https://afproject.org/app/benchmark/genome/std/assembled/ecoli/results/ (data request /app/benchmark/genome/results/ajax/table1/?dataset_id=2), accessed 2026-10-03; raw answer baselines/published/afproject_raw/table1_2.json (SHA-256 d719293c1802285bab21ba84b5f0c00bd4fc60e0fbce5fc7d536043a9bf94499)"
"ASW(1,9,COS)",17,ecoli,9,20.00,0.38,0.1618,2019-11-13 14:32,reported,"AFproject results page https://afproject.org/app/benchmark/genome/std/assembled/ecoli/results/ (data request /app/benchmark/genome/results/ajax/table1/?dataset_id=2), accessed 2026-10-03; raw answer baselines/published/afproject_raw/table1_2.json (SHA-256 d719293c1802285bab21ba84b5f0c00bd4fc60e0fbce5fc7d536043a9bf94499)"
"ASW(1,9,EUC)",17,ecoli,9,20.00,0.38,0.1692,2019-11-13 14:33,reported,"AFproject results page https://afproject.org/app/benchmark/genome/std/assembled/ecoli/results/ (data request /app/benchmark/genome/results/ajax/table1/?dataset_id=2), accessed 2026-10-03; raw answer baselines/published/afproject_raw/table1_2.json (SHA-256 d719293c1802285bab21ba84b5f0c00bd4fc60e0fbce5fc7d536043a9bf94499)"
AFKS--n2rrc,k = 9,ecoli,10,22.00,0.42,0.2107,2019-04-15 08:00,reported,"AFproject results page https://afproject.org/app/benchmark/genome/std/assembled/ecoli/results/ (data request /app/benchmark/genome/results/ajax/table1/?dataset_id=2), accessed 2026-10-03; raw answer baselines/published/afproject_raw/table1_2.json (SHA-256 d719293c1802285bab21ba84b5f0c00bd4fc60e0fbce5fc7d536043a9bf94499)"
ALFRED-G,k=1 x=2,ecoli,11,24.00,0.46,0.2617,2019-04-15 08:00,reported,"AFproject results page https://afproject.org/app/benchmark/genome/std/assembled/ecoli/results/ (data request /app/benchmark/genome/results/ajax/table1/?dataset_id=2), accessed 2026-10-03; raw answer baselines/published/afproject_raw/table1_2.json (SHA-256 d719293c1802285bab21ba84b5f0c00bd4fc60e0fbce5fc7d536043a9bf94499)"
"ASW(1,8,COS)",15,ecoli,11,24.00,0.46,0.3127,2019-11-13 14:31,reported,"AFproject results page https://afproject.org/app/benchmark/genome/std/assembled/ecoli/results/ (data request /app/benchmark/genome/results/ajax/table1/?dataset_id=2), accessed 2026-10-03; raw answer baselines/published/afproject_raw/table1_2.json (SHA-256 d719293c1802285bab21ba84b5f0c00bd4fc60e0fbce5fc7d536043a9bf94499)"
"ASW(1,8,EUC)",15,ecoli,11,24.00,0.46,0.3214,2019-11-13 14:31,reported,"AFproject results page https://afproject.org/app/benchmark/genome/std/assembled/ecoli/results/ (data request /app/benchmark/genome/results/ajax/table1/?dataset_id=2), accessed 2026-10-03; raw answer baselines/published/afproject_raw/table1_2.json (SHA-256 d719293c1802285bab21ba84b5f0c00bd4fc60e0fbce5fc7d536043a9bf94499)"
AFKS--n2rc,k = 12,ecoli,12,26.00,0.50,0.3186,2019-04-15 08:00,reported,"AFproject results page https://afproject.org/app/benchmark/genome/std/assembled/ecoli/results/ (data request /app/benchmark/genome/results/ajax/table1/?dataset_id=2), accessed 2026-10-03; raw answer baselines/published/afproject_raw/table1_2.json (SHA-256 d719293c1802285bab21ba84b5f0c00bd4fc60e0fbce5fc7d536043a9bf94499)"
alfpy--braycurtis,k = 25; vector=freqs k=25 distance=braycurtis,ecoli,12,26.00,0.50,0.2101,2019-04-15 08:00,reported,"AFproject results page https://afproject.org/app/benchmark/genome/std/assembled/ecoli/results/ (data request /app/benchmark/genome/results/ajax/table1/?dataset_id=2), accessed 2026-10-03; raw answer baselines/published/afproject_raw/table1_2.json (SHA-256 d719293c1802285bab21ba84b5f0c00bd4fc60e0fbce5fc7d536043a9bf94499)"
alfpy--euclid_squared,k = 25; vector=freqs k=25 distance=euclid_squared,ecoli,12,26.00,0.50,0.3437,2019-04-15 08:00,reported,"AFproject results page https://afproject.org/app/benchmark/genome/std/assembled/ecoli/results/ (data request /app/benchmark/genome/results/ajax/table1/?dataset_id=2), accessed 2026-10-03; raw answer baselines/published/afproject_raw/table1_2.json (SHA-256 d719293c1802285bab21ba84b5f0c00bd4fc60e0fbce5fc7d536043a9bf94499)"
alfpy--google,k = 25; vector=freqs k=25 distance=google,ecoli,12,26.00,0.50,0.2101,2019-04-15 08:00,reported,"AFproject results page https://afproject.org/app/benchmark/genome/std/assembled/ecoli/results/ (data request /app/benchmark/genome/results/ajax/table1/?dataset_id=2), accessed 2026-10-03; raw answer baselines/published/afproject_raw/table1_2.json (SHA-256 d719293c1802285bab21ba84b5f0c00bd4fc60e0fbce5fc7d536043a9bf94499)"
alfpy--manhattan,k = 25; vector=freqs k=25 distance=manhattan,ecoli,12,26.00,0.50,0.2101,2019-04-15 08:00,reported,"AFproject results page https://afproject.org/app/benchmark/genome/std/assembled/ecoli/results/ (data request /app/benchmark/genome/results/ajax/table1/?dataset_id=2), accessed 2026-10-03; raw answer baselines/published/afproject_raw/table1_2.json (SHA-256 d719293c1802285bab21ba84b5f0c00bd4fc60e0fbce5fc7d536043a9bf94499)"
"ASW(1,6,EUC)",11,ecoli,12,26.00,0.50,0.3287,2019-11-13 14:28,reported,"AFproject results page https://afproject.org/app/benchmark/genome/std/assembled/ecoli/results/ (data request /app/benchmark/genome/results/ajax/table1/?dataset_id=2), accessed 2026-10-03; raw answer baselines/published/afproject_raw/table1_2.json (SHA-256 d719293c1802285bab21ba84b5f0c00bd4fc60e0fbce5fc7d536043a9bf94499)"
"ASW(1,7,EUC)",13,ecoli,12,26.00,0.50,0.3258,2019-11-13 14:30,reported,"AFproject results page https://afproject.org/app/benchmark/genome/std/assembled/ecoli/results/ (data request /app/benchmark/genome/results/ajax/table1/?dataset_id=2), accessed 2026-10-03; raw answer baselines/published/afproject_raw/table1_2.json (SHA-256 d719293c1802285bab21ba84b5f0c00bd4fc60e0fbce5fc7d536043a9bf94499)"
kmacs,./kmacs ecoli-assembled.fasta 6,ecoli,12,26.00,0.50,0.2789,2019-04-15 08:00,reported,"AFproject results page https://afproject.org/app/benchmark/genome/std/assembled/ecoli/results/ (data request /app/benchmark/genome/results/ajax/table1/?dataset_id=2), accessed 2026-10-03; raw answer baselines/published/afproject_raw/table1_2.json (SHA-256 d719293c1802285bab21ba84b5f0c00bd4fc60e0fbce5fc7d536043a9bf94499)"
lzw-kernel,default; similarity values converted to distances,ecoli,12,26.00,0.50,0.3570,2019-04-15 08:00,reported,"AFproject results page https://afproject.org/app/benchmark/genome/std/assembled/ecoli/results/ (data request /app/benchmark/genome/results/ajax/table1/?dataset_id=2), accessed 2026-10-03; raw answer baselines/published/afproject_raw/table1_2.json (SHA-256 d719293c1802285bab21ba84b5f0c00bd4fc60e0fbce5fc7d536043a9bf94499)"
rDis,k=10,ecoli,12,26.00,0.50,0.3043,2021-03-26 10:44,reported,"AFproject results page https://afproject.org/app/benchmark/genome/std/assembled/ecoli/results/ (data request /app/benchmark/genome/results/ajax/table1/?dataset_id=2), accessed 2026-10-03; raw answer baselines/published/afproject_raw/table1_2.json (SHA-256 d719293c1802285bab21ba84b5f0c00bd4fc60e0fbce5fc7d536043a9bf94499)"
AFKS--chi_squared,k = 10,ecoli,13,28.00,0.54,0.3583,2019-04-15 08:00,reported,"AFproject results page https://afproject.org/app/benchmark/genome/std/assembled/ecoli/results/ (data request /app/benchmark/genome/results/ajax/table1/?dataset_id=2), accessed 2026-10-03; raw answer baselines/published/afproject_raw/table1_2.json (SHA-256 d719293c1802285bab21ba84b5f0c00bd4fc60e0fbce5fc7d536043a9bf94499)"
AFKS--d2_star,k = 9,ecoli,13,28.00,0.54,0.3583,2019-04-15 08:00,reported,"AFproject results page https://afproject.org/app/benchmark/genome/std/assembled/ecoli/results/ (data request /app/benchmark/genome/results/ajax/table1/?dataset_id=2), accessed 2026-10-03; raw answer baselines/published/afproject_raw/table1_2.json (SHA-256 d719293c1802285bab21ba84b5f0c00bd4fc60e0fbce5fc7d536043a9bf94499)"
AFKS--d2z,k = 9,ecoli,13,28.00,0.54,0.3563,2019-04-15 08:00,reported,"AFproject results page https://afproject.org/app/benchmark/genome/std/assembled/ecoli/results/ (data request /app/benchmark/genome/results/ajax/table1/?dataset_id=2), accessed 2026-10-03; raw answer baselines/published/afproject_raw/table1_2.json (SHA-256 d719293c1802285bab21ba84b5f0c00bd4fc60e0fbce5fc7d536043a9bf94499)"
AFKS--harmonic_mean,k = 10,ecoli,13,28.00,0.54,0.3583,2019-04-15 08:00,reported,"AFproject results page https://afproject.org/app/benchmark/genome/std/assembled/ecoli/results/ (data request /app/benchmark/genome/results/ajax/table1/?dataset_id=2), accessed 2026-10-03; raw answer baselines/published/afproject_raw/table1_2.json (SHA-256 d719293c1802285bab21ba84b5f0c00bd4fc60e0fbce5fc7d536043a9bf94499)"
AFKS--jefferey_divergence,k = 9,ecoli,13,28.00,0.54,0.3664,2019-04-15 08:00,reported,"AFproject results page https://afproject.org/app/benchmark/genome/std/assembled/ecoli/results/ (data request /app/benchmark/genome/results/ajax/table1/?dataset_id=2), accessed 2026-10-03; raw answer baselines/published/afproject_raw/table1_2.json (SHA-256 d719293c1802285bab21ba84b5f0c00bd4fc60e0fbce5fc7d536043a9bf94499)"
AFKS--jensen_shannon,k = 9,ecoli,13,28.00,0.54,0.3664,2019-04-15 08:00,reported,"AFproject results page https://afproject.org/app/benchmark/genome/std/assembled/ecoli/results/ (data request /app/benchmark/genome/results/ajax/table1/?dataset_id=2), accessed 2026-10-03; raw answer baselines/published/afproject_raw/table1_2.json (SHA-256 d719293c1802285bab21ba84b5f0c00bd4fc60e0fbce5fc7d536043a9bf94499)"
AFKS--k_divergence,k = 12,ecoli,13,28.00,0.54,0.3753,2019-04-15 08:00,reported,"AFproject results page https://afproject.org/app/benchmark/genome/std/assembled/ecoli/results/ (data request /app/benchmark/genome/results/ajax/table1/?dataset_id=2), accessed 2026-10-03; raw answer baselines/published/afproject_raw/table1_2.json (SHA-256 d719293c1802285bab21ba84b5f0c00bd4fc60e0fbce5fc7d536043a9bf94499)"
AFKS--kl_conditional,k = 9,ecoli,13,28.00,0.54,0.3671,2019-04-15 08:00,reported,"AFproject results page https://afproject.org/app/benchmark/genome/std/assembled/ecoli/results/ (data request /app/benchmark/genome/results/ajax/table1/?dataset_id=2), accessed 2026-10-03; raw answer baselines/published/afproject_raw/table1_2.json (SHA-256 d719293c1802285bab21ba84b5f0c00bd4fc60e0fbce5fc7d536043a9bf94499)"
AFKS--markov,k = 9,ecoli,13,28.00,0.54,0.3671,2019-04-15 08:00,reported,"AFproject results page https://afproject.org/app/benchmark/genome/std/assembled/ecoli/results/ (data request /app/benchmark/genome/results/ajax/table1/?dataset_id=2), accessed 2026-10-03; raw answer baselines/published/afproject_raw/table1_2.json (SHA-256 d719293c1802285bab21ba84b5f0c00bd4fc60e0fbce5fc7d536043a9bf94499)"
AFKS--n2r,k = 9,ecoli,13,28.00,0.54,0.3563,2019-04-15 08:00,reported,"AFproject results page https://afproject.org/app/benchmark/genome/std/assembled/ecoli/results/ (data request /app/benchmark/genome/results/ajax/table1/?dataset_id=2), accessed 2026-10-03; raw answer baselines/published/afproject_raw/table1_2.json (SHA-256 d719293c1802285bab21ba84b5f0c00bd4fc60e0fbce5fc7d536043a9bf94499)"
AFKS--pearson,k = 9,ecoli,13,28.00,0.54,0.3563,2019-04-15 08:00,reported,"AFproject results page https://afproject.org/app/benchmark/genome/std/assembled/ecoli/results/ (data request /app/benchmark/genome/results/ajax/table1/?dataset_id=2), accessed 2026-10-03; raw answer baselines/published/afproject_raw/table1_2.json (SHA-256 d719293c1802285bab21ba84b5f0c00bd4fc60e0fbce5fc7d536043a9bf94499)"
AFKS--sim_mm,k = 11,ecoli,13,28.00,0.54,0.3503,2019-04-15 08:00,reported,"AFproject results page https://afproject.org/app/benchmark/genome/std/assembled/ecoli/results/ (data request /app/benchmark/genome/results/ajax/table1/?dataset_id=2), accessed 2026-10-03; raw answer baselines/published/afproject_raw/table1_2.json (SHA-256 d719293c1802285bab21ba84b5f0c00bd4fc60e0fbce5fc7d536043a9bf94499)"
AFKS--squared_chord,k = 10,ecoli,13,28.00,0.54,0.3583,2019-04-15 08:00,reported,"AFproject results page https://afproject.org/app/benchmark/genome/std/assembled/ecoli/results/ (data request /app/benchmark/genome/results/ajax/table1/?dataset_id=2), accessed 2026-10-03; raw answer baselines/published/afproject_raw/table1_2.json (SHA-256 d719293c1802285bab21ba84b5f0c00bd4fc60e0fbce5fc7d536043a9bf94499)"
alfpy--angle_cos_diss,k = 11; vector=freqs k=11 distance=angle_cos_diss,ecoli,13,28.00,0.54,0.3671,2019-04-15 08:00,reported,"AFproject results page https://afproject.org/app/benchmark/genome/std/assembled/ecoli/results/ (data request /app/benchmark/genome/results/ajax/table1/?dataset_id=2), accessed 2026-10-03; raw answer baselines/published/afproject_raw/table1_2.json (SHA-256 d719293c1802285bab21ba84b5f0c00bd4fc60e0fbce5fc7d536043a9bf94499)"
alfpy--angle_cos_evol,k = 12; vector=counts k=12 distance=angle_cos_evol,ecoli,13,28.00,0.54,0.3671,2019-04-15 08:00,reported,"AFproject results page https://afproject.org/app/benchmark/genome/std/assembled/ecoli/results/ (data request /app/benchmark/genome/results/ajax/table1/?dataset_id=2), accessed 2026-10-03; raw answer baselines/published/afproject_raw/table1_2.json (SHA-256 d719293c1802285bab21ba84b5f0c00bd4fc60e0fbce5fc7d536043a9bf94499)"
alfpy--canberra,k = 29; vector=freqs k=29 distance=canberra,ecoli,13,28.00,0.54,0.2921,2019-04-15 08:00,reported,"AFproject results page https://afproject.org/app/benchmark/genome/std/assembled/ecoli/results/ (data request /app/benchmark/genome/results/ajax/table1/?dataset_id=2), accessed 2026-10-03; raw answer baselines/published/afproject_raw/table1_2.json (SHA-256 d719293c1802285bab21ba84b5f0c00bd4fc60e0fbce5fc7d536043a9bf94499)"
alfpy--jsd,k = 8; vector=freqs k=8 distance=jsd,ecoli,13,28.00,0.54,0.3644,2019-04-15 08:00,reported,"AFproject results page https://afproject.org/app/benchmark/genome/std/assembled/ecoli/results/ (data request /app/benchmark/genome/results/ajax/table1/?dataset_id=2), accessed 2026-10-03; raw answer baselines/published/afproject_raw/table1_2.json (SHA-256 d719293c1802285bab21ba84b5f0c00bd4fc60e0fbce5fc7d536043a9bf94499)"
alfpy--lcc,k = 8; vector=freqs k=8 distance=lcc,ecoli,13,28.00,0.54,0.3644,2019-04-15 08:00,reported,"AFproject results page https://afproject.org/app/benchmark/genome/std/assembled/ecoli/results/ (data request /app/benchmark/genome/results/ajax/table1/?dataset_id=2), accessed 2026-10-03; raw answer baselines/published/afproject_raw/table1_2.json (SHA-256 d719293c1802285bab21ba84b5f0c00bd4fc60e0fbce5fc7d536043a9bf94499)"
cafe--d2star,k = 12; Markovian order: 0,ecoli,13,28.00,0.54,0.3671,2019-04-15 08:00,reported,"AFproject results page https://afproject.org/app/benchmark/genome/std/assembled/ecoli/results/ (data request /app/benchmark/genome/results/ajax/table1/?dataset_id=2), accessed 2026-10-03; raw answer baselines/published/afproject_raw/table1_2.json (SHA-256 d719293c1802285bab21ba84b5f0c00bd4fc60e0fbce5fc7d536043a9bf94499)"
jD2Stat--D2n,k = 10; java -jar -Xmx55g jD2Stat_1.0.jar -i ecoli-assembled.fasta -o ecoli-assembled.fasta.jD2Stat_1.0.jar.17.phy -a dna -t 16 -k 10 -d d2n -n 1,ecoli,13,28.00,0.54,0.3644,2019-04-15 08:00,reported,"AFproject results page https://afproject.org/app/benchmark/genome/std/assembled/ecoli/results/ (data request /app/benchmark/genome/results/ajax/table1/?dataset_id=2), accessed 2026-10-03; raw answer baselines/published/afproject_raw/table1_2.json (SHA-256 d719293c1802285bab21ba84b5f0c00bd4fc60e0fbce5fc7d536043a9bf94499)"
jD2Stat--D2S,k = 14; java -jar -Xmx55g jD2Stat_1.0.jar -i ecoli-assembled.fasta -o ecoli-assembled.fasta.jD2Stat_1.0.jar.19.phy -a dna -t 16 -k 14 -d D2S -n 0,ecoli,13,28.00,0.54,0.3457,2019-04-15 08:00,reported,"AFproject results page https://afproject.org/app/benchmark/genome/std/assembled/ecoli/results/ (data request /app/benchmark/genome/results/ajax/table1/?dataset_id=2), accessed 2026-10-03; raw answer baselines/published/afproject_raw/table1_2.json (SHA-256 d719293c1802285bab21ba84b5f0c00bd4fc60e0fbce5fc7d536043a9bf94499)"
jD2Stat--D2St,k = 8; java -jar -Xmx55g jD2Stat_1.0.jar -i ecoli-assembled.fasta -o ecoli-assembled.fasta.jD2Stat_1.0.jar.10.phy -a dna -t 16 -k 8 -d D2St -n 0,ecoli,13,28.00,0.54,0.3583,2019-04-15 08:00,reported,"AFproject results page https://afproject.org/app/benchmark/genome/std/assembled/ecoli/results/ (data request /app/benchmark/genome/results/ajax/table1/?dataset_id=2), accessed 2026-10-03; raw answer baselines/published/afproject_raw/table1_2.json (SHA-256 d719293c1802285bab21ba84b5f0c00bd4fc60e0fbce5fc7d536043a9bf94499)"
Slope-SpaM,binary pattern,ecoli,13,28.00,0.54,0.1897,2019-04-15 08:00,reported,"AFproject results page https://afproject.org/app/benchmark/genome/std/assembled/ecoli/results/ (data request /app/benchmark/genome/results/ajax/table1/?dataset_id=2), accessed 2026-10-03; raw answer baselines/published/afproject_raw/table1_2.json (SHA-256 d719293c1802285bab21ba84b5f0c00bd4fc60e0fbce5fc7d536043a9bf94499)"
AFKS--canberra,k = 9,ecoli,14,30.00,0.58,0.3149,2019-04-15 08:00,reported,"AFproject results page https://afproject.org/app/benchmark/genome/std/assembled/ecoli/results/ (data request /app/benchmark/genome/results/ajax/table1/?dataset_id=2), accessed 2026-10-03; raw answer baselines/published/afproject_raw/table1_2.json (SHA-256 d719293c1802285bab21ba84b5f0c00bd4fc60e0fbce5fc7d536043a9bf94499)"
AFKS--d2s,k = 9,ecoli,14,30.00,0.58,0.3594,2019-04-15 08:00,reported,"AFproject results page https://afproject.org/app/benchmark/genome/std/assembled/ecoli/results/ (data request /app/benchmark/genome/results/ajax/table1/?dataset_id=2), accessed 2026-10-03; raw answer baselines/published/afproject_raw/table1_2.json (SHA-256 d719293c1802285bab21ba84b5f0c00bd4fc60e0fbce5fc7d536043a9bf94499)"
AFKS--euclidean,k = 9,ecoli,14,30.00,0.58,0.3105,2019-04-15 08:00,reported,"AFproject results page https://afproject.org/app/benchmark/genome/std/assembled/ecoli/results/ (data request /app/benchmark/genome/results/ajax/table1/?dataset_id=2), accessed 2026-10-03; raw answer baselines/published/afproject_raw/table1_2.json (SHA-256 d719293c1802285bab21ba84b5f0c00bd4fc60e0fbce5fc7d536043a9bf94499)"
AFKS--euclidean_z,k = 9,ecoli,14,30.00,0.58,0.3703,2019-04-15 08:00,reported,"AFproject results page https://afproject.org/app/benchmark/genome/std/assembled/ecoli/results/ (data request /app/benchmark/genome/results/ajax/table1/?dataset_id=2), accessed 2026-10-03; raw answer baselines/published/afproject_raw/table1_2.json (SHA-256 d719293c1802285bab21ba84b5f0c00bd4fc60e0fbce5fc7d536043a9bf94499)"
AFKS--hellinger,k = 9,ecoli,14,30.00,0.58,0.3682,2019-04-15 08:00,reported,"AFproject results page https://afproject.org/app/benchmark/genome/std/assembled/ecoli/results/ (data request /app/benchmark/genome/results/ajax/table1/?dataset_id=2), accessed 2026-10-03; raw answer baselines/published/afproject_raw/table1_2.json (SHA-256 d719293c1802285bab21ba84b5f0c00bd4fc60e0fbce5fc7d536043a9bf94499)"
AFKS--intersection,k = 9,ecoli,14,30.00,0.58,0.3149,2019-04-15 08:00,reported,"AFproject results page https://afproject.org/app/benchmark/genome/std/assembled/ecoli/results/ (data request /app/benchmark/genome/results/ajax/table1/?dataset_id=2), accessed 2026-10-03; raw answer baselines/published/afproject_raw/table1_2.json (SHA-256 d719293c1802285bab21ba84b5f0c00bd4fc60e0fbce5fc7d536043a9bf94499)"
AFKS--jaccard,k = 9,ecoli,14,30.00,0.58,0.2762,2019-04-15 08:00,reported,"AFproject results page https://afproject.org/app/benchmark/genome/std/assembled/ecoli/results/ (data request /app/benchmark/genome/results/ajax/table1/?dataset_id=2), accessed 2026-10-03; raw answer baselines/published/afproject_raw/table1_2.json (SHA-256 d719293c1802285bab21ba84b5f0c00bd4fc60e0fbce5fc7d536043a9bf94499)"
AFKS--kulczynski1,k = 9,ecoli,14,30.00,0.58,0.3149,2019-04-15 08:00,reported,"AFproject results page https://afproject.org/app/benchmark/genome/std/assembled/ecoli/results/ (data request /app/benchmark/genome/results/ajax/table1/?dataset_id=2), accessed 2026-10-03; raw answer baselines/published/afproject_raw/table1_2.json (SHA-256 d719293c1802285bab21ba84b5f0c00bd4fc60e0fbce5fc7d536043a9bf94499)"
AFKS--kulczynski2,k = 9,ecoli,14,30.00,0.58,0.3098,2019-04-15 08:00,reported,"AFproject results page https://afproject.org/app/benchmark/genome/std/assembled/ecoli/results/ (data request /app/benchmark/genome/results/ajax/table1/?dataset_id=2), accessed 2026-10-03; raw answer baselines/published/afproject_raw/table1_2.json (SHA-256 d719293c1802285bab21ba84b5f0c00bd4fc60e0fbce5fc7d536043a9bf94499)"
AFKS--manhattan,k = 9,ecoli,14,30.00,0.58,0.3149,2019-04-15 08:00,reported,"AFproject results page https://afproject.org/app/benchmark/genome/std/assembled/ecoli/results/ (data request /app/benchmark/genome/results/ajax/table1/?dataset_id=2), accessed 2026-10-03; raw answer baselines/published/afproject_raw/table1_2.json (SHA-256 d719293c1802285bab21ba84b5f0c00bd4fc60e0fbce5fc7d536043a9bf94499)"
AFKS--mismatch,k = 9,ecoli,14,30.00,0.58,0.2762,2019-04-15 08:00,reported,"AFproject results page https://afproject.org/app/benchmark/genome/std/assembled/ecoli/results/ (data request /app/benchmark/genome/results/ajax/table1/?dataset_id=2), accessed 2026-10-03; raw answer baselines/published/afproject_raw/table1_2.json (SHA-256 d719293c1802285bab21ba84b5f0c00bd4fc60e0fbce5fc7d536043a9bf94499)"
AFKS--normalized_vectors,k = 9,ecoli,14,30.00,0.58,0.3609,2019-04-15 08:00,reported,"AFproject results page https://afproject.org/app/benchmark/genome/std/assembled/ecoli/results/ (data request /app/benchmark/genome/results/ajax/table1/?dataset_id=2), accessed 2026-10-03; raw answer baselines/published/afproject_raw/table1_2.json (SHA-256 d719293c1802285bab21ba84b5f0c00bd4fc60e0fbce5fc7d536043a9bf94499)"
AFKS--rre_k_r,k = 9,ecoli,14,30.00,0.58,0.3121,2019-04-15 08:00,reported,"AFproject results page https://afproject.org/app/benchmark/genome/std/assembled/ecoli/results/ (data request /app/benchmark/genome/results/ajax/table1/?dataset_id=2), accessed 2026-10-03; raw answer baselines/published/afproject_raw/table1_2.json (SHA-256 d719293c1802285bab21ba84b5f0c00bd4fc60e0fbce5fc7d536043a9bf94499)"
AFKS--simratio,k = 9,ecoli,14,30.00,0.58,0.3105,2019-04-15 08:00,reported,"AFproject results page https://afproject.org/app/benchmark/genome/std/assembled/ecoli/results/ (data request /app/benchmark/genome/results/ajax/table1/?dataset_id=2), accessed 2026-10-03; raw answer baselines/published/afproject_raw/table1_2.json (SHA-256 d719293c1802285bab21ba84b5f0c00bd4fc60e0fbce5fc7d536043a9bf94499)"
AFKS--spearman,k = 9,ecoli,14,30.00,0.58,0.3121,2019-04-15 08:00,reported,"AFproject results page https://afproject.org/app/benchmark/genome/std/assembled/ecoli/results/ (data request /app/benchmark/genome/results/ajax/table1/?dataset_id=2), accessed 2026-10-03; raw answer baselines/published/afproject_raw/table1_2.json (SHA-256 d719293c1802285bab21ba84b5f0c00bd4fc60e0fbce5fc7d536043a9bf94499)"
alfpy--euclid_norm,k = 9; vector=counts k=9 distance=euclid_norm,ecoli,14,30.00,0.58,0.3698,2019-04-15 08:00,reported,"AFproject results page https://afproject.org/app/benchmark/genome/std/assembled/ecoli/results/ (data request /app/benchmark/genome/results/ajax/table1/?dataset_id=2), accessed 2026-10-03; raw answer baselines/published/afproject_raw/table1_2.json (SHA-256 d719293c1802285bab21ba84b5f0c00bd4fc60e0fbce5fc7d536043a9bf94499)"
alfpy--minkowski,k = 9; vector=counts k=9 distance=minkowski,ecoli,14,30.00,0.58,0.3698,2019-04-15 08:00,reported,"AFproject results page https://afproject.org/app/benchmark/genome/std/assembled/ecoli/results/ (data request /app/benchmark/genome/results/ajax/table1/?dataset_id=2), accessed 2026-10-03; raw answer baselines/published/afproject_raw/table1_2.json (SHA-256 d719293c1802285bab21ba84b5f0c00bd4fc60e0fbce5fc7d536043a9bf94499)"
"ASW(1,5,COS)",9,ecoli,14,30.00,0.58,0.2412,2019-11-13 14:22,reported,"AFproject results page https://afproject.org/app/benchmark/genome/std/assembled/ecoli/results/ (data request /app/benchmark/genome/results/ajax/table1/?dataset_id=2), accessed 2026-10-03; raw answer baselines/published/afproject_raw/table1_2.json (SHA-256 d719293c1802285bab21ba84b5f0c00bd4fc60e0fbce5fc7d536043a9bf94499)"
"ASW(1,7,COS)",13,ecoli,14,30.00,0.58,0.2299,2019-11-13 14:29,reported,"AFproject results page https://afproject.org/app/benchmark/genome/std/assembled/ecoli/results/ (data request /app/benchmark/genome/results/ajax/table1/?dataset_id=2), accessed 2026-10-03; raw answer baselines/published/afproject_raw/table1_2.json (SHA-256 d719293c1802285bab21ba84b5f0c00bd4fc60e0fbce5fc7d536043a9bf94499)"
cafe--cvtree,k = 12,ecoli,14,30.00,0.58,0.3764,2019-04-15 08:00,reported,"AFproject results page https://afproject.org/app/benchmark/genome/std/assembled/ecoli/results/ (data request /app/benchmark/genome/results/ajax/table1/?dataset_id=2), accessed 2026-10-03; raw answer baselines/published/afproject_raw/table1_2.json (SHA-256 d719293c1802285bab21ba84b5f0c00bd4fc60e0fbce5fc7d536043a9bf94499)"
cafe--d2shepp,k = 12; Markovian order: 0,ecoli,14,30.00,0.58,0.3312,2019-04-15 08:00,reported,"AFproject results page https://afproject.org/app/benchmark/genome/std/assembled/ecoli/results/ (data request /app/benchmark/genome/results/ajax/table1/?dataset_id=2), accessed 2026-10-03; raw answer baselines/published/afproject_raw/table1_2.json (SHA-256 d719293c1802285bab21ba84b5f0c00bd4fc60e0fbce5fc7d536043a9bf94499)"
"ASW(1,4,EUC)",7,ecoli,15,34.00,0.65,0.4074,2019-11-13 14:21,reported,"AFproject results page https://afproject.org/app/benchmark/genome/std/assembled/ecoli/results/ (data request /app/benchmark/genome/results/ajax/table1/?dataset_id=2), accessed 2026-10-03; raw answer baselines/published/afproject_raw/table1_2.json (SHA-256 d719293c1802285bab21ba84b5f0c00bd4fc60e0fbce5fc7d536043a9bf94499)"
alfpy--kld,k = 19; vector=freqs k=19 distance=kld,ecoli,16,36.00,0.69,0.3204,2019-04-15 08:00,reported,"AFproject results page https://afproject.org/app/benchmark/genome/std/assembled/ecoli/results/ (data request /app/benchmark/genome/results/ajax/table1/?dataset_id=2), accessed 2026-10-03; raw answer baselines/published/afproject_raw/table1_2.json (SHA-256 d719293c1802285bab21ba84b5f0c00bd4fc60e0fbce5fc7d536043a9bf94499)"
"ASW(1,6,COS)",11,ecoli,16,36.00,0.69,0.3698,2019-11-13 14:28,reported,"AFproject results page https://afproject.org/app/benchmark/genome/std/assembled/ecoli/results/ (data request /app/benchmark/genome/results/ajax/table1/?dataset_id=2), accessed 2026-10-03; raw answer baselines/published/afproject_raw/table1_2.json (SHA-256 d719293c1802285bab21ba84b5f0c00bd4fc60e0fbce5fc7d536043a9bf94499)"
alfpy--chebyshev,k = 9; vector=freqs k=9 distance=chebyshev,ecoli,17,38.00,0.73,0.4321,2019-04-15 08:00,reported,"AFproject results page https://afproject.org/app/benchmark/genome/std/assembled/ecoli/results/ (data request /app/benchmark/genome/results/ajax/table1/?dataset_id=2), accessed 2026-10-03; raw answer baselines/published/afproject_raw/table1_2.json (SHA-256 d719293c1802285bab21ba84b5f0c00bd4fc60e0fbce5fc7d536043a9bf94499)"
"ASW(1,3,EUC)","d =1, N=3 EUC",ecoli,17,38.00,0.73,0.4604,2019-11-13 14:16,reported,"AFproject results page https://afproject.org/app/benchmark/genome/std/assembled/ecoli/results/ (data request /app/benchmark/genome/results/ajax/table1/?dataset_id=2), accessed 2026-10-03; raw answer baselines/published/afproject_raw/table1_2.json (SHA-256 d719293c1802285bab21ba84b5f0c00bd4fc60e0fbce5fc7d536043a9bf94499)"
PPN,"Parameter values l=4, t=1",ecoli,17,38.00,0.73,0.3337,2023-06-13 09:37,reported,"AFproject results page https://afproject.org/app/benchmark/genome/std/assembled/ecoli/results/ (data request /app/benchmark/genome/results/ajax/table1/?dataset_id=2), accessed 2026-10-03; raw answer baselines/published/afproject_raw/table1_2.json (SHA-256 d719293c1802285bab21ba84b5f0c00bd4fc60e0fbce5fc7d536043a9bf94499)"
"ASW(1,3,COS)",5,ecoli,18,40.00,0.77,0.4748,2019-11-13 14:19,reported,"AFproject results page https://afproject.org/app/benchmark/genome/std/assembled/ecoli/results/ (data request /app/benchmark/genome/results/ajax/table1/?dataset_id=2), accessed 2026-10-03; raw answer baselines/published/afproject_raw/table1_2.json (SHA-256 d719293c1802285bab21ba84b5f0c00bd4fc60e0fbce5fc7d536043a9bf94499)"
"ASW(1,4,COS)",7,ecoli,18,40.00,0.77,0.5073,2019-11-13 14:20,reported,"AFproject results page https://afproject.org/app/benchmark/genome/std/assembled/ecoli/results/ (data request /app/benchmark/genome/results/ajax/table1/?dataset_id=2), accessed 2026-10-03; raw answer baselines/published/afproject_raw/table1_2.json (SHA-256 d719293c1802285bab21ba84b5f0c00bd4fc60e0fbce5fc7d536043a9bf94499)"
rtd-phylogeny,k = 7,ecoli,18,40.00,0.77,0.5193,2019-04-15 08:00,reported,"AFproject results page https://afproject.org/app/benchmark/genome/std/assembled/ecoli/results/ (data request /app/benchmark/genome/results/ajax/table1/?dataset_id=2), accessed 2026-10-03; raw answer baselines/published/afproject_raw/table1_2.json (SHA-256 d719293c1802285bab21ba84b5f0c00bd4fc60e0fbce5fc7d536043a9bf94499)"
lzw-ncd,default,ecoli,19,42.00,0.81,0.4176,2019-04-15 08:00,reported,"AFproject results page https://afproject.org/app/benchmark/genome/std/assembled/ecoli/results/ (data request /app/benchmark/genome/results/ajax/table1/?dataset_id=2), accessed 2026-10-03; raw answer baselines/published/afproject_raw/table1_2.json (SHA-256 d719293c1802285bab21ba84b5f0c00bd4fc60e0fbce5fc7d536043a9bf94499)"
AFKS--afd,k = 9,ecoli,20,46.00,0.88,0.3669,2019-04-15 08:00,reported,"AFproject results page https://afproject.org/app/benchmark/genome/std/assembled/ecoli/results/ (data request /app/benchmark/genome/results/ajax/table1/?dataset_id=2), accessed 2026-10-03; raw answer baselines/published/afproject_raw/table1_2.json (SHA-256 d719293c1802285bab21ba84b5f0c00bd4fc60e0fbce5fc7d536043a9bf94499)"
EP-sim,-d D2 -l 7 -p 07 -b 1,ecoli,20,46.00,0.88,0.3868,2019-04-15 08:00,reported,"AFproject results page https://afproject.org/app/benchmark/genome/std/assembled/ecoli/results/ (data request /app/benchmark/genome/results/ajax/table1/?dataset_id=2), accessed 2026-10-03; raw answer baselines/published/afproject_raw/table1_2.json (SHA-256 d719293c1802285bab21ba84b5f0c00bd4fc60e0fbce5fc7d536043a9bf94499)"
AFKS--emd,k = 9,ecoli,21,48.00,0.92,0.4728,2019-04-15 08:00,reported,"AFproject results page https://afproject.org/app/benchmark/genome/std/assembled/ecoli/results/ (data request /app/benchmark/genome/results/ajax/table1/?dataset_id=2), accessed 2026-10-03; raw answer baselines/published/afproject_raw/table1_2.json (SHA-256 d719293c1802285bab21ba84b5f0c00bd4fc60e0fbce5fc7d536043a9bf94499)"
AFKS--length_difference,k = 9,ecoli,21,48.00,0.92,0.4731,2019-04-15 08:00,reported,"AFproject results page https://afproject.org/app/benchmark/genome/std/assembled/ecoli/results/ (data request /app/benchmark/genome/results/ajax/table1/?dataset_id=2), accessed 2026-10-03; raw answer baselines/published/afproject_raw/table1_2.json (SHA-256 d719293c1802285bab21ba84b5f0c00bd4fc60e0fbce5fc7d536043a9bf94499)"
(4)SR(K)MER_FEM1,Sequence alphabet,fish_mito,1,2.00,0.05,0.0017,2021-09-02 16:00,reported,"AFproject results page https://afproject.org/app/benchmark/genome/std/assembled/fish_mito/results/ (data request /app/benchmark/genome/results/ajax/table1/?dataset_id=3), accessed 2026-10-03; raw answer baselines/published/afproject_raw/table1_3.json (SHA-256 4d9f3b4a4b2f63b03b5208c9d02fc7c896b94663e4e4536d8fee931968f809ad)"
(9)-CWB-COSINE-NJ,(9)-CWB-COSINE-NJ,fish_mito,1,2.00,0.05,0.0017,2025-09-20 06:54,reported,"AFproject results page https://afproject.org/app/benchmark/genome/std/assembled/fish_mito/results/ (data request /app/benchmark/genome/results/ajax/table1/?dataset_id=3), accessed 2026-10-03; raw answer baselines/published/afproject_raw/table1_3.json (SHA-256 4d9f3b4a4b2f63b03b5208c9d02fc7c896b94663e4e4536d8fee931968f809ad)"
(DynamicPartWiseTemplate),"k=6, tp=50%",fish_mito,1,2.00,0.05,0.0017,2022-11-17 17:54,reported,"AFproject results page https://afproject.org/app/benchmark/genome/std/assembled/fish_mito/results/ (data request /app/benchmark/genome/results/ajax/table1/?dataset_id=3), accessed 2026-10-03; raw answer baselines/published/afproject_raw/table1_3.json (SHA-256 4d9f3b4a4b2f63b03b5208c9d02fc7c896b94663e4e4536d8fee931968f809ad)"
(MASP),k-mer,fish_mito,1,2.00,0.05,0.0017,2023-09-22 17:51,reported,"AFproject results page https://afproject.org/app/benchmark/genome/std/assembled/fish_mito/results/ (data request /app/benchmark/genome/results/ajax/table1/?dataset_id=3), accessed 2026-10-03; raw answer baselines/published/afproject_raw/table1_3.json (SHA-256 4d9f3b4a4b2f63b03b5208c9d02fc7c896b94663e4e4536d8fee931968f809ad)"
(Part-Wise Template Matching),Part size of kmer,fish_mito,1,2.00,0.05,0.0017,2022-10-15 20:23,reported,"AFproject results page https://afproject.org/app/benchmark/genome/std/assembled/fish_mito/results/ (data request /app/benchmark/genome/results/ajax/table1/?dataset_id=3), accessed 2026-10-03; raw answer baselines/published/afproject_raw/table1_3.json (SHA-256 4d9f3b4a4b2f63b03b5208c9d02fc7c896b94663e4e4536d8fee931968f809ad)"
1&2_Ord_Spatial,k-mer,fish_mito,1,2.00,0.05,0.0017,2023-04-04 05:36,reported,"AFproject results page https://afproject.org/app/benchmark/genome/std/assembled/fish_mito/results/ (data request /app/benchmark/genome/results/ajax/table1/?dataset_id=3), accessed 2026-10-03; raw answer baselines/published/afproject_raw/table1_3.json (SHA-256 4d9f3b4a4b2f63b03b5208c9d02fc7c896b94663e4e4536d8fee931968f809ad)"
3_spatial_feature,sequence alphabet,fish_mito,1,2.00,0.05,0.0017,2023-05-04 15:34,reported,"AFproject results page https://afproject.org/app/benchmark/genome/std/assembled/fish_mito/results/ (data request /app/benchmark/genome/results/ajax/table1/?dataset_id=3), accessed 2026-10-03; raw answer baselines/published/afproject_raw/table1_3.json (SHA-256 4d9f3b4a4b2f63b03b5208c9d02fc7c896b94663e4e4536d8fee931968f809ad)"
8/10_DNA_TWS,template size 8 or 10,fish_mito,1,2.00,0.05,0.0017,2022-04-29 19:56,reported,"AFproject results page https://afproject.org/app/benchmark/genome/std/assembled/fish_mito/results/ (data request /app/benchmark/genome/results/ajax/table1/?dataset_id=3), accessed 2026-10-03; raw answer baselines/published/afproject_raw/table1_3.json (SHA-256 4d9f3b4a4b2f63b03b5208c9d02fc7c896b94663e4e4536d8fee931968f809ad)"
8KMERHist+LBP,8,fish_mito,1,2.00,0.05,0.0017,2021-05-26 07:55,reported,"AFproject results page https://afproject.org/app/benchmark/genome/std/assembled/fish_mito/results/ (data request /app/benchmark/genome/results/ajax/table1/?dataset_id=3), accessed 2026-10-03; raw answer baselines/published/afproject_raw/table1_3.json (SHA-256 4d9f3b4a4b2f63b03b5208c9d02fc7c896b94663e4e4536d8fee931968f809ad)"
AFKS--d2_star,k = 8,fish_mito,1,2.00,0.05,0.0017,2019-04-15 08:00,reported,"AFproject results page https://afproject.org/app/benchmark/genome/std/assembled/fish_mito/results/ (data request /app/benchmark/genome/results/ajax/table1/?dataset_id=3), accessed 2026-10-03; raw answer baselines/published/afproject_raw/table1_3.json (SHA-256 4d9f3b4a4b2f63b03b5208c9d02fc7c896b94663e4e4536d8fee931968f809ad)"
AFKS--d2z,k = 8,fish_mito,1,2.00,0.05,0.0017,2019-04-15 08:00,reported,"AFproject results page https://afproject.org/app/benchmark/genome/std/assembled/fish_mito/results/ (data request /app/benchmark/genome/results/ajax/table1/?dataset_id=3), accessed 2026-10-03; raw answer baselines/published/afproject_raw/table1_3.json (SHA-256 4d9f3b4a4b2f63b03b5208c9d02fc7c896b94663e4e4536d8fee931968f809ad)"
AFKS--euclidean_z,k = 8,fish_mito,1,2.00,0.05,0.0017,2019-04-15 08:00,reported,"AFproject results page https://afproject.org/app/benchmark/genome/std/assembled/fish_mito/results/ (data request /app/benchmark/genome/results/ajax/table1/?dataset_id=3), accessed 2026-10-03; raw answer baselines/published/afproject_raw/table1_3.json (SHA-256 4d9f3b4a4b2f63b03b5208c9d02fc7c896b94663e4e4536d8fee931968f809ad)"
AFKS--n2r,k = 8,fish_mito,1,2.00,0.05,0.0017,2019-04-15 08:00,reported,"AFproject results page https://afproject.org/app/benchmark/genome/std/assembled/fish_mito/results/ (data request /app/benchmark/genome/results/ajax/table1/?dataset_id=3), accessed 2026-10-03; raw answer baselines/published/afproject_raw/table1_3.json (SHA-256 4d9f3b4a4b2f63b03b5208c9d02fc7c896b94663e4e4536d8fee931968f809ad)"
AFKS--normalized_vectors,k = 8,fish_mito,1,2.00,0.05,0.0017,2019-04-15 08:00,reported,"AFproject results page https://afproject.org/app/benchmark/genome/std/assembled/fish_mito/results/ (data request /app/benchmark/genome/results/ajax/table1/?dataset_id=3), accessed 2026-10-03; raw answer baselines/published/afproject_raw/table1_3.json (SHA-256 4d9f3b4a4b2f63b03b5208c9d02fc7c896b94663e4e4536d8fee931968f809ad)"
AFKS--pearson,k = 8,fish_mito,1,2.00,0.05,0.0017,2019-04-15 08:00,reported,"AFproject results page https://afproject.org/app/benchmark/genome/std/assembled/fish_mito/results/ (data request /app/benchmark/genome/results/ajax/table1/?dataset_id=3), accessed 2026-10-03; raw answer baselines/published/afproject_raw/table1_3.json (SHA-256 4d9f3b4a4b2f63b03b5208c9d02fc7c896b94663e4e4536d8fee931968f809ad)"
AFKS--simratio,k = 8,fish_mito,1,2.00,0.05,0.0017,2019-04-15 08:00,reported,"AFproject results page https://afproject.org/app/benchmark/genome/std/assembled/fish_mito/results/ (data request /app/benchmark/genome/results/ajax/table1/?dataset_id=3), accessed 2026-10-03; raw answer baselines/published/afproject_raw/table1_3.json (SHA-256 4d9f3b4a4b2f63b03b5208c9d02fc7c896b94663e4e4536d8fee931968f809ad)"
alfpy--angle_cos_diss,k = 9; vector=counts k=9 distance=angle_cos_diss,fish_mito,1,2.00,0.05,0.0017,2019-04-15 08:00,reported,"AFproject results page https://afproject.org/app/benchmark/genome/std/assembled/fish_mito/results/ (data request /app/benchmark/genome/results/ajax/table1/?dataset_id=3), accessed 2026-10-03; raw answer baselines/published/afproject_raw/table1_3.json (SHA-256 4d9f3b4a4b2f63b03b5208c9d02fc7c896b94663e4e4536d8fee931968f809ad)"
alfpy--angle_cos_evol,k = 8; vector=freqs k=8 distance=angle_cos_evol,fish_mito,1,2.00,0.05,0.0017,2019-04-15 08:00,reported,"AFproject results page https://afproject.org/app/benchmark/genome/std/assembled/fish_mito/results/ (data request /app/benchmark/genome/results/ajax/table1/?dataset_id=3), accessed 2026-10-03; raw answer baselines/published/afproject_raw/table1_3.json (SHA-256 4d9f3b4a4b2f63b03b5208c9d02fc7c896b94663e4e4536d8fee931968f809ad)"
alfpy--euclid_norm,k = 8; vector=counts k=8 distance=euclid_norm,fish_mito,1,2.00,0.05,0.0017,2019-04-15 08:00,reported,"AFproject results page https://afproject.org/app/benchmark/genome/std/assembled/fish_mito/results/ (data request /app/benchmark/genome/results/ajax/table1/?dataset_id=3), accessed 2026-10-03; raw answer baselines/published/afproject_raw/table1_3.json (SHA-256 4d9f3b4a4b2f63b03b5208c9d02fc7c896b94663e4e4536d8fee931968f809ad)"
alfpy--euclid_squared,k = 8; vector=freqs k=8 distance=euclid_squared,fish_mito,1,2.00,0.05,0.0017,2019-04-15 08:00,reported,"AFproject results page https://afproject.org/app/benchmark/genome/std/assembled/fish_mito/results/ (data request /app/benchmark/genome/results/ajax/table1/?dataset_id=3), accessed 2026-10-03; raw answer baselines/published/afproject_raw/table1_3.json (SHA-256 4d9f3b4a4b2f63b03b5208c9d02fc7c896b94663e4e4536d8fee931968f809ad)"
alfpy--minkowski,k = 8; vector=counts k=8 distance=minkowski,fish_mito,1,2.00,0.05,0.0017,2019-04-15 08:00,reported,"AFproject results page https://afproject.org/app/benchmark/genome/std/assembled/fish_mito/results/ (data request /app/benchmark/genome/results/ajax/table1/?dataset_id=3), accessed 2026-10-03; raw answer baselines/published/afproject_raw/table1_3.json (SHA-256 4d9f3b4a4b2f63b03b5208c9d02fc7c896b94663e4e4536d8fee931968f809ad)"
"ASW(1,10,COS)",19,fish_mito,1,2.00,0.05,0.0017,2019-11-13 15:46,reported,"AFproject results page https://afproject.org/app/benchmark/genome/std/assembled/fish_mito/results/ (data request /app/benchmark/genome/results/ajax/table1/?dataset_id=3), accessed 2026-10-03; raw answer baselines/published/afproject_raw/table1_3.json (SHA-256 4d9f3b4a4b2f63b03b5208c9d02fc7c896b94663e4e4536d8fee931968f809ad)"
"ASW(1,9,COS)",17,fish_mito,1,2.00,0.05,0.0017,2019-11-13 15:45,reported,"AFproject results page https://afproject.org/app/benchmark/genome/std/assembled/fish_mito/results/ (data request /app/benchmark/genome/results/ajax/table1/?dataset_id=3), accessed 2026-10-03; raw answer baselines/published/afproject_raw/table1_3.json (SHA-256 4d9f3b4a4b2f63b03b5208c9d02fc7c896b94663e4e4536d8fee931968f809ad)"
"ASW(1,9,EUC)",17,fish_mito,1,2.00,0.05,0.0017,2019-11-13 15:46,reported,"AFproject results page https://afproject.org/app/benchmark/genome/std/assembled/fish_mito/results/ (data request /app/benchmark/genome/results/ajax/table1/?dataset_id=3), accessed 2026-10-03; raw answer baselines/published/afproject_raw/table1_3.json (SHA-256 4d9f3b4a4b2f63b03b5208c9d02fc7c896b94663e4e4536d8fee931968f809ad)"
cafe--d2shepp,k = 10; Markovian order: 0,fish_mito,1,2.00,0.05,0.0017,2019-04-15 08:00,reported,"AFproject results page https://afproject.org/app/benchmark/genome/std/assembled/fish_mito/results/ (data request /app/benchmark/genome/results/ajax/table1/?dataset_id=3), accessed 2026-10-03; raw answer baselines/published/afproject_raw/table1_3.json (SHA-256 4d9f3b4a4b2f63b03b5208c9d02fc7c896b94663e4e4536d8fee931968f809ad)"
FSWM/Read-SpaM,pattern length = 8,fish_mito,1,2.00,0.05,0.0017,2019-04-15 08:00,reported,"AFproject results page https://afproject.org/app/benchmark/genome/std/assembled/fish_mito/results/ (data request /app/benchmark/genome/results/ajax/table1/?dataset_id=3), accessed 2026-10-03; raw answer baselines/published/afproject_raw/table1_3.json (SHA-256 4d9f3b4a4b2f63b03b5208c9d02fc7c896b94663e4e4536d8fee931968f809ad)"
jD2Stat--D2S,k = 10; java -jar -Xmx55g jD2Stat_1.0.jar -i assembled_fish_mito -o assembled_fish_mito.jD2Stat_1.0.jar.15.phy -a dna -t 16 -k 10 -d D2S -n 0,fish_mito,1,2.00,0.05,0.0017,2019-04-15 08:00,reported,"AFproject results page https://afproject.org/app/benchmark/genome/std/assembled/fish_mito/results/ (data request /app/benchmark/genome/results/ajax/table1/?dataset_id=3), accessed 2026-10-03; raw answer baselines/published/afproject_raw/table1_3.json (SHA-256 4d9f3b4a4b2f63b03b5208c9d02fc7c896b94663e4e4536d8fee931968f809ad)"
kmacs,k = 10,fish_mito,1,2.00,0.05,0.0017,2019-04-15 08:00,reported,"AFproject results page https://afproject.org/app/benchmark/genome/std/assembled/fish_mito/results/ (data request /app/benchmark/genome/results/ajax/table1/?dataset_id=3), accessed 2026-10-03; raw answer baselines/published/afproject_raw/table1_3.json (SHA-256 4d9f3b4a4b2f63b03b5208c9d02fc7c896b94663e4e4536d8fee931968f809ad)"
mash,k = 11 sketch size = 5000,fish_mito,1,2.00,0.05,0.0017,2019-04-15 08:00,reported,"AFproject results page https://afproject.org/app/benchmark/genome/std/assembled/fish_mito/results/ (data request /app/benchmark/genome/results/ajax/table1/?dataset_id=3), accessed 2026-10-03; raw answer baselines/published/afproject_raw/table1_3.json (SHA-256 4d9f3b4a4b2f63b03b5208c9d02fc7c896b94663e4e4536d8fee931968f809ad)"
PC-MER,K=15,fish_mito,1,2.00,0.05,0.0017,2023-05-24 22:03,reported,"AFproject results page https://afproject.org/app/benchmark/genome/std/assembled/fish_mito/results/ (data request /app/benchmark/genome/results/ajax/table1/?dataset_id=3), accessed 2026-10-03; raw answer baselines/published/afproject_raw/table1_3.json (SHA-256 4d9f3b4a4b2f63b03b5208c9d02fc7c896b94663e4e4536d8fee931968f809ad)"
"r_sm, k=11, theta = 1","k=11, theta = 1",fish_mito,1,2.00,0.05,0.0017,2026-01-19 01:59,reported,"AFproject results page https://afproject.org/app/benchmark/genome/std/assembled/fish_mito/results/ (data request /app/benchmark/genome/results/ajax/table1/?dataset_id=3), accessed 2026-10-03; raw answer baselines/published/afproject_raw/table1_3.json (SHA-256 4d9f3b4a4b2f63b03b5208c9d02fc7c896b94663e4e4536d8fee931968f809ad)"
"r_strong,  k=11, theta =1","k = 11, theta = 0.1",fish_mito,1,2.00,0.05,0.0017,2026-01-19 02:01,reported,"AFproject results page https://afproject.org/app/benchmark/genome/std/assembled/fish_mito/results/ (data request /app/benchmark/genome/results/ajax/table1/?dataset_id=3), accessed 2026-10-03; raw answer baselines/published/afproject_raw/table1_3.json (SHA-256 4d9f3b4a4b2f63b03b5208c9d02fc7c896b94663e4e4536d8fee931968f809ad)"
rtd-phylogeny,k = 7,fish_mito,1,2.00,0.05,0.0017,2019-04-15 08:00,reported,"AFproject results page https://afproject.org/app/benchmark/genome/std/assembled/fish_mito/results/ (data request /app/benchmark/genome/results/ajax/table1/?dataset_id=3), accessed 2026-10-03; raw answer baselines/published/afproject_raw/table1_3.json (SHA-256 4d9f3b4a4b2f63b03b5208c9d02fc7c896b94663e4e4536d8fee931968f809ad)"
spaced,-d EV,fish_mito,1,2.00,0.05,0.0017,2019-04-15 08:00,reported,"AFproject results page https://afproject.org/app/benchmark/genome/std/assembled/fish_mito/results/ (data request /app/benchmark/genome/results/ajax/table1/?dataset_id=3), accessed 2026-10-03; raw answer baselines/published/afproject_raw/table1_3.json (SHA-256 4d9f3b4a4b2f63b03b5208c9d02fc7c896b94663e4e4536d8fee931968f809ad)"
TemplateWindowDifference,full sequence,fish_mito,1,2.00,0.05,0.0017,2021-06-26 09:48,reported,"AFproject results page https://afproject.org/app/benchmark/genome/std/assembled/fish_mito/results/ (data request /app/benchmark/genome/results/ajax/table1/?dataset_id=3), accessed 2026-10-03; raw answer baselines/published/afproject_raw/table1_3.json (SHA-256 4d9f3b4a4b2f63b03b5208c9d02fc7c896b94663e4e4536d8fee931968f809ad)"
3D CGR signature 10,bin count,fish_mito,2,4.00,0.09,0.0346,2024-03-28 09:36,reported,"AFproject results page https://afproject.org/app/benchmark/genome/std/assembled/fish_mito/results/ (data request /app/benchmark/genome/results/ajax/table1/?dataset_id=3), accessed 2026-10-03; raw answer baselines/published/afproject_raw/table1_3.json (SHA-256 4d9f3b4a4b2f63b03b5208c9d02fc7c896b94663e4e4536d8fee931968f809ad)"
AF_TFIDF,"9-gram, 14 Percetile",fish_mito,2,4.00,0.09,0.0327,2024-07-12 08:24,reported,"AFproject results page https://afproject.org/app/benchmark/genome/std/assembled/fish_mito/results/ (data request /app/benchmark/genome/results/ajax/table1/?dataset_id=3), accessed 2026-10-03; raw answer baselines/published/afproject_raw/table1_3.json (SHA-256 4d9f3b4a4b2f63b03b5208c9d02fc7c896b94663e4e4536d8fee931968f809ad)"
AFKS--canberra,k = 7,fish_mito,2,4.00,0.09,0.0327,2019-04-15 08:00,reported,"AFproject results page https://afproject.org/app/benchmark/genome/std/assembled/fish_mito/results/ (data request /app/benchmark/genome/results/ajax/table1/?dataset_id=3), accessed 2026-10-03; raw answer baselines/published/afproject_raw/table1_3.json (SHA-256 4d9f3b4a4b2f63b03b5208c9d02fc7c896b94663e4e4536d8fee931968f809ad)"
AFKS--chi_squared,k = 7,fish_mito,2,4.00,0.09,0.0327,2019-04-15 08:00,reported,"AFproject results page https://afproject.org/app/benchmark/genome/std/assembled/fish_mito/results/ (data request /app/benchmark/genome/results/ajax/table1/?dataset_id=3), accessed 2026-10-03; raw answer baselines/published/afproject_raw/table1_3.json (SHA-256 4d9f3b4a4b2f63b03b5208c9d02fc7c896b94663e4e4536d8fee931968f809ad)"
AFKS--d2s,k = 7,fish_mito,2,4.00,0.09,0.0327,2019-04-15 08:00,reported,"AFproject results page https://afproject.org/app/benchmark/genome/std/assembled/fish_mito/results/ (data request /app/benchmark/genome/results/ajax/table1/?dataset_id=3), accessed 2026-10-03; raw answer baselines/published/afproject_raw/table1_3.json (SHA-256 4d9f3b4a4b2f63b03b5208c9d02fc7c896b94663e4e4536d8fee931968f809ad)"
AFKS--euclidean,k = 8,fish_mito,2,4.00,0.09,0.0327,2019-04-15 08:00,reported,"AFproject results page https://afproject.org/app/benchmark/genome/std/assembled/fish_mito/results/ (data request /app/benchmark/genome/results/ajax/table1/?dataset_id=3), accessed 2026-10-03; raw answer baselines/published/afproject_raw/table1_3.json (SHA-256 4d9f3b4a4b2f63b03b5208c9d02fc7c896b94663e4e4536d8fee931968f809ad)"
AFKS--harmonic_mean,k = 7,fish_mito,2,4.00,0.09,0.0327,2019-04-15 08:00,reported,"AFproject results page https://afproject.org/app/benchmark/genome/std/assembled/fish_mito/results/ (data request /app/benchmark/genome/results/ajax/table1/?dataset_id=3), accessed 2026-10-03; raw answer baselines/published/afproject_raw/table1_3.json (SHA-256 4d9f3b4a4b2f63b03b5208c9d02fc7c896b94663e4e4536d8fee931968f809ad)"
AFKS--hellinger,k = 7,fish_mito,2,4.00,0.09,0.0327,2019-04-15 08:00,reported,"AFproject results page https://afproject.org/app/benchmark/genome/std/assembled/fish_mito/results/ (data request /app/benchmark/genome/results/ajax/table1/?dataset_id=3), accessed 2026-10-03; raw answer baselines/published/afproject_raw/table1_3.json (SHA-256 4d9f3b4a4b2f63b03b5208c9d02fc7c896b94663e4e4536d8fee931968f809ad)"
AFKS--intersection,k = 7,fish_mito,2,4.00,0.09,0.0327,2019-04-15 08:00,reported,"AFproject results page https://afproject.org/app/benchmark/genome/std/assembled/fish_mito/results/ (data request /app/benchmark/genome/results/ajax/table1/?dataset_id=3), accessed 2026-10-03; raw answer baselines/published/afproject_raw/table1_3.json (SHA-256 4d9f3b4a4b2f63b03b5208c9d02fc7c896b94663e4e4536d8fee931968f809ad)"
AFKS--jaccard,k = 8,fish_mito,2,4.00,0.09,0.0327,2019-04-15 08:00,reported,"AFproject results page https://afproject.org/app/benchmark/genome/std/assembled/fish_mito/results/ (data request /app/benchmark/genome/results/ajax/table1/?dataset_id=3), accessed 2026-10-03; raw answer baselines/published/afproject_raw/table1_3.json (SHA-256 4d9f3b4a4b2f63b03b5208c9d02fc7c896b94663e4e4536d8fee931968f809ad)"
AFKS--jefferey_divergence,k = 7,fish_mito,2,4.00,0.09,0.0327,2019-04-15 08:00,reported,"AFproject results page https://afproject.org/app/benchmark/genome/std/assembled/fish_mito/results/ (data request /app/benchmark/genome/results/ajax/table1/?dataset_id=3), accessed 2026-10-03; raw answer baselines/published/afproject_raw/table1_3.json (SHA-256 4d9f3b4a4b2f63b03b5208c9d02fc7c896b94663e4e4536d8fee931968f809ad)"
AFKS--jensen_shannon,k = 7,fish_mito,2,4.00,0.09,0.0327,2019-04-15 08:00,reported,"AFproject results page https://afproject.org/app/benchmark/genome/std/assembled/fish_mito/results/ (data request /app/benchmark/genome/results/ajax/table1/?dataset_id=3), accessed 2026-10-03; raw answer baselines/published/afproject_raw/table1_3.json (SHA-256 4d9f3b4a4b2f63b03b5208c9d02fc7c896b94663e4e4536d8fee931968f809ad)"
AFKS--k_divergence,k = 8,fish_mito,2,4.00,0.09,0.0346,2019-04-15 08:00,reported,"AFproject results page https://afproject.org/app/benchmark/genome/std/assembled/fish_mito/results/ (data request /app/benchmark/genome/results/ajax/table1/?dataset_id=3), accessed 2026-10-03; raw answer baselines/published/afproject_raw/table1_3.json (SHA-256 4d9f3b4a4b2f63b03b5208c9d02fc7c896b94663e4e4536d8fee931968f809ad)"
AFKS--kl_conditional,k = 6,fish_mito,2,4.00,0.09,0.0365,2019-04-15 08:00,reported,"AFproject results page https://afproject.org/app/benchmark/genome/std/assembled/fish_mito/results/ (data request /app/benchmark/genome/results/ajax/table1/?dataset_id=3), accessed 2026-10-03; raw answer baselines/published/afproject_raw/table1_3.json (SHA-256 4d9f3b4a4b2f63b03b5208c9d02fc7c896b94663e4e4536d8fee931968f809ad)"
AFKS--kulczynski1,k = 7,fish_mito,2,4.00,0.09,0.0327,2019-04-15 08:00,reported,"AFproject results page https://afproject.org/app/benchmark/genome/std/assembled/fish_mito/results/ (data request /app/benchmark/genome/results/ajax/table1/?dataset_id=3), accessed 2026-10-03; raw answer baselines/published/afproject_raw/table1_3.json (SHA-256 4d9f3b4a4b2f63b03b5208c9d02fc7c896b94663e4e4536d8fee931968f809ad)"
AFKS--kulczynski2,k = 7,fish_mito,2,4.00,0.09,0.0327,2019-04-15 08:00,reported,"AFproject results page https://afproject.org/app/benchmark/genome/std/assembled/fish_mito/results/ (data request /app/benchmark/genome/results/ajax/table1/?dataset_id=3), accessed 2026-10-03; raw answer baselines/published/afproject_raw/table1_3.json (SHA-256 4d9f3b4a4b2f63b03b5208c9d02fc7c896b94663e4e4536d8fee931968f809ad)"
AFKS--manhattan,k = 7,fish_mito,2,4.00,0.09,0.0327,2019-04-15 08:00,reported,"AFproject results page https://afproject.org/app/benchmark/genome/std/assembled/fish_mito/results/ (data request /app/benchmark/genome/results/ajax/table1/?dataset_id=3), accessed 2026-10-03; raw answer baselines/published/afproject_raw/table1_3.json (SHA-256 4d9f3b4a4b2f63b03b5208c9d02fc7c896b94663e4e4536d8fee931968f809ad)"
AFKS--markov,k = 6,fish_mito,2,4.00,0.09,0.0365,2019-04-15 08:00,reported,"AFproject results page https://afproject.org/app/benchmark/genome/std/assembled/fish_mito/results/ (data request /app/benchmark/genome/results/ajax/table1/?dataset_id=3), accessed 2026-10-03; raw answer baselines/published/afproject_raw/table1_3.json (SHA-256 4d9f3b4a4b2f63b03b5208c9d02fc7c896b94663e4e4536d8fee931968f809ad)"
AFKS--mismatch,k = 7,fish_mito,2,4.00,0.09,0.0327,2019-04-15 08:00,reported,"AFproject results page https://afproject.org/app/benchmark/genome/std/assembled/fish_mito/results/ (data request /app/benchmark/genome/results/ajax/table1/?dataset_id=3), accessed 2026-10-03; raw answer baselines/published/afproject_raw/table1_3.json (SHA-256 4d9f3b4a4b2f63b03b5208c9d02fc7c896b94663e4e4536d8fee931968f809ad)"
AFKS--n2rc,k = 8,fish_mito,2,4.00,0.09,0.0346,2019-04-15 08:00,reported,"AFproject results page https://afproject.org/app/benchmark/genome/std/assembled/fish_mito/results/ (data request /app/benchmark/genome/results/ajax/table1/?dataset_id=3), accessed 2026-10-03; raw answer baselines/published/afproject_raw/table1_3.json (SHA-256 4d9f3b4a4b2f63b03b5208c9d02fc7c896b94663e4e4536d8fee931968f809ad)"
AFKS--n2rrc,k = 8,fish_mito,2,4.00,0.09,0.0346,2019-04-15 08:00,reported,"AFproject results page https://afproject.org/app/benchmark/genome/std/assembled/fish_mito/results/ (data request /app/benchmark/genome/results/ajax/table1/?dataset_id=3), accessed 2026-10-03; raw answer baselines/published/afproject_raw/table1_3.json (SHA-256 4d9f3b4a4b2f63b03b5208c9d02fc7c896b94663e4e4536d8fee931968f809ad)"
AFKS--rre_k_r,k = 6,fish_mito,2,4.00,0.09,0.0327,2019-04-15 08:00,reported,"AFproject results page https://afproject.org/app/benchmark/genome/std/assembled/fish_mito/results/ (data request /app/benchmark/genome/results/ajax/table1/?dataset_id=3), accessed 2026-10-03; raw answer baselines/published/afproject_raw/table1_3.json (SHA-256 4d9f3b4a4b2f63b03b5208c9d02fc7c896b94663e4e4536d8fee931968f809ad)"
AFKS--sim_mm,k = 8,fish_mito,2,4.00,0.09,0.0327,2019-04-15 08:00,reported,"AFproject results page https://afproject.org/app/benchmark/genome/std/assembled/fish_mito/results/ (data request /app/benchmark/genome/results/ajax/table1/?dataset_id=3), accessed 2026-10-03; raw answer baselines/published/afproject_raw/table1_3.json (SHA-256 4d9f3b4a4b2f63b03b5208c9d02fc7c896b94663e4e4536d8fee931968f809ad)"
AFKS--spearman,k = 7,fish_mito,2,4.00,0.09,0.0327,2019-04-15 08:00,reported,"AFproject results page https://afproject.org/app/benchmark/genome/std/assembled/fish_mito/results/ (data request /app/benchmark/genome/results/ajax/table1/?dataset_id=3), accessed 2026-10-03; raw answer baselines/published/afproject_raw/table1_3.json (SHA-256 4d9f3b4a4b2f63b03b5208c9d02fc7c896b94663e4e4536d8fee931968f809ad)"
AFKS--squared_chord,k = 7,fish_mito,2,4.00,0.09,0.0327,2019-04-15 08:00,reported,"AFproject results page https://afproject.org/app/benchmark/genome/std/assembled/fish_mito/results/ (data request /app/benchmark/genome/results/ajax/table1/?dataset_id=3), accessed 2026-10-03; raw answer baselines/published/afproject_raw/table1_3.json (SHA-256 4d9f3b4a4b2f63b03b5208c9d02fc7c896b94663e4e4536d8fee931968f809ad)"
alfpy--braycurtis,k = 7; vector=counts k=7 distance=braycurtis,fish_mito,2,4.00,0.09,0.0327,2019-04-15 08:00,reported,"AFproject results page https://afproject.org/app/benchmark/genome/std/assembled/fish_mito/results/ (data request /app/benchmark/genome/results/ajax/table1/?dataset_id=3), accessed 2026-10-03; raw answer baselines/published/afproject_raw/table1_3.json (SHA-256 4d9f3b4a4b2f63b03b5208c9d02fc7c896b94663e4e4536d8fee931968f809ad)"
alfpy--canberra,k = 7; vector=freqs k=7 distance=canberra,fish_mito,2,4.00,0.09,0.0327,2019-04-15 08:00,reported,"AFproject results page https://afproject.org/app/benchmark/genome/std/assembled/fish_mito/results/ (data request /app/benchmark/genome/results/ajax/table1/?dataset_id=3), accessed 2026-10-03; raw answer baselines/published/afproject_raw/table1_3.json (SHA-256 4d9f3b4a4b2f63b03b5208c9d02fc7c896b94663e4e4536d8fee931968f809ad)"
alfpy--google,k = 8; vector=freqs k=8 distance=google,fish_mito,2,4.00,0.09,0.0327,2019-04-15 08:00,reported,"AFproject results page https://afproject.org/app/benchmark/genome/std/assembled/fish_mito/results/ (data request /app/benchmark/genome/results/ajax/table1/?dataset_id=3), accessed 2026-10-03; raw answer baselines/published/afproject_raw/table1_3.json (SHA-256 4d9f3b4a4b2f63b03b5208c9d02fc7c896b94663e4e4536d8fee931968f809ad)"
alfpy--jsd,k = 7; vector=freqs k=7 distance=jsd,fish_mito,2,4.00,0.09,0.0327,2019-04-15 08:00,reported,"AFproject results page https://afproject.org/app/benchmark/genome/std/assembled/fish_mito/results/ (data request /app/benchmark/genome/results/ajax/table1/?dataset_id=3), accessed 2026-10-03; raw answer baselines/published/afproject_raw/table1_3.json (SHA-256 4d9f3b4a4b2f63b03b5208c9d02fc7c896b94663e4e4536d8fee931968f809ad)"
alfpy--kld,k = 9; vector=freqs k=9 distance=kld,fish_mito,2,4.00,0.09,0.0327,2019-04-15 08:00,reported,"AFproject results page https://afproject.org/app/benchmark/genome/std/assembled/fish_mito/results/ (data request /app/benchmark/genome/results/ajax/table1/?dataset_id=3), accessed 2026-10-03; raw answer baselines/published/afproject_raw/table1_3.json (SHA-256 4d9f3b4a4b2f63b03b5208c9d02fc7c896b94663e4e4536d8fee931968f809ad)"
alfpy--lcc,k = 8; vector=freqs k=8 distance=lcc,fish_mito,2,4.00,0.09,0.0346,2019-04-15 08:00,reported,"AFproject results page https://afproject.org/app/benchmark/genome/std/assembled/fish_mito/results/ (data request /app/benchmark/genome/results/ajax/table1/?dataset_id=3), accessed 2026-10-03; raw answer baselines/published/afproject_raw/table1_3.json (SHA-256 4d9f3b4a4b2f63b03b5208c9d02fc7c896b94663e4e4536d8fee931968f809ad)"
alfpy--manhattan,k = 7; vector=counts k=7 distance=manhattan,fish_mito,2,4.00,0.09,0.0327,2019-04-15 08:00,reported,"AFproject results page https://afproject.org/app/benchmark/genome/std/assembled/fish_mito/results/ (data request /app/benchmark/genome/results/ajax/table1/?dataset_id=3), accessed 2026-10-03; raw answer baselines/published/afproject_raw/table1_3.json (SHA-256 4d9f3b4a4b2f63b03b5208c9d02fc7c896b94663e4e4536d8fee931968f809ad)"
ALFRED-G,k=1 x=6,fish_mito,2,4.00,0.09,0.0327,2019-04-15 08:00,reported,"AFproject results page https://afproject.org/app/benchmark/genome/std/assembled/fish_mito/results/ (data request /app/benchmark/genome/results/ajax/table1/?dataset_id=3), accessed 2026-10-03; raw answer baselines/published/afproject_raw/table1_3.json (SHA-256 4d9f3b4a4b2f63b03b5208c9d02fc7c896b94663e4e4536d8fee931968f809ad)"
"ASW(1,10,EUC)",19,fish_mito,2,4.00,0.09,0.0065,2019-11-13 15:47,reported,"AFproject results page https://afproject.org/app/benchmark/genome/std/assembled/fish_mito/results/ (data request /app/benchmark/genome/results/ajax/table1/?dataset_id=3), accessed 2026-10-03; raw answer baselines/published/afproject_raw/table1_3.json (SHA-256 4d9f3b4a4b2f63b03b5208c9d02fc7c896b94663e4e4536d8fee931968f809ad)"
cafe--cvtree,k = 9,fish_mito,2,4.00,0.09,0.0365,2019-04-15 08:00,reported,"AFproject results page https://afproject.org/app/benchmark/genome/std/assembled/fish_mito/results/ (data request /app/benchmark/genome/results/ajax/table1/?dataset_id=3), accessed 2026-10-03; raw answer baselines/published/afproject_raw/table1_3.json (SHA-256 4d9f3b4a4b2f63b03b5208c9d02fc7c896b94663e4e4536d8fee931968f809ad)"
cafe--d2star,k = 7; Markovian order: 1,fish_mito,2,4.00,0.09,0.0327,2019-04-15 08:00,reported,"AFproject results page https://afproject.org/app/benchmark/genome/std/assembled/fish_mito/results/ (data request /app/benchmark/genome/results/ajax/table1/?dataset_id=3), accessed 2026-10-03; raw answer baselines/published/afproject_raw/table1_3.json (SHA-256 4d9f3b4a4b2f63b03b5208c9d02fc7c896b94663e4e4536d8fee931968f809ad)"
CD-MAWS,-k 2 -K 30 -r 0,fish_mito,2,4.00,0.09,0.0327,2023-12-01 15:37,reported,"AFproject results page https://afproject.org/app/benchmark/genome/std/assembled/fish_mito/results/ (data request /app/benchmark/genome/results/ajax/table1/?dataset_id=3), accessed 2026-10-03; raw answer baselines/published/afproject_raw/table1_3.json (SHA-256 4d9f3b4a4b2f63b03b5208c9d02fc7c896b94663e4e4536d8fee931968f809ad)"
co-phylog,HALFCTX = 5,fish_mito,2,4.00,0.09,0.0327,2019-04-15 08:00,reported,"AFproject results page https://afproject.org/app/benchmark/genome/std/assembled/fish_mito/results/ (data request /app/benchmark/genome/results/ajax/table1/?dataset_id=3), accessed 2026-10-03; raw answer baselines/published/afproject_raw/table1_3.json (SHA-256 4d9f3b4a4b2f63b03b5208c9d02fc7c896b94663e4e4536d8fee931968f809ad)"
EP-sim,-d D2S -l 7 -p 07 -b 1,fish_mito,2,4.00,0.09,0.0327,2019-04-15 08:00,reported,"AFproject results page https://afproject.org/app/benchmark/genome/std/assembled/fish_mito/results/ (data request /app/benchmark/genome/results/ajax/table1/?dataset_id=3), accessed 2026-10-03; raw answer baselines/published/afproject_raw/table1_3.json (SHA-256 4d9f3b4a4b2f63b03b5208c9d02fc7c896b94663e4e4536d8fee931968f809ad)"
FFP,k = 8; FFP_bin -u -s 8  -n [individual input] [individual FFP output]: Repeat for different input files; JSD_matrix_bin -s  -t 4 [individual FFP outputs*] > [output.phy],fish_mito,2,4.00,0.09,0.0327,2019-04-15 08:00,reported,"AFproject results page https://afproject.org/app/benchmark/genome/std/assembled/fish_mito/results/ (data request /app/benchmark/genome/results/ajax/table1/?dataset_id=3), accessed 2026-10-03; raw answer baselines/published/afproject_raw/table1_3.json (SHA-256 4d9f3b4a4b2f63b03b5208c9d02fc7c896b94663e4e4536d8fee931968f809ad)"
kr,default; excluded ambiguous nucleotides,fish_mito,2,4.00,0.09,0.0035,2019-04-15 08:00,reported,"AFproject results page https://afproject.org/app/benchmark/genome/std/assembled/fish_mito/results/ (data request /app/benchmark/genome/results/ajax/table1/?dataset_id=3), accessed 2026-10-03; raw answer baselines/published/afproject_raw/table1_3.json (SHA-256 4d9f3b4a4b2f63b03b5208c9d02fc7c896b94663e4e4536d8fee931968f809ad)"
kSNP3,k = 11,fish_mito,2,4.00,0.09,0.0327,2019-04-15 08:00,reported,"AFproject results page https://afproject.org/app/benchmark/genome/std/assembled/fish_mito/results/ (data request /app/benchmark/genome/results/ajax/table1/?dataset_id=3), accessed 2026-10-03; raw answer baselines/published/afproject_raw/table1_3.json (SHA-256 4d9f3b4a4b2f63b03b5208c9d02fc7c896b94663e4e4536d8fee931968f809ad)"
r_sm,"k=19, theta = 0.1",fish_mito,2,4.00,0.09,0.0327,2026-01-19 01:48,reported,"AFproject results page https://afproject.org/app/benchmark/genome/std/assembled/fish_mito/results/ (data request /app/benchmark/genome/results/ajax/table1/?dataset_id=3), accessed 2026-10-03; raw answer baselines/published/afproject_raw/table1_3.json (SHA-256 4d9f3b4a4b2f63b03b5208c9d02fc7c896b94663e4e4536d8fee931968f809ad)"
RY-SlopeSearch (RY 4-6),"parameters:;   using_one_to_one_matching: true;   using_background_matches: false;   use_openmp: true; sampling_method: ""start_ry_4_6_matches""",fish_mito,2,4.00,0.09,0.0327,2026-03-02 04:07,reported,"AFproject results page https://afproject.org/app/benchmark/genome/std/assembled/fish_mito/results/ (data request /app/benchmark/genome/results/ajax/table1/?dataset_id=3), accessed 2026-10-03; raw answer baselines/published/afproject_raw/table1_3.json (SHA-256 4d9f3b4a4b2f63b03b5208c9d02fc7c896b94663e4e4536d8fee931968f809ad)"
Skmer,k-mer = 21 sketch size = 10000000,fish_mito,2,4.00,0.09,0.0327,2019-05-01 10:37,reported,"AFproject results page https://afproject.org/app/benchmark/genome/std/assembled/fish_mito/results/ (data request /app/benchmark/genome/results/ajax/table1/?dataset_id=3), accessed 2026-10-03; raw answer baselines/published/afproject_raw/table1_3.json (SHA-256 4d9f3b4a4b2f63b03b5208c9d02fc7c896b94663e4e4536d8fee931968f809ad)"
TreeWave,K-mer size = 9,fish_mito,2,4.00,0.09,0.0327,2024-11-29 10:03,reported,"AFproject results page https://afproject.org/app/benchmark/genome/std/assembled/fish_mito/results/ (data request /app/benchmark/genome/results/ajax/table1/?dataset_id=3), accessed 2026-10-03; raw answer baselines/published/afproject_raw/table1_3.json (SHA-256 4d9f3b4a4b2f63b03b5208c9d02fc7c896b94663e4e4536d8fee931968f809ad)"
AFM_VDFOpt,"k=7, Cosine Similarity, Single Linkage",fish_mito,3,6.00,0.14,0.0656,2025-03-23 18:52,reported,"AFproject results page https://afproject.org/app/benchmark/genome/std/assembled/fish_mito/results/ (data request /app/benchmark/genome/results/ajax/table1/?dataset_id=3), accessed 2026-10-03; raw answer baselines/published/afproject_raw/table1_3.json (SHA-256 4d9f3b4a4b2f63b03b5208c9d02fc7c896b94663e4e4536d8fee931968f809ad)"
"ASW(1,8,COS)",15,fish_mito,3,6.00,0.14,0.0656,2019-11-13 15:44,reported,"AFproject results page https://afproject.org/app/benchmark/genome/std/assembled/fish_mito/results/ (data request /app/benchmark/genome/results/ajax/table1/?dataset_id=3), accessed 2026-10-03; raw answer baselines/published/afproject_raw/table1_3.json (SHA-256 4d9f3b4a4b2f63b03b5208c9d02fc7c896b94663e4e4536d8fee931968f809ad)"
"ASW(1,8,EUC)",15,fish_mito,3,6.00,0.14,0.0656,2019-11-13 15:45,reported,"AFproject results page https://afproject.org/app/benchmark/genome/std/assembled/fish_mito/results/ (data request /app/benchmark/genome/results/ajax/table1/?dataset_id=3), accessed 2026-10-03; raw answer baselines/published/afproject_raw/table1_3.json (SHA-256 4d9f3b4a4b2f63b03b5208c9d02fc7c896b94663e4e4536d8fee931968f809ad)"
jD2Stat--D2St,k-mer 7; java -jar -Xmx55g jD2Stat_1.0.jar -i assembled_fish_mito -o assembled_fish_mito.jD2Stat_1.0.jar.7.phy -a dna -t 16 -k 7 -d D2St -n 0,fish_mito,3,6.00,0.14,0.0656,2019-04-15 08:00,reported,"AFproject results page https://afproject.org/app/benchmark/genome/std/assembled/fish_mito/results/ (data request /app/benchmark/genome/results/ajax/table1/?dataset_id=3), accessed 2026-10-03; raw answer baselines/published/afproject_raw/table1_3.json (SHA-256 4d9f3b4a4b2f63b03b5208c9d02fc7c896b94663e4e4536d8fee931968f809ad)"
phylonium,default,fish_mito,3,6.00,0.14,0.0656,2019-04-15 08:00,reported,"AFproject results page https://afproject.org/app/benchmark/genome/std/assembled/fish_mito/results/ (data request /app/benchmark/genome/results/ajax/table1/?dataset_id=3), accessed 2026-10-03; raw answer baselines/published/afproject_raw/table1_3.json (SHA-256 4d9f3b4a4b2f63b03b5208c9d02fc7c896b94663e4e4536d8fee931968f809ad)"
UnderlyingApproach,MinLength = 2,fish_mito,3,6.00,0.14,0.0364,2019-04-15 08:00,reported,"AFproject results page https://afproject.org/app/benchmark/genome/std/assembled/fish_mito/results/ (data request /app/benchmark/genome/results/ajax/table1/?dataset_id=3), accessed 2026-10-03; raw answer baselines/published/afproject_raw/table1_3.json (SHA-256 4d9f3b4a4b2f63b03b5208c9d02fc7c896b94663e4e4536d8fee931968f809ad)"
andi,p = 0.01; m = JC,fish_mito,4,8.00,0.18,0.0297,2019-04-15 08:00,reported,"AFproject results page https://afproject.org/app/benchmark/genome/std/assembled/fish_mito/results/ (data request /app/benchmark/genome/results/ajax/table1/?dataset_id=3), accessed 2026-10-03; raw answer baselines/published/afproject_raw/table1_3.json (SHA-256 4d9f3b4a4b2f63b03b5208c9d02fc7c896b94663e4e4536d8fee931968f809ad)"
jD2Stat--D2n,k = 10; java -jar -Xmx55g jD2Stat_1.0.jar -i assembled_fish_mito -o assembled_fish_mito.jD2Stat_1.0.jar.17.phy -a dna -t 16 -k 10 -d d2n -n 1,fish_mito,4,8.00,0.18,0.1042,2019-04-15 08:00,reported,"AFproject results page https://afproject.org/app/benchmark/genome/std/assembled/fish_mito/results/ (data request /app/benchmark/genome/results/ajax/table1/?dataset_id=3), accessed 2026-10-03; raw answer baselines/published/afproject_raw/table1_3.json (SHA-256 4d9f3b4a4b2f63b03b5208c9d02fc7c896b94663e4e4536d8fee931968f809ad)"
Multi-SpaM,default,fish_mito,4,8.00,0.18,0.0719,2019-04-15 08:00,reported,"AFproject results page https://afproject.org/app/benchmark/genome/std/assembled/fish_mito/results/ (data request /app/benchmark/genome/results/ajax/table1/?dataset_id=3), accessed 2026-10-03; raw answer baselines/published/afproject_raw/table1_3.json (SHA-256 4d9f3b4a4b2f63b03b5208c9d02fc7c896b94663e4e4536d8fee931968f809ad)"
RY-SlopeSearch (RY wordset),"parameters:;   using_one_to_one_matching: true;   using_background_matches: false;   use_openmp: true; ; sampling_method: ""start_ry_matches""",fish_mito,4,8.00,0.18,0.0424,2026-03-02 04:03,reported,"AFproject results page https://afproject.org/app/benchmark/genome/std/assembled/fish_mito/results/ (data request /app/benchmark/genome/results/ajax/table1/?dataset_id=3), accessed 2026-10-03; raw answer baselines/published/afproject_raw/table1_3.json (SHA-256 4d9f3b4a4b2f63b03b5208c9d02fc7c896b94663e4e4536d8fee931968f809ad)"
"ASW(1,11,COS)",21,fish_mito,5,10.00,0.23,0.1393,2019-11-13 15:48,reported,"AFproject results page https://afproject.org/app/benchmark/genome/std/assembled/fish_mito/results/ (data request /app/benchmark/genome/results/ajax/table1/?dataset_id=3), accessed 2026-10-03; raw answer baselines/published/afproject_raw/table1_3.json (SHA-256 4d9f3b4a4b2f63b03b5208c9d02fc7c896b94663e4e4536d8fee931968f809ad)"
"ASW(1,11,EUC)",21,fish_mito,5,10.00,0.23,0.0928,2019-11-13 15:48,reported,"AFproject results page https://afproject.org/app/benchmark/genome/std/assembled/fish_mito/results/ (data request /app/benchmark/genome/results/ajax/table1/?dataset_id=3), accessed 2026-10-03; raw answer baselines/published/afproject_raw/table1_3.json (SHA-256 4d9f3b4a4b2f63b03b5208c9d02fc7c896b94663e4e4536d8fee931968f809ad)"
RY-SlopeSearch-v1.0.0-RY 4-9,"parameters:;   using_one_to_one_matching: true;   using_background_matches: false;   use_openmp: true; sampling_method: ""start_ry_4_9_matches""",fish_mito,6,12.00,0.27,0.0974,2026-03-02 04:38,reported,"AFproject results page https://afproject.org/app/benchmark/genome/std/assembled/fish_mito/results/ (data request /app/benchmark/genome/results/ajax/table1/?dataset_id=3), accessed 2026-10-03; raw answer baselines/published/afproject_raw/table1_3.json (SHA-256 4d9f3b4a4b2f63b03b5208c9d02fc7c896b94663e4e4536d8fee931968f809ad)"
AFM_BTkNG_,Top-4 13-gram,fish_mito,7,14.00,0.32,0.2547,2020-06-13 10:49,reported,"AFproject results page https://afproject.org/app/benchmark/genome/std/assembled/fish_mito/results/ (data request /app/benchmark/genome/results/ajax/table1/?dataset_id=3), accessed 2026-10-03; raw answer baselines/published/afproject_raw/table1_3.json (SHA-256 4d9f3b4a4b2f63b03b5208c9d02fc7c896b94663e4e4536d8fee931968f809ad)"
"ASW(1,12,EUC)",23,fish_mito,7,14.00,0.32,0.1239,2019-11-14 12:45,reported,"AFproject results page https://afproject.org/app/benchmark/genome/std/assembled/fish_mito/results/ (data request /app/benchmark/genome/results/ajax/table1/?dataset_id=3), accessed 2026-10-03; raw answer baselines/published/afproject_raw/table1_3.json (SHA-256 4d9f3b4a4b2f63b03b5208c9d02fc7c896b94663e4e4536d8fee931968f809ad)"
RY-SlopeSearch-v1.0.0-RY 4-6,"parameters:;   using_one_to_one_matching: true;   using_background_matches: false;   use_openmp: true; sampling_method: ""start_ry_4_6_matches""",fish_mito,7,14.00,0.32,0.0760,2026-03-02 04:35,reported,"AFproject results page https://afproject.org/app/benchmark/genome/std/assembled/fish_mito/results/ (data request /app/benchmark/genome/results/ajax/table1/?dataset_id=3), accessed 2026-10-03; raw answer baselines/published/afproject_raw/table1_3.json (SHA-256 4d9f3b4a4b2f63b03b5208c9d02fc7c896b94663e4e4536d8fee931968f809ad)"
"ASW(1,12,COS)",23,fish_mito,8,16.00,0.36,0.1336,2019-11-14 12:45,reported,"AFproject results page https://afproject.org/app/benchmark/genome/std/assembled/fish_mito/results/ (data request /app/benchmark/genome/results/ajax/table1/?dataset_id=3), accessed 2026-10-03; raw answer baselines/published/afproject_raw/table1_3.json (SHA-256 4d9f3b4a4b2f63b03b5208c9d02fc7c896b94663e4e4536d8fee931968f809ad)"
RY-SlopeSearch-v1.0.0-RY,"parameters:;   using_one_to_one_matching: true;   using_background_matches: false;   use_openmp: true; sampling_method: ""start_ry_matches""",fish_mito,8,16.00,0.36,0.1102,2026-03-02 04:32,reported,"AFproject results page https://afproject.org/app/benchmark/genome/std/assembled/fish_mito/results/ (data request /app/benchmark/genome/results/ajax/table1/?dataset_id=3), accessed 2026-10-03; raw answer baselines/published/afproject_raw/table1_3.json (SHA-256 4d9f3b4a4b2f63b03b5208c9d02fc7c896b94663e4e4536d8fee931968f809ad)"
"ASW(1,6,EUC)",11,fish_mito,9,18.00,0.41,0.2313,2019-11-13 15:41,reported,"AFproject results page https://afproject.org/app/benchmark/genome/std/assembled/fish_mito/results/ (data request /app/benchmark/genome/results/ajax/table1/?dataset_id=3), accessed 2026-10-03; raw answer baselines/published/afproject_raw/table1_3.json (SHA-256 4d9f3b4a4b2f63b03b5208c9d02fc7c896b94663e4e4536d8fee931968f809ad)"
"ASW(1,7,COS)",13,fish_mito,9,18.00,0.41,0.1634,2019-11-13 15:42,reported,"AFproject results page https://afproject.org/app/benchmark/genome/std/assembled/fish_mito/results/ (data request /app/benchmark/genome/results/ajax/table1/?dataset_id=3), accessed 2026-10-03; raw answer baselines/published/afproject_raw/table1_3.json (SHA-256 4d9f3b4a4b2f63b03b5208c9d02fc7c896b94663e4e4536d8fee931968f809ad)"
"ASW(1,7,EUC)",13,fish_mito,9,18.00,0.41,0.1634,2019-11-13 15:42,reported,"AFproject results page https://afproject.org/app/benchmark/genome/std/assembled/fish_mito/results/ (data request /app/benchmark/genome/results/ajax/table1/?dataset_id=3), accessed 2026-10-03; raw answer baselines/published/afproject_raw/table1_3.json (SHA-256 4d9f3b4a4b2f63b03b5208c9d02fc7c896b94663e4e4536d8fee931968f809ad)"
Slope-SpaM,Binary pattern,fish_mito,10,20.00,0.45,0.3184,2019-04-15 08:00,reported,"AFproject results page https://afproject.org/app/benchmark/genome/std/assembled/fish_mito/results/ (data request /app/benchmark/genome/results/ajax/table1/?dataset_id=3), accessed 2026-10-03; raw answer baselines/published/afproject_raw/table1_3.json (SHA-256 4d9f3b4a4b2f63b03b5208c9d02fc7c896b94663e4e4536d8fee931968f809ad)"
"ASW(1,6,COS)",11,fish_mito,11,20.00,0.46,0.2330,2019-11-13 15:40,reported,"AFproject results page https://afproject.org/app/benchmark/genome/std/assembled/fish_mito/results/ (data request /app/benchmark/genome/results/ajax/table1/?dataset_id=3), accessed 2026-10-03; raw answer baselines/published/afproject_raw/table1_3.json (SHA-256 4d9f3b4a4b2f63b03b5208c9d02fc7c896b94663e4e4536d8fee931968f809ad)"
SVD-FCGR Method,"k-mer size=4, FCGR,SVD",fish_mito,12,22.00,0.50,0.1873,2024-11-07 06:41,reported,"AFproject results page https://afproject.org/app/benchmark/genome/std/assembled/fish_mito/results/ (data request /app/benchmark/genome/results/ajax/table1/?dataset_id=3), accessed 2026-10-03; raw answer baselines/published/afproject_raw/table1_3.json (SHA-256 4d9f3b4a4b2f63b03b5208c9d02fc7c896b94663e4e4536d8fee931968f809ad)"
RY-SlopeSearch-v1.0.0-RY 16-11,"parameters:;   using_one_to_one_matching: true;   using_background_matches: false;   use_openmp: true; sampling_method: ""start_ry_16_matches""",fish_mito,13,24.00,0.55,0.2563,2026-03-02 04:41,reported,"AFproject results page https://afproject.org/app/benchmark/genome/std/assembled/fish_mito/results/ (data request /app/benchmark/genome/results/ajax/table1/?dataset_id=3), accessed 2026-10-03; raw answer baselines/published/afproject_raw/table1_3.json (SHA-256 4d9f3b4a4b2f63b03b5208c9d02fc7c896b94663e4e4536d8fee931968f809ad)"
RY-SlopeSearch-v1.0.0-RY 32-12,"parameters:;   using_one_to_one_matching: true;   using_background_matches: false;   use_openmp: true; sampling_method: ""start_ry_32_matches""",fish_mito,14,26.00,0.59,0.3440,2026-03-02 04:43,reported,"AFproject results page https://afproject.org/app/benchmark/genome/std/assembled/fish_mito/results/ (data request /app/benchmark/genome/results/ajax/table1/?dataset_id=3), accessed 2026-10-03; raw answer baselines/published/afproject_raw/table1_3.json (SHA-256 4d9f3b4a4b2f63b03b5208c9d02fc7c896b94663e4e4536d8fee931968f809ad)"
alfpy--chebyshev,k = 9; vector=freqs k=9 distance=chebyshev,fish_mito,15,28.00,0.64,0.3847,2019-04-15 08:00,reported,"AFproject results page https://afproject.org/app/benchmark/genome/std/assembled/fish_mito/results/ (data request /app/benchmark/genome/results/ajax/table1/?dataset_id=3), accessed 2026-10-03; raw answer baselines/published/afproject_raw/table1_3.json (SHA-256 4d9f3b4a4b2f63b03b5208c9d02fc7c896b94663e4e4536d8fee931968f809ad)"
"ASW(1,5,COS)",9,fish_mito,15,28.00,0.64,0.3751,2019-11-13 15:39,reported,"AFproject results page https://afproject.org/app/benchmark/genome/std/assembled/fish_mito/results/ (data request /app/benchmark/genome/results/ajax/table1/?dataset_id=3), accessed 2026-10-03; raw answer baselines/published/afproject_raw/table1_3.json (SHA-256 4d9f3b4a4b2f63b03b5208c9d02fc7c896b94663e4e4536d8fee931968f809ad)"
"ASW(1,5,EUC)",9,fish_mito,15,28.00,0.64,0.3713,2019-11-13 15:40,reported,"AFproject results page https://afproject.org/app/benchmark/genome/std/assembled/fish_mito/results/ (data request /app/benchmark/genome/results/ajax/table1/?dataset_id=3), accessed 2026-10-03; raw answer baselines/published/afproject_raw/table1_3.json (SHA-256 4d9f3b4a4b2f63b03b5208c9d02fc7c896b94663e4e4536d8fee931968f809ad)"
lzw-kernel,default; similarity values converted to distances,fish_mito,15,28.00,0.64,0.3692,2019-04-15 08:00,reported,"AFproject results page https://afproject.org/app/benchmark/genome/std/assembled/fish_mito/results/ (data request /app/benchmark/genome/results/ajax/table1/?dataset_id=3), accessed 2026-10-03; raw answer baselines/published/afproject_raw/table1_3.json (SHA-256 4d9f3b4a4b2f63b03b5208c9d02fc7c896b94663e4e4536d8fee931968f809ad)"
PPN,"Parameter values l=4, t=1",fish_mito,15,28.00,0.64,0.2602,2023-06-13 09:22,reported,"AFproject results page https://afproject.org/app/benchmark/genome/std/assembled/fish_mito/results/ (data request /app/benchmark/genome/results/ajax/table1/?dataset_id=3), accessed 2026-10-03; raw answer baselines/published/afproject_raw/table1_3.json (SHA-256 4d9f3b4a4b2f63b03b5208c9d02fc7c896b94663e4e4536d8fee931968f809ad)"
"ASW(1,4,EUC)",7,fish_mito,16,32.00,0.73,0.3441,2019-11-13 15:39,reported,"AFproject results page https://afproject.org/app/benchmark/genome/std/assembled/fish_mito/results/ (data request /app/benchmark/genome/results/ajax/table1/?dataset_id=3), accessed 2026-10-03; raw answer baselines/published/afproject_raw/table1_3.json (SHA-256 4d9f3b4a4b2f63b03b5208c9d02fc7c896b94663e4e4536d8fee931968f809ad)"
"ASW(1,4,COS)",7,fish_mito,17,34.00,0.77,0.4654,2019-11-13 15:38,reported,"AFproject results page https://afproject.org/app/benchmark/genome/std/assembled/fish_mito/results/ (data request /app/benchmark/genome/results/ajax/table1/?dataset_id=3), accessed 2026-10-03; raw answer baselines/published/afproject_raw/table1_3.json (SHA-256 4d9f3b4a4b2f63b03b5208c9d02fc7c896b94663e4e4536d8fee931968f809ad)"
AFKS--emd,k = 5,fish_mito,18,36.00,0.82,0.5773,2019-04-15 08:00,reported,"AFproject results page https://afproject.org/app/benchmark/genome/std/assembled/fish_mito/results/ (data request /app/benchmark/genome/results/ajax/table1/?dataset_id=3), accessed 2026-10-03; raw answer baselines/published/afproject_raw/table1_3.json (SHA-256 4d9f3b4a4b2f63b03b5208c9d02fc7c896b94663e4e4536d8fee931968f809ad)"
rtf,7,fish_mito,18,36.00,0.82,0.3689,2020-07-16 19:02,reported,"AFproject results page https://afproject.org/app/benchmark/genome/std/assembled/fish_mito/results/ (data request /app/benchmark/genome/results/ajax/table1/?dataset_id=3), accessed 2026-10-03; raw answer baselines/published/afproject_raw/table1_3.json (SHA-256 4d9f3b4a4b2f63b03b5208c9d02fc7c896b94663e4e4536d8fee931968f809ad)"
RY-SlopeSearch-v1.0.0-RY 128,"parameters:;   using_one_to_one_matching: true;   using_background_matches: false;   use_openmp: true; sampling_method: ""start_ry_128_matches""",fish_mito,18,36.00,0.82,0.6123,2026-03-02 04:48,reported,"AFproject results page https://afproject.org/app/benchmark/genome/std/assembled/fish_mito/results/ (data request /app/benchmark/genome/results/ajax/table1/?dataset_id=3), accessed 2026-10-03; raw answer baselines/published/afproject_raw/table1_3.json (SHA-256 4d9f3b4a4b2f63b03b5208c9d02fc7c896b94663e4e4536d8fee931968f809ad)"
lzw-ncd,default,fish_mito,19,38.00,0.86,0.4644,2019-04-15 08:00,reported,"AFproject results page https://afproject.org/app/benchmark/genome/std/assembled/fish_mito/results/ (data request /app/benchmark/genome/results/ajax/table1/?dataset_id=3), accessed 2026-10-03; raw answer baselines/published/afproject_raw/table1_3.json (SHA-256 4d9f3b4a4b2f63b03b5208c9d02fc7c896b94663e4e4536d8fee931968f809ad)"
RY-SlopeSearch-v1.0.0-RY 64-13,"parameters:;   using_one_to_one_matching: true;   using_background_matches: false;   use_openmp: true; sampling_method: ""start_ry_64_matches""",fish_mito,19,38.00,0.86,0.4966,2026-03-02 04:46,reported,"AFproject results page https://afproject.org/app/benchmark/genome/std/assembled/fish_mito/results/ (data request /app/benchmark/genome/results/ajax/table1/?dataset_id=3), accessed 2026-10-03; raw answer baselines/published/afproject_raw/table1_3.json (SHA-256 4d9f3b4a4b2f63b03b5208c9d02fc7c896b94663e4e4536d8fee931968f809ad)"
"ASW(1,3,COS)",５,fish_mito,20,40.00,0.91,0.5080,2019-11-13 15:37,reported,"AFproject results page https://afproject.org/app/benchmark/genome/std/assembled/fish_mito/results/ (data request /app/benchmark/genome/results/ajax/table1/?dataset_id=3), accessed 2026-10-03; raw answer baselines/published/afproject_raw/table1_3.json (SHA-256 4d9f3b4a4b2f63b03b5208c9d02fc7c896b94663e4e4536d8fee931968f809ad)"
"ASW(1,3,EUC)",5,fish_mito,21,42.00,0.96,0.4911,2019-11-13 15:38,reported,"AFproject results page https://afproject.org/app/benchmark/genome/std/assembled/fish_mito/results/ (data request /app/benchmark/genome/results/ajax/table1/?dataset_id=3), accessed 2026-10-03; raw answer baselines/published/afproject_raw/table1_3.json (SHA-256 4d9f3b4a4b2f63b03b5208c9d02fc7c896b94663e4e4536d8fee931968f809ad)"
AFKS--length_difference,k = 5,fish_mito,22,44.00,1.00,0.5943,2019-04-15 08:00,reported,"AFproject results page https://afproject.org/app/benchmark/genome/std/assembled/fish_mito/results/ (data request /app/benchmark/genome/results/ajax/table1/?dataset_id=3), accessed 2026-10-03; raw answer baselines/published/afproject_raw/table1_3.json (SHA-256 4d9f3b4a4b2f63b03b5208c9d02fc7c896b94663e4e4536d8fee931968f809ad)"
8/10_DNA_TWS,Template size 8 or 10,ecoli_shigella_hgt,1,4.00,0.08,0.0040,2022-04-28 20:20,reported,"AFproject results page https://afproject.org/app/benchmark/genome/hgt/unsimulated/ecoli_shigella/results/ (data request /app/benchmark/genome/results/ajax/table1/?dataset_id=6), accessed 2026-10-03; raw answer baselines/published/afproject_raw/table1_6.json (SHA-256 c23cb49497df3275c8071d3286dac73a33c01f616b45f3819776f0e77ff93408)"
andi,default; p = 0.025; m = JC,ecoli_shigella_hgt,1,4.00,0.08,0.0040,2019-04-15 08:00,reported,"AFproject results page https://afproject.org/app/benchmark/genome/hgt/unsimulated/ecoli_shigella/results/ (data request /app/benchmark/genome/results/ajax/table1/?dataset_id=6), accessed 2026-10-03; raw answer baselines/published/afproject_raw/table1_6.json (SHA-256 c23cb49497df3275c8071d3286dac73a33c01f616b45f3819776f0e77ff93408)"
co-phylog,default,ecoli_shigella_hgt,1,4.00,0.08,0.0040,2019-04-15 08:00,reported,"AFproject results page https://afproject.org/app/benchmark/genome/hgt/unsimulated/ecoli_shigella/results/ (data request /app/benchmark/genome/results/ajax/table1/?dataset_id=6), accessed 2026-10-03; raw answer baselines/published/afproject_raw/table1_6.json (SHA-256 c23cb49497df3275c8071d3286dac73a33c01f616b45f3819776f0e77ff93408)"
phylonium,default,ecoli_shigella_hgt,1,4.00,0.08,0.0062,2019-04-15 08:00,reported,"AFproject results page https://afproject.org/app/benchmark/genome/hgt/unsimulated/ecoli_shigella/results/ (data request /app/benchmark/genome/results/ajax/table1/?dataset_id=6), accessed 2026-10-03; raw answer baselines/published/afproject_raw/table1_6.json (SHA-256 c23cb49497df3275c8071d3286dac73a33c01f616b45f3819776f0e77ff93408)"
mash,k = 16 sketch size = 1000,ecoli_shigella_hgt,2,6.00,0.12,0.0447,2019-04-15 08:00,reported,"AFproject results page https://afproject.org/app/benchmark/genome/hgt/unsimulated/ecoli_shigella/results/ (data request /app/benchmark/genome/results/ajax/table1/?dataset_id=6), accessed 2026-10-03; raw answer baselines/published/afproject_raw/table1_6.json (SHA-256 c23cb49497df3275c8071d3286dac73a33c01f616b45f3819776f0e77ff93408)"
CD-MAWS,-k 16 -K 16 -r 1,ecoli_shigella_hgt,3,8.00,0.17,0.1158,2023-12-01 16:53,reported,"AFproject results page https://afproject.org/app/benchmark/genome/hgt/unsimulated/ecoli_shigella/results/ (data request /app/benchmark/genome/results/ajax/table1/?dataset_id=6), accessed 2026-10-03; raw answer baselines/published/afproject_raw/table1_6.json (SHA-256 c23cb49497df3275c8071d3286dac73a33c01f616b45f3819776f0e77ff93408)"
FSWM/Read-SpaM,./fswm unsimulated-ecoli_shigella.fa,ecoli_shigella_hgt,3,8.00,0.17,0.0190,2019-04-15 08:00,reported,"AFproject results page https://afproject.org/app/benchmark/genome/hgt/unsimulated/ecoli_shigella/results/ (data request /app/benchmark/genome/results/ajax/table1/?dataset_id=6), accessed 2026-10-03; raw answer baselines/published/afproject_raw/table1_6.json (SHA-256 c23cb49497df3275c8071d3286dac73a33c01f616b45f3819776f0e77ff93408)"
Multi-SpaM,python multi-SpaM.py -i {dataset} -o {dataset}.newick -t {thread_count},ecoli_shigella_hgt,3,8.00,0.17,0.0787,2019-04-15 08:00,reported,"AFproject results page https://afproject.org/app/benchmark/genome/hgt/unsimulated/ecoli_shigella/results/ (data request /app/benchmark/genome/results/ajax/table1/?dataset_id=6), accessed 2026-10-03; raw answer baselines/published/afproject_raw/table1_6.json (SHA-256 c23cb49497df3275c8071d3286dac73a33c01f616b45f3819776f0e77ff93408)"
Skmer,default: k-mer = 31 sketch size = 10000000,ecoli_shigella_hgt,3,8.00,0.17,0.1158,2019-05-12 13:29,reported,"AFproject results page https://afproject.org/app/benchmark/genome/hgt/unsimulated/ecoli_shigella/results/ (data request /app/benchmark/genome/results/ajax/table1/?dataset_id=6), accessed 2026-10-03; raw answer baselines/published/afproject_raw/table1_6.json (SHA-256 c23cb49497df3275c8071d3286dac73a33c01f616b45f3819776f0e77ff93408)"
FFP,k = 15; FFP_bin -u -s 15  -n [individual input] [individual FFP output]: Repeat for different input files; JSD_matrix_bin -s  -t 4 [individual FFP outputs*] > [output.phy],ecoli_shigella_hgt,4,10.00,0.21,0.1317,2019-04-15 08:00,reported,"AFproject results page https://afproject.org/app/benchmark/genome/hgt/unsimulated/ecoli_shigella/results/ (data request /app/benchmark/genome/results/ajax/table1/?dataset_id=6), accessed 2026-10-03; raw answer baselines/published/afproject_raw/table1_6.json (SHA-256 c23cb49497df3275c8071d3286dac73a33c01f616b45f3819776f0e77ff93408)"
kSNP3,k = 11,ecoli_shigella_hgt,4,10.00,0.21,0.1172,2019-04-15 08:00,reported,"AFproject results page https://afproject.org/app/benchmark/genome/hgt/unsimulated/ecoli_shigella/results/ (data request /app/benchmark/genome/results/ajax/table1/?dataset_id=6), accessed 2026-10-03; raw answer baselines/published/afproject_raw/table1_6.json (SHA-256 c23cb49497df3275c8071d3286dac73a33c01f616b45f3819776f0e77ff93408)"
"r_sm, k =16, theta = 0.1","k =16, theta = 0.1",ecoli_shigella_hgt,5,12.00,0.25,0.0679,2026-01-19 02:27,reported,"AFproject results page https://afproject.org/app/benchmark/genome/hgt/unsimulated/ecoli_shigella/results/ (data request /app/benchmark/genome/results/ajax/table1/?dataset_id=6), accessed 2026-10-03; raw answer baselines/published/afproject_raw/table1_6.json (SHA-256 c23cb49497df3275c8071d3286dac73a33c01f616b45f3819776f0e77ff93408)"
"r_strong, k = 16, theta = 0.1","k = 16, theta = 0.1",ecoli_shigella_hgt,5,12.00,0.25,0.0679,2026-01-19 02:28,reported,"AFproject results page https://afproject.org/app/benchmark/genome/hgt/unsimulated/ecoli_shigella/results/ (data request /app/benchmark/genome/results/ajax/table1/?dataset_id=6), accessed 2026-10-03; raw answer baselines/published/afproject_raw/table1_6.json (SHA-256 c23cb49497df3275c8071d3286dac73a33c01f616b45f3819776f0e77ff93408)"
kr,default,ecoli_shigella_hgt,6,14.00,0.29,0.2156,2019-04-15 08:00,reported,"AFproject results page https://afproject.org/app/benchmark/genome/hgt/unsimulated/ecoli_shigella/results/ (data request /app/benchmark/genome/results/ajax/table1/?dataset_id=6), accessed 2026-10-03; raw answer baselines/published/afproject_raw/table1_6.json (SHA-256 c23cb49497df3275c8071d3286dac73a33c01f616b45f3819776f0e77ff93408)"
spaced,./spaced -k 14 -d JS unsimulated-ecoli_shigella.fa,ecoli_shigella_hgt,7,16.00,0.33,0.1744,2019-04-15 08:00,reported,"AFproject results page https://afproject.org/app/benchmark/genome/hgt/unsimulated/ecoli_shigella/results/ (data request /app/benchmark/genome/results/ajax/table1/?dataset_id=6), accessed 2026-10-03; raw answer baselines/published/afproject_raw/table1_6.json (SHA-256 c23cb49497df3275c8071d3286dac73a33c01f616b45f3819776f0e77ff93408)"
AFKS--n2rrc,k = 13,ecoli_shigella_hgt,8,18.00,0.38,0.2181,2019-04-15 08:00,reported,"AFproject results page https://afproject.org/app/benchmark/genome/hgt/unsimulated/ecoli_shigella/results/ (data request /app/benchmark/genome/results/ajax/table1/?dataset_id=6), accessed 2026-10-03; raw answer baselines/published/afproject_raw/table1_6.json (SHA-256 c23cb49497df3275c8071d3286dac73a33c01f616b45f3819776f0e77ff93408)"
RAPDE--JC,"k=16,theta=0.01,JC",ecoli_shigella_hgt,8,18.00,0.38,0.1103,2025-06-20 16:59,reported,"AFproject results page https://afproject.org/app/benchmark/genome/hgt/unsimulated/ecoli_shigella/results/ (data request /app/benchmark/genome/results/ajax/table1/?dataset_id=6), accessed 2026-10-03; raw answer baselines/published/afproject_raw/table1_6.json (SHA-256 c23cb49497df3275c8071d3286dac73a33c01f616b45f3819776f0e77ff93408)"
alfpy--jsd,k = 23; vector=freqs k=23 distance=jsd,ecoli_shigella_hgt,9,20.00,0.42,0.2238,2019-04-15 08:00,reported,"AFproject results page https://afproject.org/app/benchmark/genome/hgt/unsimulated/ecoli_shigella/results/ (data request /app/benchmark/genome/results/ajax/table1/?dataset_id=6), accessed 2026-10-03; raw answer baselines/published/afproject_raw/table1_6.json (SHA-256 c23cb49497df3275c8071d3286dac73a33c01f616b45f3819776f0e77ff93408)"
AFKS--n2rc,k = 12,ecoli_shigella_hgt,10,22.00,0.46,0.2917,2019-04-15 08:00,reported,"AFproject results page https://afproject.org/app/benchmark/genome/hgt/unsimulated/ecoli_shigella/results/ (data request /app/benchmark/genome/results/ajax/table1/?dataset_id=6), accessed 2026-10-03; raw answer baselines/published/afproject_raw/table1_6.json (SHA-256 c23cb49497df3275c8071d3286dac73a33c01f616b45f3819776f0e77ff93408)"
ALFRED-G,k=1 x=3,ecoli_shigella_hgt,10,22.00,0.46,0.2545,2019-04-15 08:00,reported,"AFproject results page https://afproject.org/app/benchmark/genome/hgt/unsimulated/ecoli_shigella/results/ (data request /app/benchmark/genome/results/ajax/table1/?dataset_id=6), accessed 2026-10-03; raw answer baselines/published/afproject_raw/table1_6.json (SHA-256 c23cb49497df3275c8071d3286dac73a33c01f616b45f3819776f0e77ff93408)"
jD2Stat--D2S,k = 22; java -jar -Xmx55g jD2Stat_1.0.jar -i unsimulated-ecoli_shigella.fa -o unsimulated-ecoli_shigella.fa.jD2Stat_1.0.jar.23.phy -a dna -t 16 -k 22 -d D2S -n 0,ecoli_shigella_hgt,10,22.00,0.46,0.2213,2019-04-15 08:00,reported,"AFproject results page https://afproject.org/app/benchmark/genome/hgt/unsimulated/ecoli_shigella/results/ (data request /app/benchmark/genome/results/ajax/table1/?dataset_id=6), accessed 2026-10-03; raw answer baselines/published/afproject_raw/table1_6.json (SHA-256 c23cb49497df3275c8071d3286dac73a33c01f616b45f3819776f0e77ff93408)"
AFKS--canberra,k = 10,ecoli_shigella_hgt,11,24.00,0.50,0.3820,2019-04-15 08:00,reported,"AFproject results page https://afproject.org/app/benchmark/genome/hgt/unsimulated/ecoli_shigella/results/ (data request /app/benchmark/genome/results/ajax/table1/?dataset_id=6), accessed 2026-10-03; raw answer baselines/published/afproject_raw/table1_6.json (SHA-256 c23cb49497df3275c8071d3286dac73a33c01f616b45f3819776f0e77ff93408)"
AFKS--chi_squared,k = 10,ecoli_shigella_hgt,11,24.00,0.50,0.3676,2019-04-15 08:00,reported,"AFproject results page https://afproject.org/app/benchmark/genome/hgt/unsimulated/ecoli_shigella/results/ (data request /app/benchmark/genome/results/ajax/table1/?dataset_id=6), accessed 2026-10-03; raw answer baselines/published/afproject_raw/table1_6.json (SHA-256 c23cb49497df3275c8071d3286dac73a33c01f616b45f3819776f0e77ff93408)"
AFKS--d2s,k = 9,ecoli_shigella_hgt,11,24.00,0.50,0.3676,2019-04-15 08:00,reported,"AFproject results page https://afproject.org/app/benchmark/genome/hgt/unsimulated/ecoli_shigella/results/ (data request /app/benchmark/genome/results/ajax/table1/?dataset_id=6), accessed 2026-10-03; raw answer baselines/published/afproject_raw/table1_6.json (SHA-256 c23cb49497df3275c8071d3286dac73a33c01f616b45f3819776f0e77ff93408)"
AFKS--d2z,k = 9,ecoli_shigella_hgt,11,24.00,0.50,0.3724,2019-04-15 08:00,reported,"AFproject results page https://afproject.org/app/benchmark/genome/hgt/unsimulated/ecoli_shigella/results/ (data request /app/benchmark/genome/results/ajax/table1/?dataset_id=6), accessed 2026-10-03; raw answer baselines/published/afproject_raw/table1_6.json (SHA-256 c23cb49497df3275c8071d3286dac73a33c01f616b45f3819776f0e77ff93408)"
AFKS--euclidean,k = 11,ecoli_shigella_hgt,11,24.00,0.50,0.3824,2019-04-15 08:00,reported,"AFproject results page https://afproject.org/app/benchmark/genome/hgt/unsimulated/ecoli_shigella/results/ (data request /app/benchmark/genome/results/ajax/table1/?dataset_id=6), accessed 2026-10-03; raw answer baselines/published/afproject_raw/table1_6.json (SHA-256 c23cb49497df3275c8071d3286dac73a33c01f616b45f3819776f0e77ff93408)"
AFKS--euclidean_z,k = 9,ecoli_shigella_hgt,11,24.00,0.50,0.3738,2019-04-15 08:00,reported,"AFproject results page https://afproject.org/app/benchmark/genome/hgt/unsimulated/ecoli_shigella/results/ (data request /app/benchmark/genome/results/ajax/table1/?dataset_id=6), accessed 2026-10-03; raw answer baselines/published/afproject_raw/table1_6.json (SHA-256 c23cb49497df3275c8071d3286dac73a33c01f616b45f3819776f0e77ff93408)"
AFKS--harmonic_mean,k = 10,ecoli_shigella_hgt,11,24.00,0.50,0.3676,2019-04-15 08:00,reported,"AFproject results page https://afproject.org/app/benchmark/genome/hgt/unsimulated/ecoli_shigella/results/ (data request /app/benchmark/genome/results/ajax/table1/?dataset_id=6), accessed 2026-10-03; raw answer baselines/published/afproject_raw/table1_6.json (SHA-256 c23cb49497df3275c8071d3286dac73a33c01f616b45f3819776f0e77ff93408)"
AFKS--hellinger,k = 9,ecoli_shigella_hgt,11,24.00,0.50,0.3738,2019-04-15 08:00,reported,"AFproject results page https://afproject.org/app/benchmark/genome/hgt/unsimulated/ecoli_shigella/results/ (data request /app/benchmark/genome/results/ajax/table1/?dataset_id=6), accessed 2026-10-03; raw answer baselines/published/afproject_raw/table1_6.json (SHA-256 c23cb49497df3275c8071d3286dac73a33c01f616b45f3819776f0e77ff93408)"
AFKS--intersection,k = 10,ecoli_shigella_hgt,11,24.00,0.50,0.3788,2019-04-15 08:00,reported,"AFproject results page https://afproject.org/app/benchmark/genome/hgt/unsimulated/ecoli_shigella/results/ (data request /app/benchmark/genome/results/ajax/table1/?dataset_id=6), accessed 2026-10-03; raw answer baselines/published/afproject_raw/table1_6.json (SHA-256 c23cb49497df3275c8071d3286dac73a33c01f616b45f3819776f0e77ff93408)"
AFKS--jaccard,k = 10,ecoli_shigella_hgt,11,24.00,0.50,0.3766,2019-04-15 08:00,reported,"AFproject results page https://afproject.org/app/benchmark/genome/hgt/unsimulated/ecoli_shigella/results/ (data request /app/benchmark/genome/results/ajax/table1/?dataset_id=6), accessed 2026-10-03; raw answer baselines/published/afproject_raw/table1_6.json (SHA-256 c23cb49497df3275c8071d3286dac73a33c01f616b45f3819776f0e77ff93408)"
AFKS--jefferey_divergence,k = 9,ecoli_shigella_hgt,11,24.00,0.50,0.3674,2019-04-15 08:00,reported,"AFproject results page https://afproject.org/app/benchmark/genome/hgt/unsimulated/ecoli_shigella/results/ (data request /app/benchmark/genome/results/ajax/table1/?dataset_id=6), accessed 2026-10-03; raw answer baselines/published/afproject_raw/table1_6.json (SHA-256 c23cb49497df3275c8071d3286dac73a33c01f616b45f3819776f0e77ff93408)"
AFKS--jensen_shannon,k = 9,ecoli_shigella_hgt,11,24.00,0.50,0.3660,2019-04-15 08:00,reported,"AFproject results page https://afproject.org/app/benchmark/genome/hgt/unsimulated/ecoli_shigella/results/ (data request /app/benchmark/genome/results/ajax/table1/?dataset_id=6), accessed 2026-10-03; raw answer baselines/published/afproject_raw/table1_6.json (SHA-256 c23cb49497df3275c8071d3286dac73a33c01f616b45f3819776f0e77ff93408)"
AFKS--k_divergence,k = 12,ecoli_shigella_hgt,11,24.00,0.50,0.3533,2019-04-15 08:00,reported,"AFproject results page https://afproject.org/app/benchmark/genome/hgt/unsimulated/ecoli_shigella/results/ (data request /app/benchmark/genome/results/ajax/table1/?dataset_id=6), accessed 2026-10-03; raw answer baselines/published/afproject_raw/table1_6.json (SHA-256 c23cb49497df3275c8071d3286dac73a33c01f616b45f3819776f0e77ff93408)"
AFKS--kl_conditional,k = 9,ecoli_shigella_hgt,11,24.00,0.50,0.3674,2019-04-15 08:00,reported,"AFproject results page https://afproject.org/app/benchmark/genome/hgt/unsimulated/ecoli_shigella/results/ (data request /app/benchmark/genome/results/ajax/table1/?dataset_id=6), accessed 2026-10-03; raw answer baselines/published/afproject_raw/table1_6.json (SHA-256 c23cb49497df3275c8071d3286dac73a33c01f616b45f3819776f0e77ff93408)"
AFKS--kulczynski1,k = 10,ecoli_shigella_hgt,11,24.00,0.50,0.3270,2019-04-15 08:00,reported,"AFproject results page https://afproject.org/app/benchmark/genome/hgt/unsimulated/ecoli_shigella/results/ (data request /app/benchmark/genome/results/ajax/table1/?dataset_id=6), accessed 2026-10-03; raw answer baselines/published/afproject_raw/table1_6.json (SHA-256 c23cb49497df3275c8071d3286dac73a33c01f616b45f3819776f0e77ff93408)"
AFKS--kulczynski2,k = 10,ecoli_shigella_hgt,11,24.00,0.50,0.3788,2019-04-15 08:00,reported,"AFproject results page https://afproject.org/app/benchmark/genome/hgt/unsimulated/ecoli_shigella/results/ (data request /app/benchmark/genome/results/ajax/table1/?dataset_id=6), accessed 2026-10-03; raw answer baselines/published/afproject_raw/table1_6.json (SHA-256 c23cb49497df3275c8071d3286dac73a33c01f616b45f3819776f0e77ff93408)"
AFKS--manhattan,k = 10,ecoli_shigella_hgt,11,24.00,0.50,0.3341,2019-04-15 08:00,reported,"AFproject results page https://afproject.org/app/benchmark/genome/hgt/unsimulated/ecoli_shigella/results/ (data request /app/benchmark/genome/results/ajax/table1/?dataset_id=6), accessed 2026-10-03; raw answer baselines/published/afproject_raw/table1_6.json (SHA-256 c23cb49497df3275c8071d3286dac73a33c01f616b45f3819776f0e77ff93408)"
AFKS--markov,k = 9,ecoli_shigella_hgt,11,24.00,0.50,0.3674,2019-04-15 08:00,reported,"AFproject results page https://afproject.org/app/benchmark/genome/hgt/unsimulated/ecoli_shigella/results/ (data request /app/benchmark/genome/results/ajax/table1/?dataset_id=6), accessed 2026-10-03; raw answer baselines/published/afproject_raw/table1_6.json (SHA-256 c23cb49497df3275c8071d3286dac73a33c01f616b45f3819776f0e77ff93408)"
AFKS--mismatch,k = 10,ecoli_shigella_hgt,11,24.00,0.50,0.3766,2019-04-15 08:00,reported,"AFproject results page https://afproject.org/app/benchmark/genome/hgt/unsimulated/ecoli_shigella/results/ (data request /app/benchmark/genome/results/ajax/table1/?dataset_id=6), accessed 2026-10-03; raw answer baselines/published/afproject_raw/table1_6.json (SHA-256 c23cb49497df3275c8071d3286dac73a33c01f616b45f3819776f0e77ff93408)"
AFKS--n2r,k = 9,ecoli_shigella_hgt,11,24.00,0.50,0.3724,2019-04-15 08:00,reported,"AFproject results page https://afproject.org/app/benchmark/genome/hgt/unsimulated/ecoli_shigella/results/ (data request /app/benchmark/genome/results/ajax/table1/?dataset_id=6), accessed 2026-10-03; raw answer baselines/published/afproject_raw/table1_6.json (SHA-256 c23cb49497df3275c8071d3286dac73a33c01f616b45f3819776f0e77ff93408)"
AFKS--normalized_vectors,k = 9,ecoli_shigella_hgt,11,24.00,0.50,0.3724,2019-04-15 08:00,reported,"AFproject results page https://afproject.org/app/benchmark/genome/hgt/unsimulated/ecoli_shigella/results/ (data request /app/benchmark/genome/results/ajax/table1/?dataset_id=6), accessed 2026-10-03; raw answer baselines/published/afproject_raw/table1_6.json (SHA-256 c23cb49497df3275c8071d3286dac73a33c01f616b45f3819776f0e77ff93408)"
AFKS--pearson,k = 9,ecoli_shigella_hgt,11,24.00,0.50,0.3724,2019-04-15 08:00,reported,"AFproject results page https://afproject.org/app/benchmark/genome/hgt/unsimulated/ecoli_shigella/results/ (data request /app/benchmark/genome/results/ajax/table1/?dataset_id=6), accessed 2026-10-03; raw answer baselines/published/afproject_raw/table1_6.json (SHA-256 c23cb49497df3275c8071d3286dac73a33c01f616b45f3819776f0e77ff93408)"
AFKS--rre_k_r,k = 10,ecoli_shigella_hgt,11,24.00,0.50,0.3589,2019-04-15 08:00,reported,"AFproject results page https://afproject.org/app/benchmark/genome/hgt/unsimulated/ecoli_shigella/results/ (data request /app/benchmark/genome/results/ajax/table1/?dataset_id=6), accessed 2026-10-03; raw answer baselines/published/afproject_raw/table1_6.json (SHA-256 c23cb49497df3275c8071d3286dac73a33c01f616b45f3819776f0e77ff93408)"
AFKS--sim_mm,k = 11,ecoli_shigella_hgt,11,24.00,0.50,0.3589,2019-04-15 08:00,reported,"AFproject results page https://afproject.org/app/benchmark/genome/hgt/unsimulated/ecoli_shigella/results/ (data request /app/benchmark/genome/results/ajax/table1/?dataset_id=6), accessed 2026-10-03; raw answer baselines/published/afproject_raw/table1_6.json (SHA-256 c23cb49497df3275c8071d3286dac73a33c01f616b45f3819776f0e77ff93408)"
AFKS--simratio,k = 11,ecoli_shigella_hgt,11,24.00,0.50,0.3724,2019-04-15 08:00,reported,"AFproject results page https://afproject.org/app/benchmark/genome/hgt/unsimulated/ecoli_shigella/results/ (data request /app/benchmark/genome/results/ajax/table1/?dataset_id=6), accessed 2026-10-03; raw answer baselines/published/afproject_raw/table1_6.json (SHA-256 c23cb49497df3275c8071d3286dac73a33c01f616b45f3819776f0e77ff93408)"
AFKS--spearman,k = 10,ecoli_shigella_hgt,11,24.00,0.50,0.3478,2019-04-15 08:00,reported,"AFproject results page https://afproject.org/app/benchmark/genome/hgt/unsimulated/ecoli_shigella/results/ (data request /app/benchmark/genome/results/ajax/table1/?dataset_id=6), accessed 2026-10-03; raw answer baselines/published/afproject_raw/table1_6.json (SHA-256 c23cb49497df3275c8071d3286dac73a33c01f616b45f3819776f0e77ff93408)"
AFKS--squared_chord,k = 10,ecoli_shigella_hgt,11,24.00,0.50,0.3676,2019-04-15 08:00,reported,"AFproject results page https://afproject.org/app/benchmark/genome/hgt/unsimulated/ecoli_shigella/results/ (data request /app/benchmark/genome/results/ajax/table1/?dataset_id=6), accessed 2026-10-03; raw answer baselines/published/afproject_raw/table1_6.json (SHA-256 c23cb49497df3275c8071d3286dac73a33c01f616b45f3819776f0e77ff93408)"
alfpy--angle_cos_diss,k = 9; vector=counts k=9 distance=angle_cos_diss,ecoli_shigella_hgt,11,24.00,0.50,0.3724,2019-04-15 08:00,reported,"AFproject results page https://afproject.org/app/benchmark/genome/hgt/unsimulated/ecoli_shigella/results/ (data request /app/benchmark/genome/results/ajax/table1/?dataset_id=6), accessed 2026-10-03; raw answer baselines/published/afproject_raw/table1_6.json (SHA-256 c23cb49497df3275c8071d3286dac73a33c01f616b45f3819776f0e77ff93408)"
alfpy--angle_cos_evol,k = 9; vector=freqs k=9 distance=angle_cos_evol,ecoli_shigella_hgt,11,24.00,0.50,0.3724,2019-04-15 08:00,reported,"AFproject results page https://afproject.org/app/benchmark/genome/hgt/unsimulated/ecoli_shigella/results/ (data request /app/benchmark/genome/results/ajax/table1/?dataset_id=6), accessed 2026-10-03; raw answer baselines/published/afproject_raw/table1_6.json (SHA-256 c23cb49497df3275c8071d3286dac73a33c01f616b45f3819776f0e77ff93408)"
alfpy--braycurtis,k = 8; vector=freqs k=8 distance=braycurtis,ecoli_shigella_hgt,11,24.00,0.50,0.3724,2019-04-15 08:00,reported,"AFproject results page https://afproject.org/app/benchmark/genome/hgt/unsimulated/ecoli_shigella/results/ (data request /app/benchmark/genome/results/ajax/table1/?dataset_id=6), accessed 2026-10-03; raw answer baselines/published/afproject_raw/table1_6.json (SHA-256 c23cb49497df3275c8071d3286dac73a33c01f616b45f3819776f0e77ff93408)"
alfpy--canberra,k = 8; vector=freqs k=8 distance=canberra,ecoli_shigella_hgt,11,24.00,0.50,0.3724,2019-04-15 08:00,reported,"AFproject results page https://afproject.org/app/benchmark/genome/hgt/unsimulated/ecoli_shigella/results/ (data request /app/benchmark/genome/results/ajax/table1/?dataset_id=6), accessed 2026-10-03; raw answer baselines/published/afproject_raw/table1_6.json (SHA-256 c23cb49497df3275c8071d3286dac73a33c01f616b45f3819776f0e77ff93408)"
alfpy--euclid_norm,k = 8; vector=freqs k=8 distance=euclid_norm,ecoli_shigella_hgt,11,24.00,0.50,0.3724,2019-04-15 08:00,reported,"AFproject results page https://afproject.org/app/benchmark/genome/hgt/unsimulated/ecoli_shigella/results/ (data request /app/benchmark/genome/results/ajax/table1/?dataset_id=6), accessed 2026-10-03; raw answer baselines/published/afproject_raw/table1_6.json (SHA-256 c23cb49497df3275c8071d3286dac73a33c01f616b45f3819776f0e77ff93408)"
alfpy--euclid_squared,k = 10; vector=counts k=10 distance=euclid_squared,ecoli_shigella_hgt,11,24.00,0.50,0.3676,2019-04-15 08:00,reported,"AFproject results page https://afproject.org/app/benchmark/genome/hgt/unsimulated/ecoli_shigella/results/ (data request /app/benchmark/genome/results/ajax/table1/?dataset_id=6), accessed 2026-10-03; raw answer baselines/published/afproject_raw/table1_6.json (SHA-256 c23cb49497df3275c8071d3286dac73a33c01f616b45f3819776f0e77ff93408)"
alfpy--google,k = 8; vector=freqs k=8 distance=google,ecoli_shigella_hgt,11,24.00,0.50,0.3724,2019-04-15 08:00,reported,"AFproject results page https://afproject.org/app/benchmark/genome/hgt/unsimulated/ecoli_shigella/results/ (data request /app/benchmark/genome/results/ajax/table1/?dataset_id=6), accessed 2026-10-03; raw answer baselines/published/afproject_raw/table1_6.json (SHA-256 c23cb49497df3275c8071d3286dac73a33c01f616b45f3819776f0e77ff93408)"
alfpy--lcc,k = 9; vector=counts k=9 distance=lcc,ecoli_shigella_hgt,11,24.00,0.50,0.3724,2019-04-15 08:00,reported,"AFproject results page https://afproject.org/app/benchmark/genome/hgt/unsimulated/ecoli_shigella/results/ (data request /app/benchmark/genome/results/ajax/table1/?dataset_id=6), accessed 2026-10-03; raw answer baselines/published/afproject_raw/table1_6.json (SHA-256 c23cb49497df3275c8071d3286dac73a33c01f616b45f3819776f0e77ff93408)"
alfpy--manhattan,k = 8; vector=freqs k=8 distance=manhattan,ecoli_shigella_hgt,11,24.00,0.50,0.3724,2019-04-15 08:00,reported,"AFproject results page https://afproject.org/app/benchmark/genome/hgt/unsimulated/ecoli_shigella/results/ (data request /app/benchmark/genome/results/ajax/table1/?dataset_id=6), accessed 2026-10-03; raw answer baselines/published/afproject_raw/table1_6.json (SHA-256 c23cb49497df3275c8071d3286dac73a33c01f616b45f3819776f0e77ff93408)"
alfpy--minkowski,k = 8; vector=freqs k=8 distance=minkowski,ecoli_shigella_hgt,11,24.00,0.50,0.3724,2019-04-15 08:00,reported,"AFproject results page https://afproject.org/app/benchmark/genome/hgt/unsimulated/ecoli_shigella/results/ (data request /app/benchmark/genome/results/ajax/table1/?dataset_id=6), accessed 2026-10-03; raw answer baselines/published/afproject_raw/table1_6.json (SHA-256 c23cb49497df3275c8071d3286dac73a33c01f616b45f3819776f0e77ff93408)"
cafe--cvtree,k = 12,ecoli_shigella_hgt,11,24.00,0.50,0.3839,2019-04-15 08:00,reported,"AFproject results page https://afproject.org/app/benchmark/genome/hgt/unsimulated/ecoli_shigella/results/ (data request /app/benchmark/genome/results/ajax/table1/?dataset_id=6), accessed 2026-10-03; raw answer baselines/published/afproject_raw/table1_6.json (SHA-256 c23cb49497df3275c8071d3286dac73a33c01f616b45f3819776f0e77ff93408)"
cafe--d2shepp,k = 7; Markovian order: 5,ecoli_shigella_hgt,11,24.00,0.50,0.3824,2019-04-15 08:00,reported,"AFproject results page https://afproject.org/app/benchmark/genome/hgt/unsimulated/ecoli_shigella/results/ (data request /app/benchmark/genome/results/ajax/table1/?dataset_id=6), accessed 2026-10-03; raw answer baselines/published/afproject_raw/table1_6.json (SHA-256 c23cb49497df3275c8071d3286dac73a33c01f616b45f3819776f0e77ff93408)"
cafe--d2star,k = 7; Markovian order: 5,ecoli_shigella_hgt,11,24.00,0.50,0.3674,2019-04-15 08:00,reported,"AFproject results page https://afproject.org/app/benchmark/genome/hgt/unsimulated/ecoli_shigella/results/ (data request /app/benchmark/genome/results/ajax/table1/?dataset_id=6), accessed 2026-10-03; raw answer baselines/published/afproject_raw/table1_6.json (SHA-256 c23cb49497df3275c8071d3286dac73a33c01f616b45f3819776f0e77ff93408)"
Grassmann,"11, 0.5",ecoli_shigella_hgt,11,24.00,0.50,0.3824,2021-07-27 03:31,reported,"AFproject results page https://afproject.org/app/benchmark/genome/hgt/unsimulated/ecoli_shigella/results/ (data request /app/benchmark/genome/results/ajax/table1/?dataset_id=6), accessed 2026-10-03; raw answer baselines/published/afproject_raw/table1_6.json (SHA-256 c23cb49497df3275c8071d3286dac73a33c01f616b45f3819776f0e77ff93408)"
jD2Stat--D2St,k = 9; java -jar -Xmx55g jD2Stat_1.0.jar -i unsimulated-ecoli_shigella.fa -o unsimulated-ecoli_shigella.fa.jD2Stat_1.0.jar.13.phy -a dna -t 16 -k 9 -d D2St -n 0,ecoli_shigella_hgt,11,24.00,0.50,0.3660,2019-04-15 08:00,reported,"AFproject results page https://afproject.org/app/benchmark/genome/hgt/unsimulated/ecoli_shigella/results/ (data request /app/benchmark/genome/results/ajax/table1/?dataset_id=6), accessed 2026-10-03; raw answer baselines/published/afproject_raw/table1_6.json (SHA-256 c23cb49497df3275c8071d3286dac73a33c01f616b45f3819776f0e77ff93408)"
zero-sampling_test03,10,ecoli_shigella_hgt,11,24.00,0.50,0.3711,2025-12-21 07:52,reported,"AFproject results page https://afproject.org/app/benchmark/genome/hgt/unsimulated/ecoli_shigella/results/ (data request /app/benchmark/genome/results/ajax/table1/?dataset_id=6), accessed 2026-10-03; raw answer baselines/published/afproject_raw/table1_6.json (SHA-256 c23cb49497df3275c8071d3286dac73a33c01f616b45f3819776f0e77ff93408)"
AFKS--d2_star,k = 9,ecoli_shigella_hgt,12,26.00,0.54,0.3779,2019-04-15 08:00,reported,"AFproject results page https://afproject.org/app/benchmark/genome/hgt/unsimulated/ecoli_shigella/results/ (data request /app/benchmark/genome/results/ajax/table1/?dataset_id=6), accessed 2026-10-03; raw answer baselines/published/afproject_raw/table1_6.json (SHA-256 c23cb49497df3275c8071d3286dac73a33c01f616b45f3819776f0e77ff93408)"
jD2Stat--D2n,k = 10; java -jar -Xmx55g jD2Stat_1.0.jar -i unsimulated-ecoli_shigella.fa -o unsimulated-ecoli_shigella.fa.jD2Stat_1.0.jar.17.phy -a dna -t 16 -k 10 -d d2n -n 1,ecoli_shigella_hgt,12,26.00,0.54,0.3827,2019-04-15 08:00,reported,"AFproject results page https://afproject.org/app/benchmark/genome/hgt/unsimulated/ecoli_shigella/results/ (data request /app/benchmark/genome/results/ajax/table1/?dataset_id=6), accessed 2026-10-03; raw answer baselines/published/afproject_raw/table1_6.json (SHA-256 c23cb49497df3275c8071d3286dac73a33c01f616b45f3819776f0e77ff93408)"
kmacs,./kmacs unsimulated-ecoli_shigella.fa 6,ecoli_shigella_hgt,12,26.00,0.54,0.2409,2019-04-15 08:00,reported,"AFproject results page https://afproject.org/app/benchmark/genome/hgt/unsimulated/ecoli_shigella/results/ (data request /app/benchmark/genome/results/ajax/table1/?dataset_id=6), accessed 2026-10-03; raw answer baselines/published/afproject_raw/table1_6.json (SHA-256 c23cb49497df3275c8071d3286dac73a33c01f616b45f3819776f0e77ff93408)"
Slope-SpaM,binary pattern,ecoli_shigella_hgt,12,26.00,0.54,0.2039,2019-04-15 08:00,reported,"AFproject results page https://afproject.org/app/benchmark/genome/hgt/unsimulated/ecoli_shigella/results/ (data request /app/benchmark/genome/results/ajax/table1/?dataset_id=6), accessed 2026-10-03; raw answer baselines/published/afproject_raw/table1_6.json (SHA-256 c23cb49497df3275c8071d3286dac73a33c01f616b45f3819776f0e77ff93408)"
alfpy--chebyshev,k = 9; vector=freqs k=9 distance=chebyshev,ecoli_shigella_hgt,13,30.00,0.62,0.3325,2019-04-15 08:00,reported,"AFproject results page https://afproject.org/app/benchmark/genome/hgt/unsimulated/ecoli_shigella/results/ (data request /app/benchmark/genome/results/ajax/table1/?dataset_id=6), accessed 2026-10-03; raw answer baselines/published/afproject_raw/table1_6.json (SHA-256 c23cb49497df3275c8071d3286dac73a33c01f616b45f3819776f0e77ff93408)"
lzw-kernel,default; similarity values converted to distances,ecoli_shigella_hgt,13,30.00,0.62,0.3936,2019-04-15 08:00,reported,"AFproject results page https://afproject.org/app/benchmark/genome/hgt/unsimulated/ecoli_shigella/results/ (data request /app/benchmark/genome/results/ajax/table1/?dataset_id=6), accessed 2026-10-03; raw answer baselines/published/afproject_raw/table1_6.json (SHA-256 c23cb49497df3275c8071d3286dac73a33c01f616b45f3819776f0e77ff93408)"
alfpy--kld,k = 13; vector=freqs k=13 distance=kld,ecoli_shigella_hgt,14,34.00,0.71,0.4751,2019-04-15 08:00,reported,"AFproject results page https://afproject.org/app/benchmark/genome/hgt/unsimulated/ecoli_shigella/results/ (data request /app/benchmark/genome/results/ajax/table1/?dataset_id=6), accessed 2026-10-03; raw answer baselines/published/afproject_raw/table1_6.json (SHA-256 c23cb49497df3275c8071d3286dac73a33c01f616b45f3819776f0e77ff93408)"
rtd-phylogeny,k = 7,ecoli_shigella_hgt,15,36.00,0.75,0.5210,2019-04-15 08:00,reported,"AFproject results page https://afproject.org/app/benchmark/genome/hgt/unsimulated/ecoli_shigella/results/ (data request /app/benchmark/genome/results/ajax/table1/?dataset_id=6), accessed 2026-10-03; raw answer baselines/published/afproject_raw/table1_6.json (SHA-256 c23cb49497df3275c8071d3286dac73a33c01f616b45f3819776f0e77ff93408)"
PPN,"Parameter values l=4, t=1",ecoli_shigella_hgt,16,38.00,0.79,0.4369,2023-06-13 09:35,reported,"AFproject results page https://afproject.org/app/benchmark/genome/hgt/unsimulated/ecoli_shigella/results/ (data request /app/benchmark/genome/results/ajax/table1/?dataset_id=6), accessed 2026-10-03; raw answer baselines/published/afproject_raw/table1_6.json (SHA-256 c23cb49497df3275c8071d3286dac73a33c01f616b45f3819776f0e77ff93408)"
AFKS--afd,k = 9,ecoli_shigella_hgt,17,42.00,0.88,0.4193,2019-04-15 08:00,reported,"AFproject results page https://afproject.org/app/benchmark/genome/hgt/unsimulated/ecoli_shigella/results/ (data request /app/benchmark/genome/results/ajax/table1/?dataset_id=6), accessed 2026-10-03; raw answer baselines/published/afproject_raw/table1_6.json (SHA-256 c23cb49497df3275c8071d3286dac73a33c01f616b45f3819776f0e77ff93408)"
EP-sim,-d D2 -l 7 -p 07 -b 1,ecoli_shigella_hgt,17,42.00,0.88,0.4748,2019-04-15 08:00,reported,"AFproject results page https://afproject.org/app/benchmark/genome/hgt/unsimulated/ecoli_shigella/results/ (data request /app/benchmark/genome/results/ajax/table1/?dataset_id=6), accessed 2026-10-03; raw answer baselines/published/afproject_raw/table1_6.json (SHA-256 c23cb49497df3275c8071d3286dac73a33c01f616b45f3819776f0e77ff93408)"
lzw-ncd,default,ecoli_shigella_hgt,17,42.00,0.88,0.4779,2019-04-15 08:00,reported,"AFproject results page https://afproject.org/app/benchmark/genome/hgt/unsimulated/ecoli_shigella/results/ (data request /app/benchmark/genome/results/ajax/table1/?dataset_id=6), accessed 2026-10-03; raw answer baselines/published/afproject_raw/table1_6.json (SHA-256 c23cb49497df3275c8071d3286dac73a33c01f616b45f3819776f0e77ff93408)"
MPE_2048,2048,ecoli_shigella_hgt,17,42.00,0.88,0.5508,2021-07-26 11:42,reported,"AFproject results page https://afproject.org/app/benchmark/genome/hgt/unsimulated/ecoli_shigella/results/ (data request /app/benchmark/genome/results/ajax/table1/?dataset_id=6), accessed 2026-10-03; raw answer baselines/published/afproject_raw/table1_6.json (SHA-256 c23cb49497df3275c8071d3286dac73a33c01f616b45f3819776f0e77ff93408)"
AFKS--emd,k = 9,ecoli_shigella_hgt,18,46.00,0.96,0.5280,2019-04-15 08:00,reported,"AFproject results page https://afproject.org/app/benchmark/genome/hgt/unsimulated/ecoli_shigella/results/ (data request /app/benchmark/genome/results/ajax/table1/?dataset_id=6), accessed 2026-10-03; raw answer baselines/published/afproject_raw/table1_6.json (SHA-256 c23cb49497df3275c8071d3286dac73a33c01f616b45f3819776f0e77ff93408)"
AFKS--length_difference,k = 9,ecoli_shigella_hgt,18,46.00,0.96,0.5279,2019-04-15 08:00,reported,"AFproject results page https://afproject.org/app/benchmark/genome/hgt/unsimulated/ecoli_shigella/results/ (data request /app/benchmark/genome/results/ajax/table1/?dataset_id=6), accessed 2026-10-03; raw answer baselines/published/afproject_raw/table1_6.json (SHA-256 c23cb49497df3275c8071d3286dac73a33c01f616b45f3819776f0e77ff93408)"
(4)SR(K)MER_FEM1,Sequence alphabet,yersinia_hgt,1,0.00,0.00,0.0000,2021-09-02 19:34,reported,"AFproject results page https://afproject.org/app/benchmark/genome/hgt/unsimulated/yersinia/results/ (data request /app/benchmark/genome/results/ajax/table1/?dataset_id=7), accessed 2026-10-03; raw answer baselines/published/afproject_raw/table1_7.json (SHA-256 16337b3d8641dd3233e04e3854f461b2fb723b3c947e13a5ecbfea22d119fd75)"
(9)-CWB-COSINE-NJ,(9)-CWB-COSINE-NJ,yersinia_hgt,1,0.00,0.00,0.0000,2025-09-20 06:57,reported,"AFproject results page https://afproject.org/app/benchmark/genome/hgt/unsimulated/yersinia/results/ (data request /app/benchmark/genome/results/ajax/table1/?dataset_id=7), accessed 2026-10-03; raw answer baselines/published/afproject_raw/table1_7.json (SHA-256 16337b3d8641dd3233e04e3854f461b2fb723b3c947e13a5ecbfea22d119fd75)"
(MASP),k-mer sequence,yersinia_hgt,1,0.00,0.00,0.0000,2023-09-22 09:12,reported,"AFproject results page https://afproject.org/app/benchmark/genome/hgt/unsimulated/yersinia/results/ (data request /app/benchmark/genome/results/ajax/table1/?dataset_id=7), accessed 2026-10-03; raw answer baselines/published/afproject_raw/table1_7.json (SHA-256 16337b3d8641dd3233e04e3854f461b2fb723b3c947e13a5ecbfea22d119fd75)"
(Part-Wise Template Matching),part size and kmer,yersinia_hgt,1,0.00,0.00,0.0000,2022-10-15 20:26,reported,"AFproject results page https://afproject.org/app/benchmark/genome/hgt/unsimulated/yersinia/results/ (data request /app/benchmark/genome/results/ajax/table1/?dataset_id=7), accessed 2026-10-03; raw answer baselines/published/afproject_raw/table1_7.json (SHA-256 16337b3d8641dd3233e04e3854f461b2fb723b3c947e13a5ecbfea22d119fd75)"
1&2_Ord_Spatial,k-mer,yersinia_hgt,1,0.00,0.00,0.0000,2023-04-04 06:14,reported,"AFproject results page https://afproject.org/app/benchmark/genome/hgt/unsimulated/yersinia/results/ (data request /app/benchmark/genome/results/ajax/table1/?dataset_id=7), accessed 2026-10-03; raw answer baselines/published/afproject_raw/table1_7.json (SHA-256 16337b3d8641dd3233e04e3854f461b2fb723b3c947e13a5ecbfea22d119fd75)"
3M-S64-(K)Mer,9mer,yersinia_hgt,1,0.00,0.00,0.0000,2021-07-17 12:35,reported,"AFproject results page https://afproject.org/app/benchmark/genome/hgt/unsimulated/yersinia/results/ (data request /app/benchmark/genome/results/ajax/table1/?dataset_id=7), accessed 2026-10-03; raw answer baselines/published/afproject_raw/table1_7.json (SHA-256 16337b3d8641dd3233e04e3854f461b2fb723b3c947e13a5ecbfea22d119fd75)"
8/10_DNA_TWS,template size 8 or 10,yersinia_hgt,1,0.00,0.00,0.0000,2022-04-28 05:28,reported,"AFproject results page https://afproject.org/app/benchmark/genome/hgt/unsimulated/yersinia/results/ (data request /app/benchmark/genome/results/ajax/table1/?dataset_id=7), accessed 2026-10-03; raw answer baselines/published/afproject_raw/table1_7.json (SHA-256 16337b3d8641dd3233e04e3854f461b2fb723b3c947e13a5ecbfea22d119fd75)"
AFKS--canberra,k = 10,yersinia_hgt,1,0.00,0.00,0.0000,2019-04-15 08:00,reported,"AFproject results page https://afproject.org/app/benchmark/genome/hgt/unsimulated/yersinia/results/ (data request /app/benchmark/genome/results/ajax/table1/?dataset_id=7), accessed 2026-10-03; raw answer baselines/published/afproject_raw/table1_7.json (SHA-256 16337b3d8641dd3233e04e3854f461b2fb723b3c947e13a5ecbfea22d119fd75)"
AFKS--chi_squared,k = 9,yersinia_hgt,1,0.00,0.00,0.0000,2019-04-15 08:00,reported,"AFproject results page https://afproject.org/app/benchmark/genome/hgt/unsimulated/yersinia/results/ (data request /app/benchmark/genome/results/ajax/table1/?dataset_id=7), accessed 2026-10-03; raw answer baselines/published/afproject_raw/table1_7.json (SHA-256 16337b3d8641dd3233e04e3854f461b2fb723b3c947e13a5ecbfea22d119fd75)"
AFKS--d2_star,k = 9,yersinia_hgt,1,0.00,0.00,0.0000,2019-04-15 08:00,reported,"AFproject results page https://afproject.org/app/benchmark/genome/hgt/unsimulated/yersinia/results/ (data request /app/benchmark/genome/results/ajax/table1/?dataset_id=7), accessed 2026-10-03; raw answer baselines/published/afproject_raw/table1_7.json (SHA-256 16337b3d8641dd3233e04e3854f461b2fb723b3c947e13a5ecbfea22d119fd75)"
AFKS--d2s,k = 9,yersinia_hgt,1,0.00,0.00,0.0000,2019-04-15 08:00,reported,"AFproject results page https://afproject.org/app/benchmark/genome/hgt/unsimulated/yersinia/results/ (data request /app/benchmark/genome/results/ajax/table1/?dataset_id=7), accessed 2026-10-03; raw answer baselines/published/afproject_raw/table1_7.json (SHA-256 16337b3d8641dd3233e04e3854f461b2fb723b3c947e13a5ecbfea22d119fd75)"
AFKS--d2z,k = 9,yersinia_hgt,1,0.00,0.00,0.0000,2019-04-15 08:00,reported,"AFproject results page https://afproject.org/app/benchmark/genome/hgt/unsimulated/yersinia/results/ (data request /app/benchmark/genome/results/ajax/table1/?dataset_id=7), accessed 2026-10-03; raw answer baselines/published/afproject_raw/table1_7.json (SHA-256 16337b3d8641dd3233e04e3854f461b2fb723b3c947e13a5ecbfea22d119fd75)"
AFKS--harmonic_mean,k = 9,yersinia_hgt,1,0.00,0.00,0.0000,2019-04-15 08:00,reported,"AFproject results page https://afproject.org/app/benchmark/genome/hgt/unsimulated/yersinia/results/ (data request /app/benchmark/genome/results/ajax/table1/?dataset_id=7), accessed 2026-10-03; raw answer baselines/published/afproject_raw/table1_7.json (SHA-256 16337b3d8641dd3233e04e3854f461b2fb723b3c947e13a5ecbfea22d119fd75)"
AFKS--hellinger,k = 10,yersinia_hgt,1,0.00,0.00,0.0000,2019-04-15 08:00,reported,"AFproject results page https://afproject.org/app/benchmark/genome/hgt/unsimulated/yersinia/results/ (data request /app/benchmark/genome/results/ajax/table1/?dataset_id=7), accessed 2026-10-03; raw answer baselines/published/afproject_raw/table1_7.json (SHA-256 16337b3d8641dd3233e04e3854f461b2fb723b3c947e13a5ecbfea22d119fd75)"
AFKS--intersection,k = 11,yersinia_hgt,1,0.00,0.00,0.0000,2019-04-15 08:00,reported,"AFproject results page https://afproject.org/app/benchmark/genome/hgt/unsimulated/yersinia/results/ (data request /app/benchmark/genome/results/ajax/table1/?dataset_id=7), accessed 2026-10-03; raw answer baselines/published/afproject_raw/table1_7.json (SHA-256 16337b3d8641dd3233e04e3854f461b2fb723b3c947e13a5ecbfea22d119fd75)"
AFKS--jaccard,k = 12,yersinia_hgt,1,0.00,0.00,0.0000,2019-04-15 08:00,reported,"AFproject results page https://afproject.org/app/benchmark/genome/hgt/unsimulated/yersinia/results/ (data request /app/benchmark/genome/results/ajax/table1/?dataset_id=7), accessed 2026-10-03; raw answer baselines/published/afproject_raw/table1_7.json (SHA-256 16337b3d8641dd3233e04e3854f461b2fb723b3c947e13a5ecbfea22d119fd75)"
AFKS--jefferey_divergence,k = 9,yersinia_hgt,1,0.00,0.00,0.0000,2019-04-15 08:00,reported,"AFproject results page https://afproject.org/app/benchmark/genome/hgt/unsimulated/yersinia/results/ (data request /app/benchmark/genome/results/ajax/table1/?dataset_id=7), accessed 2026-10-03; raw answer baselines/published/afproject_raw/table1_7.json (SHA-256 16337b3d8641dd3233e04e3854f461b2fb723b3c947e13a5ecbfea22d119fd75)"
AFKS--jensen_shannon,k = 9,yersinia_hgt,1,0.00,0.00,0.0000,2019-04-15 08:00,reported,"AFproject results page https://afproject.org/app/benchmark/genome/hgt/unsimulated/yersinia/results/ (data request /app/benchmark/genome/results/ajax/table1/?dataset_id=7), accessed 2026-10-03; raw answer baselines/published/afproject_raw/table1_7.json (SHA-256 16337b3d8641dd3233e04e3854f461b2fb723b3c947e13a5ecbfea22d119fd75)"
AFKS--k_divergence,k = 9,yersinia_hgt,1,0.00,0.00,0.0000,2019-04-15 08:00,reported,"AFproject results page https://afproject.org/app/benchmark/genome/hgt/unsimulated/yersinia/results/ (data request /app/benchmark/genome/results/ajax/table1/?dataset_id=7), accessed 2026-10-03; raw answer baselines/published/afproject_raw/table1_7.json (SHA-256 16337b3d8641dd3233e04e3854f461b2fb723b3c947e13a5ecbfea22d119fd75)"
AFKS--kl_conditional,k = 9,yersinia_hgt,1,0.00,0.00,0.0000,2019-04-15 08:00,reported,"AFproject results page https://afproject.org/app/benchmark/genome/hgt/unsimulated/yersinia/results/ (data request /app/benchmark/genome/results/ajax/table1/?dataset_id=7), accessed 2026-10-03; raw answer baselines/published/afproject_raw/table1_7.json (SHA-256 16337b3d8641dd3233e04e3854f461b2fb723b3c947e13a5ecbfea22d119fd75)"
AFKS--kulczynski1,k = 9,yersinia_hgt,1,0.00,0.00,0.0000,2019-04-15 08:00,reported,"AFproject results page https://afproject.org/app/benchmark/genome/hgt/unsimulated/yersinia/results/ (data request /app/benchmark/genome/results/ajax/table1/?dataset_id=7), accessed 2026-10-03; raw answer baselines/published/afproject_raw/table1_7.json (SHA-256 16337b3d8641dd3233e04e3854f461b2fb723b3c947e13a5ecbfea22d119fd75)"
AFKS--kulczynski2,k = 11,yersinia_hgt,1,0.00,0.00,0.0000,2019-04-15 08:00,reported,"AFproject results page https://afproject.org/app/benchmark/genome/hgt/unsimulated/yersinia/results/ (data request /app/benchmark/genome/results/ajax/table1/?dataset_id=7), accessed 2026-10-03; raw answer baselines/published/afproject_raw/table1_7.json (SHA-256 16337b3d8641dd3233e04e3854f461b2fb723b3c947e13a5ecbfea22d119fd75)"
AFKS--manhattan,k = 11,yersinia_hgt,1,0.00,0.00,0.0000,2019-04-15 08:00,reported,"AFproject results page https://afproject.org/app/benchmark/genome/hgt/unsimulated/yersinia/results/ (data request /app/benchmark/genome/results/ajax/table1/?dataset_id=7), accessed 2026-10-03; raw answer baselines/published/afproject_raw/table1_7.json (SHA-256 16337b3d8641dd3233e04e3854f461b2fb723b3c947e13a5ecbfea22d119fd75)"
AFKS--markov,k = 9,yersinia_hgt,1,0.00,0.00,0.0000,2019-04-15 08:00,reported,"AFproject results page https://afproject.org/app/benchmark/genome/hgt/unsimulated/yersinia/results/ (data request /app/benchmark/genome/results/ajax/table1/?dataset_id=7), accessed 2026-10-03; raw answer baselines/published/afproject_raw/table1_7.json (SHA-256 16337b3d8641dd3233e04e3854f461b2fb723b3c947e13a5ecbfea22d119fd75)"
AFKS--mismatch,k = 12,yersinia_hgt,1,0.00,0.00,0.0000,2019-04-15 08:00,reported,"AFproject results page https://afproject.org/app/benchmark/genome/hgt/unsimulated/yersinia/results/ (data request /app/benchmark/genome/results/ajax/table1/?dataset_id=7), accessed 2026-10-03; raw answer baselines/published/afproject_raw/table1_7.json (SHA-256 16337b3d8641dd3233e04e3854f461b2fb723b3c947e13a5ecbfea22d119fd75)"
AFKS--n2r,k = 10,yersinia_hgt,1,0.00,0.00,0.0000,2019-04-15 08:00,reported,"AFproject results page https://afproject.org/app/benchmark/genome/hgt/unsimulated/yersinia/results/ (data request /app/benchmark/genome/results/ajax/table1/?dataset_id=7), accessed 2026-10-03; raw answer baselines/published/afproject_raw/table1_7.json (SHA-256 16337b3d8641dd3233e04e3854f461b2fb723b3c947e13a5ecbfea22d119fd75)"
AFKS--normalized_vectors,k = 9,yersinia_hgt,1,0.00,0.00,0.0000,2019-04-15 08:00,reported,"AFproject results page https://afproject.org/app/benchmark/genome/hgt/unsimulated/yersinia/results/ (data request /app/benchmark/genome/results/ajax/table1/?dataset_id=7), accessed 2026-10-03; raw answer baselines/published/afproject_raw/table1_7.json (SHA-256 16337b3d8641dd3233e04e3854f461b2fb723b3c947e13a5ecbfea22d119fd75)"
AFKS--pearson,k = 9,yersinia_hgt,1,0.00,0.00,0.0000,2019-04-15 08:00,reported,"AFproject results page https://afproject.org/app/benchmark/genome/hgt/unsimulated/yersinia/results/ (data request /app/benchmark/genome/results/ajax/table1/?dataset_id=7), accessed 2026-10-03; raw answer baselines/published/afproject_raw/table1_7.json (SHA-256 16337b3d8641dd3233e04e3854f461b2fb723b3c947e13a5ecbfea22d119fd75)"
AFKS--rre_k_r,k = 9,yersinia_hgt,1,0.00,0.00,0.0000,2019-04-15 08:00,reported,"AFproject results page https://afproject.org/app/benchmark/genome/hgt/unsimulated/yersinia/results/ (data request /app/benchmark/genome/results/ajax/table1/?dataset_id=7), accessed 2026-10-03; raw answer baselines/published/afproject_raw/table1_7.json (SHA-256 16337b3d8641dd3233e04e3854f461b2fb723b3c947e13a5ecbfea22d119fd75)"
AFKS--sim_mm,k = 9,yersinia_hgt,1,0.00,0.00,0.0000,2019-04-15 08:00,reported,"AFproject results page https://afproject.org/app/benchmark/genome/hgt/unsimulated/yersinia/results/ (data request /app/benchmark/genome/results/ajax/table1/?dataset_id=7), accessed 2026-10-03; raw answer baselines/published/afproject_raw/table1_7.json (SHA-256 16337b3d8641dd3233e04e3854f461b2fb723b3c947e13a5ecbfea22d119fd75)"
AFKS--simratio,k = 10,yersinia_hgt,1,0.00,0.00,0.0000,2019-04-15 08:00,reported,"AFproject results page https://afproject.org/app/benchmark/genome/hgt/unsimulated/yersinia/results/ (data request /app/benchmark/genome/results/ajax/table1/?dataset_id=7), accessed 2026-10-03; raw answer baselines/published/afproject_raw/table1_7.json (SHA-256 16337b3d8641dd3233e04e3854f461b2fb723b3c947e13a5ecbfea22d119fd75)"
AFKS--spearman,k = 9,yersinia_hgt,1,0.00,0.00,0.0000,2019-04-15 08:00,reported,"AFproject results page https://afproject.org/app/benchmark/genome/hgt/unsimulated/yersinia/results/ (data request /app/benchmark/genome/results/ajax/table1/?dataset_id=7), accessed 2026-10-03; raw answer baselines/published/afproject_raw/table1_7.json (SHA-256 16337b3d8641dd3233e04e3854f461b2fb723b3c947e13a5ecbfea22d119fd75)"
AFKS--squared_chord,k = 9,yersinia_hgt,1,0.00,0.00,0.0000,2019-04-15 08:00,reported,"AFproject results page https://afproject.org/app/benchmark/genome/hgt/unsimulated/yersinia/results/ (data request /app/benchmark/genome/results/ajax/table1/?dataset_id=7), accessed 2026-10-03; raw answer baselines/published/afproject_raw/table1_7.json (SHA-256 16337b3d8641dd3233e04e3854f461b2fb723b3c947e13a5ecbfea22d119fd75)"
alfpy--angle_cos_diss,k = 9; vector=counts k=9 distance=angle_cos_diss,yersinia_hgt,1,0.00,0.00,0.0000,2019-04-15 08:00,reported,"AFproject results page https://afproject.org/app/benchmark/genome/hgt/unsimulated/yersinia/results/ (data request /app/benchmark/genome/results/ajax/table1/?dataset_id=7), accessed 2026-10-03; raw answer baselines/published/afproject_raw/table1_7.json (SHA-256 16337b3d8641dd3233e04e3854f461b2fb723b3c947e13a5ecbfea22d119fd75)"
alfpy--angle_cos_evol,k = 9; vector=freqs k=9 distance=angle_cos_evol,yersinia_hgt,1,0.00,0.00,0.0000,2019-04-15 08:00,reported,"AFproject results page https://afproject.org/app/benchmark/genome/hgt/unsimulated/yersinia/results/ (data request /app/benchmark/genome/results/ajax/table1/?dataset_id=7), accessed 2026-10-03; raw answer baselines/published/afproject_raw/table1_7.json (SHA-256 16337b3d8641dd3233e04e3854f461b2fb723b3c947e13a5ecbfea22d119fd75)"
alfpy--braycurtis,k = 11; vector=freqs k=11 distance=braycurtis,yersinia_hgt,1,0.00,0.00,0.0000,2019-04-15 08:00,reported,"AFproject results page https://afproject.org/app/benchmark/genome/hgt/unsimulated/yersinia/results/ (data request /app/benchmark/genome/results/ajax/table1/?dataset_id=7), accessed 2026-10-03; raw answer baselines/published/afproject_raw/table1_7.json (SHA-256 16337b3d8641dd3233e04e3854f461b2fb723b3c947e13a5ecbfea22d119fd75)"
alfpy--canberra,k = 10; vector=counts k=10 distance=canberra,yersinia_hgt,1,0.00,0.00,0.0000,2019-04-15 08:00,reported,"AFproject results page https://afproject.org/app/benchmark/genome/hgt/unsimulated/yersinia/results/ (data request /app/benchmark/genome/results/ajax/table1/?dataset_id=7), accessed 2026-10-03; raw answer baselines/published/afproject_raw/table1_7.json (SHA-256 16337b3d8641dd3233e04e3854f461b2fb723b3c947e13a5ecbfea22d119fd75)"
alfpy--euclid_squared,k = 9; vector=counts k=9 distance=euclid_squared,yersinia_hgt,1,0.00,0.00,0.0000,2019-04-15 08:00,reported,"AFproject results page https://afproject.org/app/benchmark/genome/hgt/unsimulated/yersinia/results/ (data request /app/benchmark/genome/results/ajax/table1/?dataset_id=7), accessed 2026-10-03; raw answer baselines/published/afproject_raw/table1_7.json (SHA-256 16337b3d8641dd3233e04e3854f461b2fb723b3c947e13a5ecbfea22d119fd75)"
alfpy--google,k = 11; vector=counts k=11 distance=google,yersinia_hgt,1,0.00,0.00,0.0000,2019-04-15 08:00,reported,"AFproject results page https://afproject.org/app/benchmark/genome/hgt/unsimulated/yersinia/results/ (data request /app/benchmark/genome/results/ajax/table1/?dataset_id=7), accessed 2026-10-03; raw answer baselines/published/afproject_raw/table1_7.json (SHA-256 16337b3d8641dd3233e04e3854f461b2fb723b3c947e13a5ecbfea22d119fd75)"
alfpy--jsd,k = 9; vector=freqs k=9 distance=jsd,yersinia_hgt,1,0.00,0.00,0.0000,2019-04-15 08:00,reported,"AFproject results page https://afproject.org/app/benchmark/genome/hgt/unsimulated/yersinia/results/ (data request /app/benchmark/genome/results/ajax/table1/?dataset_id=7), accessed 2026-10-03; raw answer baselines/published/afproject_raw/table1_7.json (SHA-256 16337b3d8641dd3233e04e3854f461b2fb723b3c947e13a5ecbfea22d119fd75)"
alfpy--lcc,k = 9; vector=counts k=9 distance=lcc,yersinia_hgt,1,0.00,0.00,0.0000,2019-04-15 08:00,reported,"AFproject results page https://afproject.org/app/benchmark/genome/hgt/unsimulated/yersinia/results/ (data request /app/benchmark/genome/results/ajax/table1/?dataset_id=7), accessed 2026-10-03; raw answer baselines/published/afproject_raw/table1_7.json (SHA-256 16337b3d8641dd3233e04e3854f461b2fb723b3c947e13a5ecbfea22d119fd75)"
alfpy--manhattan,k = 11; vector=freqs k=11 distance=manhattan,yersinia_hgt,1,0.00,0.00,0.0000,2019-04-15 08:00,reported,"AFproject results page https://afproject.org/app/benchmark/genome/hgt/unsimulated/yersinia/results/ (data request /app/benchmark/genome/results/ajax/table1/?dataset_id=7), accessed 2026-10-03; raw answer baselines/published/afproject_raw/table1_7.json (SHA-256 16337b3d8641dd3233e04e3854f461b2fb723b3c947e13a5ecbfea22d119fd75)"
cafe--cvtree,k = 12,yersinia_hgt,1,0.00,0.00,0.0000,2019-04-15 08:00,reported,"AFproject results page https://afproject.org/app/benchmark/genome/hgt/unsimulated/yersinia/results/ (data request /app/benchmark/genome/results/ajax/table1/?dataset_id=7), accessed 2026-10-03; raw answer baselines/published/afproject_raw/table1_7.json (SHA-256 16337b3d8641dd3233e04e3854f461b2fb723b3c947e13a5ecbfea22d119fd75)"
cafe--d2shepp,k = 12; Markovian order: 0,yersinia_hgt,1,0.00,0.00,0.0000,2019-04-15 08:00,reported,"AFproject results page https://afproject.org/app/benchmark/genome/hgt/unsimulated/yersinia/results/ (data request /app/benchmark/genome/results/ajax/table1/?dataset_id=7), accessed 2026-10-03; raw answer baselines/published/afproject_raw/table1_7.json (SHA-256 16337b3d8641dd3233e04e3854f461b2fb723b3c947e13a5ecbfea22d119fd75)"
cafe--d2star,k = 12; Markovian order: 0,yersinia_hgt,1,0.00,0.00,0.0000,2019-04-15 08:00,reported,"AFproject results page https://afproject.org/app/benchmark/genome/hgt/unsimulated/yersinia/results/ (data request /app/benchmark/genome/results/ajax/table1/?dataset_id=7), accessed 2026-10-03; raw answer baselines/published/afproject_raw/table1_7.json (SHA-256 16337b3d8641dd3233e04e3854f461b2fb723b3c947e13a5ecbfea22d119fd75)"
jD2Stat--D2S,k = 9; java -jar -Xmx55g jD2Stat_1.0.jar -i unsimulated-yersinia.fa -o unsimulated-yersinia.fa.jD2Stat_1.0.jar.12.phy -a dna -t 16 -k 9 -d D2S -n 0,yersinia_hgt,1,0.00,0.00,0.0000,2019-04-15 08:00,reported,"AFproject results page https://afproject.org/app/benchmark/genome/hgt/unsimulated/yersinia/results/ (data request /app/benchmark/genome/results/ajax/table1/?dataset_id=7), accessed 2026-10-03; raw answer baselines/published/afproject_raw/table1_7.json (SHA-256 16337b3d8641dd3233e04e3854f461b2fb723b3c947e13a5ecbfea22d119fd75)"
jD2Stat--D2St,k = 9; java -jar -Xmx55g jD2Stat_1.0.jar -i unsimulated-yersinia.fa -o unsimulated-yersinia.fa.jD2Stat_1.0.jar.13.phy -a dna -t 16 -k 9 -d D2St -n 0,yersinia_hgt,1,0.00,0.00,0.0000,2019-04-15 08:00,reported,"AFproject results page https://afproject.org/app/benchmark/genome/hgt/unsimulated/yersinia/results/ (data request /app/benchmark/genome/results/ajax/table1/?dataset_id=7), accessed 2026-10-03; raw answer baselines/published/afproject_raw/table1_7.json (SHA-256 16337b3d8641dd3233e04e3854f461b2fb723b3c947e13a5ecbfea22d119fd75)"
lzw-kernel,default; similarity values converted to distances,yersinia_hgt,1,0.00,0.00,0.0000,2019-04-15 08:00,reported,"AFproject results page https://afproject.org/app/benchmark/genome/hgt/unsimulated/yersinia/results/ (data request /app/benchmark/genome/results/ajax/table1/?dataset_id=7), accessed 2026-10-03; raw answer baselines/published/afproject_raw/table1_7.json (SHA-256 16337b3d8641dd3233e04e3854f461b2fb723b3c947e13a5ecbfea22d119fd75)"
Slope-SpaM,pattern,yersinia_hgt,1,0.00,0.00,0.0000,2019-04-15 08:00,reported,"AFproject results page https://afproject.org/app/benchmark/genome/hgt/unsimulated/yersinia/results/ (data request /app/benchmark/genome/results/ajax/table1/?dataset_id=7), accessed 2026-10-03; raw answer baselines/published/afproject_raw/table1_7.json (SHA-256 16337b3d8641dd3233e04e3854f461b2fb723b3c947e13a5ecbfea22d119fd75)"
AFKS--euclidean,k = 9,yersinia_hgt,2,2.00,0.20,0.1143,2019-04-15 08:00,reported,"AFproject results page https://afproject.org/app/benchmark/genome/hgt/unsimulated/yersinia/results/ (data request /app/benchmark/genome/results/ajax/table1/?dataset_id=7), accessed 2026-10-03; raw answer baselines/published/afproject_raw/table1_7.json (SHA-256 16337b3d8641dd3233e04e3854f461b2fb723b3c947e13a5ecbfea22d119fd75)"
AFKS--euclidean_z,k = 9,yersinia_hgt,2,2.00,0.20,0.1143,2019-04-15 08:00,reported,"AFproject results page https://afproject.org/app/benchmark/genome/hgt/unsimulated/yersinia/results/ (data request /app/benchmark/genome/results/ajax/table1/?dataset_id=7), accessed 2026-10-03; raw answer baselines/published/afproject_raw/table1_7.json (SHA-256 16337b3d8641dd3233e04e3854f461b2fb723b3c947e13a5ecbfea22d119fd75)"
alfpy--euclid_norm,k = 9; vector=counts k=9 distance=euclid_norm,yersinia_hgt,2,2.00,0.20,0.1143,2019-04-15 08:00,reported,"AFproject results page https://afproject.org/app/benchmark/genome/hgt/unsimulated/yersinia/results/ (data request /app/benchmark/genome/results/ajax/table1/?dataset_id=7), accessed 2026-10-03; raw answer baselines/published/afproject_raw/table1_7.json (SHA-256 16337b3d8641dd3233e04e3854f461b2fb723b3c947e13a5ecbfea22d119fd75)"
alfpy--kld,k = 9; vector=freqs k=9 distance=kld,yersinia_hgt,2,2.00,0.20,0.1286,2019-04-15 08:00,reported,"AFproject results page https://afproject.org/app/benchmark/genome/hgt/unsimulated/yersinia/results/ (data request /app/benchmark/genome/results/ajax/table1/?dataset_id=7), accessed 2026-10-03; raw answer baselines/published/afproject_raw/table1_7.json (SHA-256 16337b3d8641dd3233e04e3854f461b2fb723b3c947e13a5ecbfea22d119fd75)"
alfpy--minkowski,k = 9; vector=freqs k=9 distance=minkowski,yersinia_hgt,2,2.00,0.20,0.1143,2019-04-15 08:00,reported,"AFproject results page https://afproject.org/app/benchmark/genome/hgt/unsimulated/yersinia/results/ (data request /app/benchmark/genome/results/ajax/table1/?dataset_id=7), accessed 2026-10-03; raw answer baselines/published/afproject_raw/table1_7.json (SHA-256 16337b3d8641dd3233e04e3854f461b2fb723b3c947e13a5ecbfea22d119fd75)"
ALFRED-G,default: k=1 x=0,yersinia_hgt,2,2.00,0.20,0.0714,2019-04-15 08:00,reported,"AFproject results page https://afproject.org/app/benchmark/genome/hgt/unsimulated/yersinia/results/ (data request /app/benchmark/genome/results/ajax/table1/?dataset_id=7), accessed 2026-10-03; raw answer baselines/published/afproject_raw/table1_7.json (SHA-256 16337b3d8641dd3233e04e3854f461b2fb723b3c947e13a5ecbfea22d119fd75)"
kmacs,./kmacs unsimulated-yersinia.fa 6,yersinia_hgt,2,2.00,0.20,0.0714,2019-04-15 08:00,reported,"AFproject results page https://afproject.org/app/benchmark/genome/hgt/unsimulated/yersinia/results/ (data request /app/benchmark/genome/results/ajax/table1/?dataset_id=7), accessed 2026-10-03; raw answer baselines/published/afproject_raw/table1_7.json (SHA-256 16337b3d8641dd3233e04e3854f461b2fb723b3c947e13a5ecbfea22d119fd75)"
rtd-phylogeny,k = 7,yersinia_hgt,2,2.00,0.20,0.0714,2019-04-15 08:00,reported,"AFproject results page https://afproject.org/app/benchmark/genome/hgt/unsimulated/yersinia/results/ (data request /app/benchmark/genome/results/ajax/table1/?dataset_id=7), accessed 2026-10-03; raw answer baselines/published/afproject_raw/table1_7.json (SHA-256 16337b3d8641dd3233e04e3854f461b2fb723b3c947e13a5ecbfea22d119fd75)"
AFKS--n2rrc,k = 9,yersinia_hgt,3,4.00,0.40,0.3286,2019-04-15 08:00,reported,"AFproject results page https://afproject.org/app/benchmark/genome/hgt/unsimulated/yersinia/results/ (data request /app/benchmark/genome/results/ajax/table1/?dataset_id=7), accessed 2026-10-03; raw answer baselines/published/afproject_raw/table1_7.json (SHA-256 16337b3d8641dd3233e04e3854f461b2fb723b3c947e13a5ecbfea22d119fd75)"
CD-MAWS,-k 16 -K 16 -r 1,yersinia_hgt,3,4.00,0.40,0.2857,2023-12-01 16:56,reported,"AFproject results page https://afproject.org/app/benchmark/genome/hgt/unsimulated/yersinia/results/ (data request /app/benchmark/genome/results/ajax/table1/?dataset_id=7), accessed 2026-10-03; raw answer baselines/published/afproject_raw/table1_7.json (SHA-256 16337b3d8641dd3233e04e3854f461b2fb723b3c947e13a5ecbfea22d119fd75)"
AFKS--n2rc,k = 9,yersinia_hgt,4,6.00,0.60,0.5714,2019-04-15 08:00,reported,"AFproject results page https://afproject.org/app/benchmark/genome/hgt/unsimulated/yersinia/results/ (data request /app/benchmark/genome/results/ajax/table1/?dataset_id=7), accessed 2026-10-03; raw answer baselines/published/afproject_raw/table1_7.json (SHA-256 16337b3d8641dd3233e04e3854f461b2fb723b3c947e13a5ecbfea22d119fd75)"
EP-sim,-d D2S -l 7 -p 07 -b 1,yersinia_hgt,4,6.00,0.60,0.5571,2019-04-15 08:00,reported,"AFproject results page https://afproject.org/app/benchmark/genome/hgt/unsimulated/yersinia/results/ (data request /app/benchmark/genome/results/ajax/table1/?dataset_id=7), accessed 2026-10-03; raw answer baselines/published/afproject_raw/table1_7.json (SHA-256 16337b3d8641dd3233e04e3854f461b2fb723b3c947e13a5ecbfea22d119fd75)"
jD2Stat--D2n,k = 9; java -jar -Xmx55g jD2Stat_1.0.jar -i unsimulated-yersinia.fa -o unsimulated-yersinia.fa.jD2Stat_1.0.jar.14.phy -a dna -t 16 -k 9 -d d2n -n 1,yersinia_hgt,4,6.00,0.60,0.4429,2019-04-15 08:00,reported,"AFproject results page https://afproject.org/app/benchmark/genome/hgt/unsimulated/yersinia/results/ (data request /app/benchmark/genome/results/ajax/table1/?dataset_id=7), accessed 2026-10-03; raw answer baselines/published/afproject_raw/table1_7.json (SHA-256 16337b3d8641dd3233e04e3854f461b2fb723b3c947e13a5ecbfea22d119fd75)"
Multi-SpaM,python multi-SpaM.py -i {dataset} -o {dataset}.newick -t {thread_count},yersinia_hgt,4,6.00,0.60,0.5143,2019-04-15 08:00,reported,"AFproject results page https://afproject.org/app/benchmark/genome/hgt/unsimulated/yersinia/results/ (data request /app/benchmark/genome/results/ajax/table1/?dataset_id=7), accessed 2026-10-03; raw answer baselines/published/afproject_raw/table1_7.json (SHA-256 16337b3d8641dd3233e04e3854f461b2fb723b3c947e13a5ecbfea22d119fd75)"
alfpy--chebyshev,k = 11; vector=freqs k=11 distance=chebyshev,yersinia_hgt,5,8.00,0.80,0.5714,2019-04-15 08:00,reported,"AFproject results page https://afproject.org/app/benchmark/genome/hgt/unsimulated/yersinia/results/ (data request /app/benchmark/genome/results/ajax/table1/?dataset_id=7), accessed 2026-10-03; raw answer baselines/published/afproject_raw/table1_7.json (SHA-256 16337b3d8641dd3233e04e3854f461b2fb723b3c947e13a5ecbfea22d119fd75)"
andi,default; p = 0.025; m = JC,yersinia_hgt,5,8.00,0.80,0.4286,2019-04-15 08:00,reported,"AFproject results page https://afproject.org/app/benchmark/genome/hgt/unsimulated/yersinia/results/ (data request /app/benchmark/genome/results/ajax/table1/?dataset_id=7), accessed 2026-10-03; raw answer baselines/published/afproject_raw/table1_7.json (SHA-256 16337b3d8641dd3233e04e3854f461b2fb723b3c947e13a5ecbfea22d119fd75)"
co-phylog,default,yersinia_hgt,5,8.00,0.80,0.5857,2019-04-15 08:00,reported,"AFproject results page https://afproject.org/app/benchmark/genome/hgt/unsimulated/yersinia/results/ (data request /app/benchmark/genome/results/ajax/table1/?dataset_id=7), accessed 2026-10-03; raw answer baselines/published/afproject_raw/table1_7.json (SHA-256 16337b3d8641dd3233e04e3854f461b2fb723b3c947e13a5ecbfea22d119fd75)"
FFP,k = 10; FFP_bin -u -s 10  -n [individual input] [individual FFP output]: Repeat for different input files; JSD_matrix_bin -s  -t 4 [individual FFP outputs*] > [output.phy],yersinia_hgt,5,8.00,0.80,0.6429,2019-04-15 08:00,reported,"AFproject results page https://afproject.org/app/benchmark/genome/hgt/unsimulated/yersinia/results/ (data request /app/benchmark/genome/results/ajax/table1/?dataset_id=7), accessed 2026-10-03; raw answer baselines/published/afproject_raw/table1_7.json (SHA-256 16337b3d8641dd3233e04e3854f461b2fb723b3c947e13a5ecbfea22d119fd75)"
kr,default,yersinia_hgt,5,8.00,0.80,0.6143,2019-04-15 08:00,reported,"AFproject results page https://afproject.org/app/benchmark/genome/hgt/unsimulated/yersinia/results/ (data request /app/benchmark/genome/results/ajax/table1/?dataset_id=7), accessed 2026-10-03; raw answer baselines/published/afproject_raw/table1_7.json (SHA-256 16337b3d8641dd3233e04e3854f461b2fb723b3c947e13a5ecbfea22d119fd75)"
kSNP3,k = 12,yersinia_hgt,5,8.00,0.80,0.6143,2019-04-15 08:00,reported,"AFproject results page https://afproject.org/app/benchmark/genome/hgt/unsimulated/yersinia/results/ (data request /app/benchmark/genome/results/ajax/table1/?dataset_id=7), accessed 2026-10-03; raw answer baselines/published/afproject_raw/table1_7.json (SHA-256 16337b3d8641dd3233e04e3854f461b2fb723b3c947e13a5ecbfea22d119fd75)"
lzw-ncd,default,yersinia_hgt,5,8.00,0.80,0.6143,2019-04-15 08:00,reported,"AFproject results page https://afproject.org/app/benchmark/genome/hgt/unsimulated/yersinia/results/ (data request /app/benchmark/genome/results/ajax/table1/?dataset_id=7), accessed 2026-10-03; raw answer baselines/published/afproject_raw/table1_7.json (SHA-256 16337b3d8641dd3233e04e3854f461b2fb723b3c947e13a5ecbfea22d119fd75)"
mash,k = 11 sketch size = 1000,yersinia_hgt,5,8.00,0.80,0.5857,2019-04-15 08:00,reported,"AFproject results page https://afproject.org/app/benchmark/genome/hgt/unsimulated/yersinia/results/ (data request /app/benchmark/genome/results/ajax/table1/?dataset_id=7), accessed 2026-10-03; raw answer baselines/published/afproject_raw/table1_7.json (SHA-256 16337b3d8641dd3233e04e3854f461b2fb723b3c947e13a5ecbfea22d119fd75)"
phylonium,default,yersinia_hgt,5,8.00,0.80,0.6143,2019-04-15 08:00,reported,"AFproject results page https://afproject.org/app/benchmark/genome/hgt/unsimulated/yersinia/results/ (data request /app/benchmark/genome/results/ajax/table1/?dataset_id=7), accessed 2026-10-03; raw answer baselines/published/afproject_raw/table1_7.json (SHA-256 16337b3d8641dd3233e04e3854f461b2fb723b3c947e13a5ecbfea22d119fd75)"
PPN,"Parameter values l=4, t=1",yersinia_hgt,5,8.00,0.80,0.6143,2023-06-13 09:33,reported,"AFproject results page https://afproject.org/app/benchmark/genome/hgt/unsimulated/yersinia/results/ (data request /app/benchmark/genome/results/ajax/table1/?dataset_id=7), accessed 2026-10-03; raw answer baselines/published/afproject_raw/table1_7.json (SHA-256 16337b3d8641dd3233e04e3854f461b2fb723b3c947e13a5ecbfea22d119fd75)"
Skmer,default: k-mer = 31 sketch size = 10000000,yersinia_hgt,5,8.00,0.80,0.6143,2019-05-12 09:37,reported,"AFproject results page https://afproject.org/app/benchmark/genome/hgt/unsimulated/yersinia/results/ (data request /app/benchmark/genome/results/ajax/table1/?dataset_id=7), accessed 2026-10-03; raw answer baselines/published/afproject_raw/table1_7.json (SHA-256 16337b3d8641dd3233e04e3854f461b2fb723b3c947e13a5ecbfea22d119fd75)"
spaced,./spaced -k 14 -d JS unsimulated-yersinia.fa,yersinia_hgt,5,8.00,0.80,0.6429,2019-04-15 08:00,reported,"AFproject results page https://afproject.org/app/benchmark/genome/hgt/unsimulated/yersinia/results/ (data request /app/benchmark/genome/results/ajax/table1/?dataset_id=7), accessed 2026-10-03; raw answer baselines/published/afproject_raw/table1_7.json (SHA-256 16337b3d8641dd3233e04e3854f461b2fb723b3c947e13a5ecbfea22d119fd75)"
AFKS--afd,k = 9,yersinia_hgt,6,10.00,1.00,0.6286,2019-04-15 08:00,reported,"AFproject results page https://afproject.org/app/benchmark/genome/hgt/unsimulated/yersinia/results/ (data request /app/benchmark/genome/results/ajax/table1/?dataset_id=7), accessed 2026-10-03; raw answer baselines/published/afproject_raw/table1_7.json (SHA-256 16337b3d8641dd3233e04e3854f461b2fb723b3c947e13a5ecbfea22d119fd75)"
AFKS--emd,k = 9,yersinia_hgt,6,10.00,1.00,0.7429,2019-04-15 08:00,reported,"AFproject results page https://afproject.org/app/benchmark/genome/hgt/unsimulated/yersinia/results/ (data request /app/benchmark/genome/results/ajax/table1/?dataset_id=7), accessed 2026-10-03; raw answer baselines/published/afproject_raw/table1_7.json (SHA-256 16337b3d8641dd3233e04e3854f461b2fb723b3c947e13a5ecbfea22d119fd75)"
AFKS--length_difference,k = 9,yersinia_hgt,6,10.00,1.00,0.7857,2019-04-15 08:00,reported,"AFproject results page https://afproject.org/app/benchmark/genome/hgt/unsimulated/yersinia/results/ (data request /app/benchmark/genome/results/ajax/table1/?dataset_id=7), accessed 2026-10-03; raw answer baselines/published/afproject_raw/table1_7.json (SHA-256 16337b3d8641dd3233e04e3854f461b2fb723b3c947e13a5ecbfea22d119fd75)"
FSWM/Read-SpaM,./fswm unsimulated-yersinia.fa,yersinia_hgt,6,10.00,1.00,0.7000,2019-04-15 08:00,reported,"AFproject results page https://afproject.org/app/benchmark/genome/hgt/unsimulated/yersinia/results/ (data request /app/benchmark/genome/results/ajax/table1/?dataset_id=7), accessed 2026-10-03; raw answer baselines/published/afproject_raw/table1_7.json (SHA-256 16337b3d8641dd3233e04e3854f461b2fb723b3c947e13a5ecbfea22d119fd75)"
AFKS--rre_k_r,,sim_hgt_0,1,0,0.00,0.0000,,reported,"AFproject results page https://afproject.org/app/benchmark/genome/hgt/simulated/sim_hgt/results/, HGT level 0 (data request /app/benchmark/genome/results/ajax/table2/?dataset_id=8&subdataset_id=15), accessed 2026-10-03; raw answer baselines/published/afproject_raw/table2_15.json (SHA-256 ae972f4d0a9bde124b0e3936d95b24418eded9a71ce0071a4286b2af4e93dfdb)"
alfpy--angle_cos_evol,,sim_hgt_0,1,0,0.00,0.0000,,reported,"AFproject results page https://afproject.org/app/benchmark/genome/hgt/simulated/sim_hgt/results/, HGT level 0 (data request /app/benchmark/genome/results/ajax/table2/?dataset_id=8&subdataset_id=15), accessed 2026-10-03; raw answer baselines/published/afproject_raw/table2_15.json (SHA-256 ae972f4d0a9bde124b0e3936d95b24418eded9a71ce0071a4286b2af4e93dfdb)"
FFP,,sim_hgt_0,1,0,0.00,0.0000,,reported,"AFproject results page https://afproject.org/app/benchmark/genome/hgt/simulated/sim_hgt/results/, HGT level 0 (data request /app/benchmark/genome/results/ajax/table2/?dataset_id=8&subdataset_id=15), accessed 2026-10-03; raw answer baselines/published/afproject_raw/table2_15.json (SHA-256 ae972f4d0a9bde124b0e3936d95b24418eded9a71ce0071a4286b2af4e93dfdb)"
mash,,sim_hgt_0,1,0,0.00,0.0000,,reported,"AFproject results page https://afproject.org/app/benchmark/genome/hgt/simulated/sim_hgt/results/, HGT level 0 (data request /app/benchmark/genome/results/ajax/table2/?dataset_id=8&subdataset_id=15), accessed 2026-10-03; raw answer baselines/published/afproject_raw/table2_15.json (SHA-256 ae972f4d0a9bde124b0e3936d95b24418eded9a71ce0071a4286b2af4e93dfdb)"
jD2Stat--D2S,,sim_hgt_0,1,0,0.00,0.0000,,reported,"AFproject results page https://afproject.org/app/benchmark/genome/hgt/simulated/sim_hgt/results/, HGT level 0 (data request /app/benchmark/genome/results/ajax/table2/?dataset_id=8&subdataset_id=15), accessed 2026-10-03; raw answer baselines/published/afproject_raw/table2_15.json (SHA-256 ae972f4d0a9bde124b0e3936d95b24418eded9a71ce0071a4286b2af4e93dfdb)"
alfpy--braycurtis,,sim_hgt_0,1,0,0.00,0.0000,,reported,"AFproject results page https://afproject.org/app/benchmark/genome/hgt/simulated/sim_hgt/results/, HGT level 0 (data request /app/benchmark/genome/results/ajax/table2/?dataset_id=8&subdataset_id=15), accessed 2026-10-03; raw answer baselines/published/afproject_raw/table2_15.json (SHA-256 ae972f4d0a9bde124b0e3936d95b24418eded9a71ce0071a4286b2af4e93dfdb)"
alfpy--canberra,,sim_hgt_0,1,0,0.00,0.0000,,reported,"AFproject results page https://afproject.org/app/benchmark/genome/hgt/simulated/sim_hgt/results/, HGT level 0 (data request /app/benchmark/genome/results/ajax/table2/?dataset_id=8&subdataset_id=15), accessed 2026-10-03; raw answer baselines/published/afproject_raw/table2_15.json (SHA-256 ae972f4d0a9bde124b0e3936d95b24418eded9a71ce0071a4286b2af4e93dfdb)"
AFKS--markov,,sim_hgt_0,1,0,0.00,0.0000,,reported,"AFproject results page https://afproject.org/app/benchmark/genome/hgt/simulated/sim_hgt/results/, HGT level 0 (data request /app/benchmark/genome/results/ajax/table2/?dataset_id=8&subdataset_id=15), accessed 2026-10-03; raw answer baselines/published/afproject_raw/table2_15.json (SHA-256 ae972f4d0a9bde124b0e3936d95b24418eded9a71ce0071a4286b2af4e93dfdb)"
alfpy--google,,sim_hgt_0,1,0,0.00,0.0000,,reported,"AFproject results page https://afproject.org/app/benchmark/genome/hgt/simulated/sim_hgt/results/, HGT level 0 (data request /app/benchmark/genome/results/ajax/table2/?dataset_id=8&subdataset_id=15), accessed 2026-10-03; raw answer baselines/published/afproject_raw/table2_15.json (SHA-256 ae972f4d0a9bde124b0e3936d95b24418eded9a71ce0071a4286b2af4e93dfdb)"
AFKS--kl_conditional,,sim_hgt_0,1,0,0.00,0.0000,,reported,"AFproject results page https://afproject.org/app/benchmark/genome/hgt/simulated/sim_hgt/results/, HGT level 0 (data request /app/benchmark/genome/results/ajax/table2/?dataset_id=8&subdataset_id=15), accessed 2026-10-03; raw answer baselines/published/afproject_raw/table2_15.json (SHA-256 ae972f4d0a9bde124b0e3936d95b24418eded9a71ce0071a4286b2af4e93dfdb)"
alfpy--manhattan,,sim_hgt_0,1,0,0.00,0.0000,,reported,"AFproject results page https://afproject.org/app/benchmark/genome/hgt/simulated/sim_hgt/results/, HGT level 0 (data request /app/benchmark/genome/results/ajax/table2/?dataset_id=8&subdataset_id=15), accessed 2026-10-03; raw answer baselines/published/afproject_raw/table2_15.json (SHA-256 ae972f4d0a9bde124b0e3936d95b24418eded9a71ce0071a4286b2af4e93dfdb)"
alfpy--minkowski,,sim_hgt_0,1,0,0.00,0.0000,,reported,"AFproject results page https://afproject.org/app/benchmark/genome/hgt/simulated/sim_hgt/results/, HGT level 0 (data request /app/benchmark/genome/results/ajax/table2/?dataset_id=8&subdataset_id=15), accessed 2026-10-03; raw answer baselines/published/afproject_raw/table2_15.json (SHA-256 ae972f4d0a9bde124b0e3936d95b24418eded9a71ce0071a4286b2af4e93dfdb)"
alfpy--lcc,,sim_hgt_0,1,0,0.00,0.0000,,reported,"AFproject results page https://afproject.org/app/benchmark/genome/hgt/simulated/sim_hgt/results/, HGT level 0 (data request /app/benchmark/genome/results/ajax/table2/?dataset_id=8&subdataset_id=15), accessed 2026-10-03; raw answer baselines/published/afproject_raw/table2_15.json (SHA-256 ae972f4d0a9bde124b0e3936d95b24418eded9a71ce0071a4286b2af4e93dfdb)"
alfpy--jsd,,sim_hgt_0,1,0,0.00,0.0000,,reported,"AFproject results page https://afproject.org/app/benchmark/genome/hgt/simulated/sim_hgt/results/, HGT level 0 (data request /app/benchmark/genome/results/ajax/table2/?dataset_id=8&subdataset_id=15), accessed 2026-10-03; raw answer baselines/published/afproject_raw/table2_15.json (SHA-256 ae972f4d0a9bde124b0e3936d95b24418eded9a71ce0071a4286b2af4e93dfdb)"
alfpy--euclid_norm,,sim_hgt_0,1,0,0.00,0.0000,,reported,"AFproject results page https://afproject.org/app/benchmark/genome/hgt/simulated/sim_hgt/results/, HGT level 0 (data request /app/benchmark/genome/results/ajax/table2/?dataset_id=8&subdataset_id=15), accessed 2026-10-03; raw answer baselines/published/afproject_raw/table2_15.json (SHA-256 ae972f4d0a9bde124b0e3936d95b24418eded9a71ce0071a4286b2af4e93dfdb)"
cafe--cvtree,,sim_hgt_0,1,0,0.00,0.0000,,reported,"AFproject results page https://afproject.org/app/benchmark/genome/hgt/simulated/sim_hgt/results/, HGT level 0 (data request /app/benchmark/genome/results/ajax/table2/?dataset_id=8&subdataset_id=15), accessed 2026-10-03; raw answer baselines/published/afproject_raw/table2_15.json (SHA-256 ae972f4d0a9bde124b0e3936d95b24418eded9a71ce0071a4286b2af4e93dfdb)"
alfpy--angle_cos_diss,,sim_hgt_0,1,0,0.00,0.0000,,reported,"AFproject results page https://afproject.org/app/benchmark/genome/hgt/simulated/sim_hgt/results/, HGT level 0 (data request /app/benchmark/genome/results/ajax/table2/?dataset_id=8&subdataset_id=15), accessed 2026-10-03; raw answer baselines/published/afproject_raw/table2_15.json (SHA-256 ae972f4d0a9bde124b0e3936d95b24418eded9a71ce0071a4286b2af4e93dfdb)"
ALFRED-G,,sim_hgt_0,1,0,0.00,0.0000,,reported,"AFproject results page https://afproject.org/app/benchmark/genome/hgt/simulated/sim_hgt/results/, HGT level 0 (data request /app/benchmark/genome/results/ajax/table2/?dataset_id=8&subdataset_id=15), accessed 2026-10-03; raw answer baselines/published/afproject_raw/table2_15.json (SHA-256 ae972f4d0a9bde124b0e3936d95b24418eded9a71ce0071a4286b2af4e93dfdb)"
kmacs,,sim_hgt_0,1,0,0.00,0.0000,,reported,"AFproject results page https://afproject.org/app/benchmark/genome/hgt/simulated/sim_hgt/results/, HGT level 0 (data request /app/benchmark/genome/results/ajax/table2/?dataset_id=8&subdataset_id=15), accessed 2026-10-03; raw answer baselines/published/afproject_raw/table2_15.json (SHA-256 ae972f4d0a9bde124b0e3936d95b24418eded9a71ce0071a4286b2af4e93dfdb)"
alfpy--euclid_squared,,sim_hgt_0,1,0,0.00,0.0000,,reported,"AFproject results page https://afproject.org/app/benchmark/genome/hgt/simulated/sim_hgt/results/, HGT level 0 (data request /app/benchmark/genome/results/ajax/table2/?dataset_id=8&subdataset_id=15), accessed 2026-10-03; raw answer baselines/published/afproject_raw/table2_15.json (SHA-256 ae972f4d0a9bde124b0e3936d95b24418eded9a71ce0071a4286b2af4e93dfdb)"
Skmer,,sim_hgt_0,2,2,0.03,0.0032,,reported,"AFproject results page https://afproject.org/app/benchmark/genome/hgt/simulated/sim_hgt/results/, HGT level 0 (data request /app/benchmark/genome/results/ajax/table2/?dataset_id=8&subdataset_id=15), accessed 2026-10-03; raw answer baselines/published/afproject_raw/table2_15.json (SHA-256 ae972f4d0a9bde124b0e3936d95b24418eded9a71ce0071a4286b2af4e93dfdb)"
spaced,,sim_hgt_0,3,4,0.07,0.0059,,reported,"AFproject results page https://afproject.org/app/benchmark/genome/hgt/simulated/sim_hgt/results/, HGT level 0 (data request /app/benchmark/genome/results/ajax/table2/?dataset_id=8&subdataset_id=15), accessed 2026-10-03; raw answer baselines/published/afproject_raw/table2_15.json (SHA-256 ae972f4d0a9bde124b0e3936d95b24418eded9a71ce0071a4286b2af4e93dfdb)"
cafe--d2star,,sim_hgt_0,3,4,0.07,0.0059,,reported,"AFproject results page https://afproject.org/app/benchmark/genome/hgt/simulated/sim_hgt/results/, HGT level 0 (data request /app/benchmark/genome/results/ajax/table2/?dataset_id=8&subdataset_id=15), accessed 2026-10-03; raw answer baselines/published/afproject_raw/table2_15.json (SHA-256 ae972f4d0a9bde124b0e3936d95b24418eded9a71ce0071a4286b2af4e93dfdb)"
kSNP3,,sim_hgt_0,4,10,0.17,0.0877,,reported,"AFproject results page https://afproject.org/app/benchmark/genome/hgt/simulated/sim_hgt/results/, HGT level 0 (data request /app/benchmark/genome/results/ajax/table2/?dataset_id=8&subdataset_id=15), accessed 2026-10-03; raw answer baselines/published/afproject_raw/table2_15.json (SHA-256 ae972f4d0a9bde124b0e3936d95b24418eded9a71ce0071a4286b2af4e93dfdb)"
co-phylog,,sim_hgt_0,4,10,0.17,0.0556,,reported,"AFproject results page https://afproject.org/app/benchmark/genome/hgt/simulated/sim_hgt/results/, HGT level 0 (data request /app/benchmark/genome/results/ajax/table2/?dataset_id=8&subdataset_id=15), accessed 2026-10-03; raw answer baselines/published/afproject_raw/table2_15.json (SHA-256 ae972f4d0a9bde124b0e3936d95b24418eded9a71ce0071a4286b2af4e93dfdb)"
AFKS--jaccard,,sim_hgt_0,5,12,0.20,0.2276,,reported,"AFproject results page https://afproject.org/app/benchmark/genome/hgt/simulated/sim_hgt/results/, HGT level 0 (data request /app/benchmark/genome/results/ajax/table2/?dataset_id=8&subdataset_id=15), accessed 2026-10-03; raw answer baselines/published/afproject_raw/table2_15.json (SHA-256 ae972f4d0a9bde124b0e3936d95b24418eded9a71ce0071a4286b2af4e93dfdb)"
AFKS--mismatch,,sim_hgt_0,5,12,0.20,0.2276,,reported,"AFproject results page https://afproject.org/app/benchmark/genome/hgt/simulated/sim_hgt/results/, HGT level 0 (data request /app/benchmark/genome/results/ajax/table2/?dataset_id=8&subdataset_id=15), accessed 2026-10-03; raw answer baselines/published/afproject_raw/table2_15.json (SHA-256 ae972f4d0a9bde124b0e3936d95b24418eded9a71ce0071a4286b2af4e93dfdb)"
AFKS--spearman,,sim_hgt_0,5,12,0.20,0.2276,,reported,"AFproject results page https://afproject.org/app/benchmark/genome/hgt/simulated/sim_hgt/results/, HGT level 0 (data request /app/benchmark/genome/results/ajax/table2/?dataset_id=8&subdataset_id=15), accessed 2026-10-03; raw answer baselines/published/afproject_raw/table2_15.json (SHA-256 ae972f4d0a9bde124b0e3936d95b24418eded9a71ce0071a4286b2af4e93dfdb)"
jD2Stat--D2St,,sim_hgt_0,5,12,0.20,0.1875,,reported,"AFproject results page https://afproject.org/app/benchmark/genome/hgt/simulated/sim_hgt/results/, HGT level 0 (data request /app/benchmark/genome/results/ajax/table2/?dataset_id=8&subdataset_id=15), accessed 2026-10-03; raw answer baselines/published/afproject_raw/table2_15.json (SHA-256 ae972f4d0a9bde124b0e3936d95b24418eded9a71ce0071a4286b2af4e93dfdb)"
AFKS--kulczynski1,,sim_hgt_0,6,14,0.23,0.2458,,reported,"AFproject results page https://afproject.org/app/benchmark/genome/hgt/simulated/sim_hgt/results/, HGT level 0 (data request /app/benchmark/genome/results/ajax/table2/?dataset_id=8&subdataset_id=15), accessed 2026-10-03; raw answer baselines/published/afproject_raw/table2_15.json (SHA-256 ae972f4d0a9bde124b0e3936d95b24418eded9a71ce0071a4286b2af4e93dfdb)"
AFKS--intersection,,sim_hgt_0,6,14,0.23,0.2458,,reported,"AFproject results page https://afproject.org/app/benchmark/genome/hgt/simulated/sim_hgt/results/, HGT level 0 (data request /app/benchmark/genome/results/ajax/table2/?dataset_id=8&subdataset_id=15), accessed 2026-10-03; raw answer baselines/published/afproject_raw/table2_15.json (SHA-256 ae972f4d0a9bde124b0e3936d95b24418eded9a71ce0071a4286b2af4e93dfdb)"
Multi-SpaM,,sim_hgt_0,6,14,0.23,0.2188,,reported,"AFproject results page https://afproject.org/app/benchmark/genome/hgt/simulated/sim_hgt/results/, HGT level 0 (data request /app/benchmark/genome/results/ajax/table2/?dataset_id=8&subdataset_id=15), accessed 2026-10-03; raw answer baselines/published/afproject_raw/table2_15.json (SHA-256 ae972f4d0a9bde124b0e3936d95b24418eded9a71ce0071a4286b2af4e93dfdb)"
AFKS--manhattan,,sim_hgt_0,6,14,0.23,0.2458,,reported,"AFproject results page https://afproject.org/app/benchmark/genome/hgt/simulated/sim_hgt/results/, HGT level 0 (data request /app/benchmark/genome/results/ajax/table2/?dataset_id=8&subdataset_id=15), accessed 2026-10-03; raw answer baselines/published/afproject_raw/table2_15.json (SHA-256 ae972f4d0a9bde124b0e3936d95b24418eded9a71ce0071a4286b2af4e93dfdb)"
AFKS--kulczynski2,,sim_hgt_0,6,14,0.23,0.2458,,reported,"AFproject results page https://afproject.org/app/benchmark/genome/hgt/simulated/sim_hgt/results/, HGT level 0 (data request /app/benchmark/genome/results/ajax/table2/?dataset_id=8&subdataset_id=15), accessed 2026-10-03; raw answer baselines/published/afproject_raw/table2_15.json (SHA-256 ae972f4d0a9bde124b0e3936d95b24418eded9a71ce0071a4286b2af4e93dfdb)"
AFKS--canberra,,sim_hgt_0,6,14,0.23,0.2458,,reported,"AFproject results page https://afproject.org/app/benchmark/genome/hgt/simulated/sim_hgt/results/, HGT level 0 (data request /app/benchmark/genome/results/ajax/table2/?dataset_id=8&subdataset_id=15), accessed 2026-10-03; raw answer baselines/published/afproject_raw/table2_15.json (SHA-256 ae972f4d0a9bde124b0e3936d95b24418eded9a71ce0071a4286b2af4e93dfdb)"
FSWM/Read-SpaM,,sim_hgt_0,7,16,0.27,0.2139,,reported,"AFproject results page https://afproject.org/app/benchmark/genome/hgt/simulated/sim_hgt/results/, HGT level 0 (data request /app/benchmark/genome/results/ajax/table2/?dataset_id=8&subdataset_id=15), accessed 2026-10-03; raw answer baselines/published/afproject_raw/table2_15.json (SHA-256 ae972f4d0a9bde124b0e3936d95b24418eded9a71ce0071a4286b2af4e93dfdb)"
AFKS--hellinger,,sim_hgt_0,7,16,0.27,0.2483,,reported,"AFproject results page https://afproject.org/app/benchmark/genome/hgt/simulated/sim_hgt/results/, HGT level 0 (data request /app/benchmark/genome/results/ajax/table2/?dataset_id=8&subdataset_id=15), accessed 2026-10-03; raw answer baselines/published/afproject_raw/table2_15.json (SHA-256 ae972f4d0a9bde124b0e3936d95b24418eded9a71ce0071a4286b2af4e93dfdb)"
AFKS--sim_mm,,sim_hgt_0,7,16,0.27,0.1577,,reported,"AFproject results page https://afproject.org/app/benchmark/genome/hgt/simulated/sim_hgt/results/, HGT level 0 (data request /app/benchmark/genome/results/ajax/table2/?dataset_id=8&subdataset_id=15), accessed 2026-10-03; raw answer baselines/published/afproject_raw/table2_15.json (SHA-256 ae972f4d0a9bde124b0e3936d95b24418eded9a71ce0071a4286b2af4e93dfdb)"
AFKS--euclidean_z,,sim_hgt_0,7,16,0.27,0.2513,,reported,"AFproject results page https://afproject.org/app/benchmark/genome/hgt/simulated/sim_hgt/results/, HGT level 0 (data request /app/benchmark/genome/results/ajax/table2/?dataset_id=8&subdataset_id=15), accessed 2026-10-03; raw answer baselines/published/afproject_raw/table2_15.json (SHA-256 ae972f4d0a9bde124b0e3936d95b24418eded9a71ce0071a4286b2af4e93dfdb)"
AFKS--normalized_vectors,,sim_hgt_0,7,16,0.27,0.2483,,reported,"AFproject results page https://afproject.org/app/benchmark/genome/hgt/simulated/sim_hgt/results/, HGT level 0 (data request /app/benchmark/genome/results/ajax/table2/?dataset_id=8&subdataset_id=15), accessed 2026-10-03; raw answer baselines/published/afproject_raw/table2_15.json (SHA-256 ae972f4d0a9bde124b0e3936d95b24418eded9a71ce0071a4286b2af4e93dfdb)"
AFKS--pearson,,sim_hgt_0,7,16,0.27,0.2513,,reported,"AFproject results page https://afproject.org/app/benchmark/genome/hgt/simulated/sim_hgt/results/, HGT level 0 (data request /app/benchmark/genome/results/ajax/table2/?dataset_id=8&subdataset_id=15), accessed 2026-10-03; raw answer baselines/published/afproject_raw/table2_15.json (SHA-256 ae972f4d0a9bde124b0e3936d95b24418eded9a71ce0071a4286b2af4e93dfdb)"
AFKS--euclidean,,sim_hgt_0,7,16,0.27,0.2483,,reported,"AFproject results page https://afproject.org/app/benchmark/genome/hgt/simulated/sim_hgt/results/, HGT level 0 (data request /app/benchmark/genome/results/ajax/table2/?dataset_id=8&subdataset_id=15), accessed 2026-10-03; raw answer baselines/published/afproject_raw/table2_15.json (SHA-256 ae972f4d0a9bde124b0e3936d95b24418eded9a71ce0071a4286b2af4e93dfdb)"
cafe--d2shepp,,sim_hgt_0,7,16,0.27,0.2513,,reported,"AFproject results page https://afproject.org/app/benchmark/genome/hgt/simulated/sim_hgt/results/, HGT level 0 (data request /app/benchmark/genome/results/ajax/table2/?dataset_id=8&subdataset_id=15), accessed 2026-10-03; raw answer baselines/published/afproject_raw/table2_15.json (SHA-256 ae972f4d0a9bde124b0e3936d95b24418eded9a71ce0071a4286b2af4e93dfdb)"
AFKS--simratio,,sim_hgt_0,7,16,0.27,0.2505,,reported,"AFproject results page https://afproject.org/app/benchmark/genome/hgt/simulated/sim_hgt/results/, HGT level 0 (data request /app/benchmark/genome/results/ajax/table2/?dataset_id=8&subdataset_id=15), accessed 2026-10-03; raw answer baselines/published/afproject_raw/table2_15.json (SHA-256 ae972f4d0a9bde124b0e3936d95b24418eded9a71ce0071a4286b2af4e93dfdb)"
AFKS--d2z,,sim_hgt_0,7,16,0.27,0.2513,,reported,"AFproject results page https://afproject.org/app/benchmark/genome/hgt/simulated/sim_hgt/results/, HGT level 0 (data request /app/benchmark/genome/results/ajax/table2/?dataset_id=8&subdataset_id=15), accessed 2026-10-03; raw answer baselines/published/afproject_raw/table2_15.json (SHA-256 ae972f4d0a9bde124b0e3936d95b24418eded9a71ce0071a4286b2af4e93dfdb)"
AFKS--jefferey_divergence,,sim_hgt_0,8,18,0.30,0.2379,,reported,"AFproject results page https://afproject.org/app/benchmark/genome/hgt/simulated/sim_hgt/results/, HGT level 0 (data request /app/benchmark/genome/results/ajax/table2/?dataset_id=8&subdataset_id=15), accessed 2026-10-03; raw answer baselines/published/afproject_raw/table2_15.json (SHA-256 ae972f4d0a9bde124b0e3936d95b24418eded9a71ce0071a4286b2af4e93dfdb)"
AFKS--chi_squared,,sim_hgt_0,8,18,0.30,0.2379,,reported,"AFproject results page https://afproject.org/app/benchmark/genome/hgt/simulated/sim_hgt/results/, HGT level 0 (data request /app/benchmark/genome/results/ajax/table2/?dataset_id=8&subdataset_id=15), accessed 2026-10-03; raw answer baselines/published/afproject_raw/table2_15.json (SHA-256 ae972f4d0a9bde124b0e3936d95b24418eded9a71ce0071a4286b2af4e93dfdb)"
AFKS--jensen_shannon,,sim_hgt_0,8,18,0.30,0.2379,,reported,"AFproject results page https://afproject.org/app/benchmark/genome/hgt/simulated/sim_hgt/results/, HGT level 0 (data request /app/benchmark/genome/results/ajax/table2/?dataset_id=8&subdataset_id=15), accessed 2026-10-03; raw answer baselines/published/afproject_raw/table2_15.json (SHA-256 ae972f4d0a9bde124b0e3936d95b24418eded9a71ce0071a4286b2af4e93dfdb)"
alfpy--kld,,sim_hgt_0,8,18,0.30,0.1613,,reported,"AFproject results page https://afproject.org/app/benchmark/genome/hgt/simulated/sim_hgt/results/, HGT level 0 (data request /app/benchmark/genome/results/ajax/table2/?dataset_id=8&subdataset_id=15), accessed 2026-10-03; raw answer baselines/published/afproject_raw/table2_15.json (SHA-256 ae972f4d0a9bde124b0e3936d95b24418eded9a71ce0071a4286b2af4e93dfdb)"
AFKS--k_divergence,,sim_hgt_0,8,18,0.30,0.2372,,reported,"AFproject results page https://afproject.org/app/benchmark/genome/hgt/simulated/sim_hgt/results/, HGT level 0 (data request /app/benchmark/genome/results/ajax/table2/?dataset_id=8&subdataset_id=15), accessed 2026-10-03; raw answer baselines/published/afproject_raw/table2_15.json (SHA-256 ae972f4d0a9bde124b0e3936d95b24418eded9a71ce0071a4286b2af4e93dfdb)"
AFKS--d2s,,sim_hgt_0,8,18,0.30,0.2024,,reported,"AFproject results page https://afproject.org/app/benchmark/genome/hgt/simulated/sim_hgt/results/, HGT level 0 (data request /app/benchmark/genome/results/ajax/table2/?dataset_id=8&subdataset_id=15), accessed 2026-10-03; raw answer baselines/published/afproject_raw/table2_15.json (SHA-256 ae972f4d0a9bde124b0e3936d95b24418eded9a71ce0071a4286b2af4e93dfdb)"
AFKS--harmonic_mean,,sim_hgt_0,8,18,0.30,0.2379,,reported,"AFproject results page https://afproject.org/app/benchmark/genome/hgt/simulated/sim_hgt/results/, HGT level 0 (data request /app/benchmark/genome/results/ajax/table2/?dataset_id=8&subdataset_id=15), accessed 2026-10-03; raw answer baselines/published/afproject_raw/table2_15.json (SHA-256 ae972f4d0a9bde124b0e3936d95b24418eded9a71ce0071a4286b2af4e93dfdb)"
AFKS--squared_chord,,sim_hgt_0,8,18,0.30,0.2379,,reported,"AFproject results page https://afproject.org/app/benchmark/genome/hgt/simulated/sim_hgt/results/, HGT level 0 (data request /app/benchmark/genome/results/ajax/table2/?dataset_id=8&subdataset_id=15), accessed 2026-10-03; raw answer baselines/published/afproject_raw/table2_15.json (SHA-256 ae972f4d0a9bde124b0e3936d95b24418eded9a71ce0071a4286b2af4e93dfdb)"
AFKS--n2rc,,sim_hgt_0,9,22,0.37,0.3290,,reported,"AFproject results page https://afproject.org/app/benchmark/genome/hgt/simulated/sim_hgt/results/, HGT level 0 (data request /app/benchmark/genome/results/ajax/table2/?dataset_id=8&subdataset_id=15), accessed 2026-10-03; raw answer baselines/published/afproject_raw/table2_15.json (SHA-256 ae972f4d0a9bde124b0e3936d95b24418eded9a71ce0071a4286b2af4e93dfdb)"
AFKS--n2rrc,,sim_hgt_0,9,22,0.37,0.3290,,reported,"AFproject results page https://afproject.org/app/benchmark/genome/hgt/simulated/sim_hgt/results/, HGT level 0 (data request /app/benchmark/genome/results/ajax/table2/?dataset_id=8&subdataset_id=15), accessed 2026-10-03; raw answer baselines/published/afproject_raw/table2_15.json (SHA-256 ae972f4d0a9bde124b0e3936d95b24418eded9a71ce0071a4286b2af4e93dfdb)"
AFKS--n2r,,sim_hgt_0,9,22,0.37,0.3290,,reported,"AFproject results page https://afproject.org/app/benchmark/genome/hgt/simulated/sim_hgt/results/, HGT level 0 (data request /app/benchmark/genome/results/ajax/table2/?dataset_id=8&subdataset_id=15), accessed 2026-10-03; raw answer baselines/published/afproject_raw/table2_15.json (SHA-256 ae972f4d0a9bde124b0e3936d95b24418eded9a71ce0071a4286b2af4e93dfdb)"
CD-MAWS,,sim_hgt_0,10,24,0.40,0.3251,,reported,"AFproject results page https://afproject.org/app/benchmark/genome/hgt/simulated/sim_hgt/results/, HGT level 0 (data request /app/benchmark/genome/results/ajax/table2/?dataset_id=8&subdataset_id=15), accessed 2026-10-03; raw answer baselines/published/afproject_raw/table2_15.json (SHA-256 ae972f4d0a9bde124b0e3936d95b24418eded9a71ce0071a4286b2af4e93dfdb)"
3D CGR signature 10,,sim_hgt_0,11,26,0.43,0.3398,,reported,"AFproject results page https://afproject.org/app/benchmark/genome/hgt/simulated/sim_hgt/results/, HGT level 0 (data request /app/benchmark/genome/results/ajax/table2/?dataset_id=8&subdataset_id=15), accessed 2026-10-03; raw answer baselines/published/afproject_raw/table2_15.json (SHA-256 ae972f4d0a9bde124b0e3936d95b24418eded9a71ce0071a4286b2af4e93dfdb)"
AFKS--d2_star,,sim_hgt_0,12,28,0.47,0.3514,,reported,"AFproject results page https://afproject.org/app/benchmark/genome/hgt/simulated/sim_hgt/results/, HGT level 0 (data request /app/benchmark/genome/results/ajax/table2/?dataset_id=8&subdataset_id=15), accessed 2026-10-03; raw answer baselines/published/afproject_raw/table2_15.json (SHA-256 ae972f4d0a9bde124b0e3936d95b24418eded9a71ce0071a4286b2af4e93dfdb)"
alfpy--chebyshev,,sim_hgt_0,13,36,0.60,0.3804,,reported,"AFproject results page https://afproject.org/app/benchmark/genome/hgt/simulated/sim_hgt/results/, HGT level 0 (data request /app/benchmark/genome/results/ajax/table2/?dataset_id=8&subdataset_id=15), accessed 2026-10-03; raw answer baselines/published/afproject_raw/table2_15.json (SHA-256 ae972f4d0a9bde124b0e3936d95b24418eded9a71ce0071a4286b2af4e93dfdb)"
lzw-kernel,,sim_hgt_0,14,40,0.67,0.3873,,reported,"AFproject results page https://afproject.org/app/benchmark/genome/hgt/simulated/sim_hgt/results/, HGT level 0 (data request /app/benchmark/genome/results/ajax/table2/?dataset_id=8&subdataset_id=15), accessed 2026-10-03; raw answer baselines/published/afproject_raw/table2_15.json (SHA-256 ae972f4d0a9bde124b0e3936d95b24418eded9a71ce0071a4286b2af4e93dfdb)"
kr,,sim_hgt_0,15,44,0.73,0.3640,,reported,"AFproject results page https://afproject.org/app/benchmark/genome/hgt/simulated/sim_hgt/results/, HGT level 0 (data request /app/benchmark/genome/results/ajax/table2/?dataset_id=8&subdataset_id=15), accessed 2026-10-03; raw answer baselines/published/afproject_raw/table2_15.json (SHA-256 ae972f4d0a9bde124b0e3936d95b24418eded9a71ce0071a4286b2af4e93dfdb)"
lzw-ncd,,sim_hgt_0,16,46,0.77,0.4198,,reported,"AFproject results page https://afproject.org/app/benchmark/genome/hgt/simulated/sim_hgt/results/, HGT level 0 (data request /app/benchmark/genome/results/ajax/table2/?dataset_id=8&subdataset_id=15), accessed 2026-10-03; raw answer baselines/published/afproject_raw/table2_15.json (SHA-256 ae972f4d0a9bde124b0e3936d95b24418eded9a71ce0071a4286b2af4e93dfdb)"
AFKS--afd,,sim_hgt_0,17,48,0.80,0.3702,,reported,"AFproject results page https://afproject.org/app/benchmark/genome/hgt/simulated/sim_hgt/results/, HGT level 0 (data request /app/benchmark/genome/results/ajax/table2/?dataset_id=8&subdataset_id=15), accessed 2026-10-03; raw answer baselines/published/afproject_raw/table2_15.json (SHA-256 ae972f4d0a9bde124b0e3936d95b24418eded9a71ce0071a4286b2af4e93dfdb)"
AFKS--emd,,sim_hgt_0,18,52,0.87,0.4470,,reported,"AFproject results page https://afproject.org/app/benchmark/genome/hgt/simulated/sim_hgt/results/, HGT level 0 (data request /app/benchmark/genome/results/ajax/table2/?dataset_id=8&subdataset_id=15), accessed 2026-10-03; raw answer baselines/published/afproject_raw/table2_15.json (SHA-256 ae972f4d0a9bde124b0e3936d95b24418eded9a71ce0071a4286b2af4e93dfdb)"
rtd-phylogeny,,sim_hgt_0,18,52,0.87,0.4474,,reported,"AFproject results page https://afproject.org/app/benchmark/genome/hgt/simulated/sim_hgt/results/, HGT level 0 (data request /app/benchmark/genome/results/ajax/table2/?dataset_id=8&subdataset_id=15), accessed 2026-10-03; raw answer baselines/published/afproject_raw/table2_15.json (SHA-256 ae972f4d0a9bde124b0e3936d95b24418eded9a71ce0071a4286b2af4e93dfdb)"
EP-sim,,sim_hgt_0,19,58,0.97,0.4672,,reported,"AFproject results page https://afproject.org/app/benchmark/genome/hgt/simulated/sim_hgt/results/, HGT level 0 (data request /app/benchmark/genome/results/ajax/table2/?dataset_id=8&subdataset_id=15), accessed 2026-10-03; raw answer baselines/published/afproject_raw/table2_15.json (SHA-256 ae972f4d0a9bde124b0e3936d95b24418eded9a71ce0071a4286b2af4e93dfdb)"
jD2Stat--D2n,,sim_hgt_0,19,58,0.97,0.4682,,reported,"AFproject results page https://afproject.org/app/benchmark/genome/hgt/simulated/sim_hgt/results/, HGT level 0 (data request /app/benchmark/genome/results/ajax/table2/?dataset_id=8&subdataset_id=15), accessed 2026-10-03; raw answer baselines/published/afproject_raw/table2_15.json (SHA-256 ae972f4d0a9bde124b0e3936d95b24418eded9a71ce0071a4286b2af4e93dfdb)"
AFKS--length_difference,,sim_hgt_0,20,60,1.00,0.4671,,reported,"AFproject results page https://afproject.org/app/benchmark/genome/hgt/simulated/sim_hgt/results/, HGT level 0 (data request /app/benchmark/genome/results/ajax/table2/?dataset_id=8&subdataset_id=15), accessed 2026-10-03; raw answer baselines/published/afproject_raw/table2_15.json (SHA-256 ae972f4d0a9bde124b0e3936d95b24418eded9a71ce0071a4286b2af4e93dfdb)"
SAL-TRIPL,,sim_hgt_0,20,60,1.00,0.6725,,reported,"AFproject results page https://afproject.org/app/benchmark/genome/hgt/simulated/sim_hgt/results/, HGT level 0 (data request /app/benchmark/genome/results/ajax/table2/?dataset_id=8&subdataset_id=15), accessed 2026-10-03; raw answer baselines/published/afproject_raw/table2_15.json (SHA-256 ae972f4d0a9bde124b0e3936d95b24418eded9a71ce0071a4286b2af4e93dfdb)"
alfpy--angle_cos_evol,,sim_hgt_250,1,0,0.00,0.0000,,reported,"AFproject results page https://afproject.org/app/benchmark/genome/hgt/simulated/sim_hgt/results/, HGT level 250 (data request /app/benchmark/genome/results/ajax/table2/?dataset_id=8&subdataset_id=16), accessed 2026-10-03; raw answer baselines/published/afproject_raw/table2_16.json (SHA-256 58a420c1f8f97b32bd097fcbac028674cc7f95c27ababee7d6c0fdcfec2e5787)"
FFP,,sim_hgt_250,1,0,0.00,0.0000,,reported,"AFproject results page https://afproject.org/app/benchmark/genome/hgt/simulated/sim_hgt/results/, HGT level 250 (data request /app/benchmark/genome/results/ajax/table2/?dataset_id=8&subdataset_id=16), accessed 2026-10-03; raw answer baselines/published/afproject_raw/table2_16.json (SHA-256 58a420c1f8f97b32bd097fcbac028674cc7f95c27ababee7d6c0fdcfec2e5787)"
mash,,sim_hgt_250,1,0,0.00,0.0000,,reported,"AFproject results page https://afproject.org/app/benchmark/genome/hgt/simulated/sim_hgt/results/, HGT level 250 (data request /app/benchmark/genome/results/ajax/table2/?dataset_id=8&subdataset_id=16), accessed 2026-10-03; raw answer baselines/published/afproject_raw/table2_16.json (SHA-256 58a420c1f8f97b32bd097fcbac028674cc7f95c27ababee7d6c0fdcfec2e5787)"
alfpy--braycurtis,,sim_hgt_250,1,0,0.00,0.0000,,reported,"AFproject results page https://afproject.org/app/benchmark/genome/hgt/simulated/sim_hgt/results/, HGT level 250 (data request /app/benchmark/genome/results/ajax/table2/?dataset_id=8&subdataset_id=16), accessed 2026-10-03; raw answer baselines/published/afproject_raw/table2_16.json (SHA-256 58a420c1f8f97b32bd097fcbac028674cc7f95c27ababee7d6c0fdcfec2e5787)"
alfpy--canberra,,sim_hgt_250,1,0,0.00,0.0000,,reported,"AFproject results page https://afproject.org/app/benchmark/genome/hgt/simulated/sim_hgt/results/, HGT level 250 (data request /app/benchmark/genome/results/ajax/table2/?dataset_id=8&subdataset_id=16), accessed 2026-10-03; raw answer baselines/published/afproject_raw/table2_16.json (SHA-256 58a420c1f8f97b32bd097fcbac028674cc7f95c27ababee7d6c0fdcfec2e5787)"
AFKS--markov,,sim_hgt_250,1,0,0.00,0.0000,,reported,"AFproject results page https://afproject.org/app/benchmark/genome/hgt/simulated/sim_hgt/results/, HGT level 250 (data request /app/benchmark/genome/results/ajax/table2/?dataset_id=8&subdataset_id=16), accessed 2026-10-03; raw answer baselines/published/afproject_raw/table2_16.json (SHA-256 58a420c1f8f97b32bd097fcbac028674cc7f95c27ababee7d6c0fdcfec2e5787)"
alfpy--google,,sim_hgt_250,1,0,0.00,0.0000,,reported,"AFproject results page https://afproject.org/app/benchmark/genome/hgt/simulated/sim_hgt/results/, HGT level 250 (data request /app/benchmark/genome/results/ajax/table2/?dataset_id=8&subdataset_id=16), accessed 2026-10-03; raw answer baselines/published/afproject_raw/table2_16.json (SHA-256 58a420c1f8f97b32bd097fcbac028674cc7f95c27ababee7d6c0fdcfec2e5787)"
AFKS--kl_conditional,,sim_hgt_250,1,0,0.00,0.0000,,reported,"AFproject results page https://afproject.org/app/benchmark/genome/hgt/simulated/sim_hgt/results/, HGT level 250 (data request /app/benchmark/genome/results/ajax/table2/?dataset_id=8&subdataset_id=16), accessed 2026-10-03; raw answer baselines/published/afproject_raw/table2_16.json (SHA-256 58a420c1f8f97b32bd097fcbac028674cc7f95c27ababee7d6c0fdcfec2e5787)"
alfpy--manhattan,,sim_hgt_250,1,0,0.00,0.0000,,reported,"AFproject results page https://afproject.org/app/benchmark/genome/hgt/simulated/sim_hgt/results/, HGT level 250 (data request /app/benchmark/genome/results/ajax/table2/?dataset_id=8&subdataset_id=16), accessed 2026-10-03; raw answer baselines/published/afproject_raw/table2_16.json (SHA-256 58a420c1f8f97b32bd097fcbac028674cc7f95c27ababee7d6c0fdcfec2e5787)"
alfpy--lcc,,sim_hgt_250,1,0,0.00,0.0000,,reported,"AFproject results page https://afproject.org/app/benchmark/genome/hgt/simulated/sim_hgt/results/, HGT level 250 (data request /app/benchmark/genome/results/ajax/table2/?dataset_id=8&subdataset_id=16), accessed 2026-10-03; raw answer baselines/published/afproject_raw/table2_16.json (SHA-256 58a420c1f8f97b32bd097fcbac028674cc7f95c27ababee7d6c0fdcfec2e5787)"
alfpy--jsd,,sim_hgt_250,1,0,0.00,0.0000,,reported,"AFproject results page https://afproject.org/app/benchmark/genome/hgt/simulated/sim_hgt/results/, HGT level 250 (data request /app/benchmark/genome/results/ajax/table2/?dataset_id=8&subdataset_id=16), accessed 2026-10-03; raw answer baselines/published/afproject_raw/table2_16.json (SHA-256 58a420c1f8f97b32bd097fcbac028674cc7f95c27ababee7d6c0fdcfec2e5787)"
cafe--cvtree,,sim_hgt_250,1,0,0.00,0.0000,,reported,"AFproject results page https://afproject.org/app/benchmark/genome/hgt/simulated/sim_hgt/results/, HGT level 250 (data request /app/benchmark/genome/results/ajax/table2/?dataset_id=8&subdataset_id=16), accessed 2026-10-03; raw answer baselines/published/afproject_raw/table2_16.json (SHA-256 58a420c1f8f97b32bd097fcbac028674cc7f95c27ababee7d6c0fdcfec2e5787)"
alfpy--angle_cos_diss,,sim_hgt_250,1,0,0.00,0.0000,,reported,"AFproject results page https://afproject.org/app/benchmark/genome/hgt/simulated/sim_hgt/results/, HGT level 250 (data request /app/benchmark/genome/results/ajax/table2/?dataset_id=8&subdataset_id=16), accessed 2026-10-03; raw answer baselines/published/afproject_raw/table2_16.json (SHA-256 58a420c1f8f97b32bd097fcbac028674cc7f95c27ababee7d6c0fdcfec2e5787)"
ALFRED-G,,sim_hgt_250,1,0,0.00,0.0000,,reported,"AFproject results page https://afproject.org/app/benchmark/genome/hgt/simulated/sim_hgt/results/, HGT level 250 (data request /app/benchmark/genome/results/ajax/table2/?dataset_id=8&subdataset_id=16), accessed 2026-10-03; raw answer baselines/published/afproject_raw/table2_16.json (SHA-256 58a420c1f8f97b32bd097fcbac028674cc7f95c27ababee7d6c0fdcfec2e5787)"
kmacs,,sim_hgt_250,1,0,0.00,0.0000,,reported,"AFproject results page https://afproject.org/app/benchmark/genome/hgt/simulated/sim_hgt/results/, HGT level 250 (data request /app/benchmark/genome/results/ajax/table2/?dataset_id=8&subdataset_id=16), accessed 2026-10-03; raw answer baselines/published/afproject_raw/table2_16.json (SHA-256 58a420c1f8f97b32bd097fcbac028674cc7f95c27ababee7d6c0fdcfec2e5787)"
alfpy--euclid_squared,,sim_hgt_250,1,0,0.00,0.0000,,reported,"AFproject results page https://afproject.org/app/benchmark/genome/hgt/simulated/sim_hgt/results/, HGT level 250 (data request /app/benchmark/genome/results/ajax/table2/?dataset_id=8&subdataset_id=16), accessed 2026-10-03; raw answer baselines/published/afproject_raw/table2_16.json (SHA-256 58a420c1f8f97b32bd097fcbac028674cc7f95c27ababee7d6c0fdcfec2e5787)"
Skmer,,sim_hgt_250,2,2,0.03,0.0862,,reported,"AFproject results page https://afproject.org/app/benchmark/genome/hgt/simulated/sim_hgt/results/, HGT level 250 (data request /app/benchmark/genome/results/ajax/table2/?dataset_id=8&subdataset_id=16), accessed 2026-10-03; raw answer baselines/published/afproject_raw/table2_16.json (SHA-256 58a420c1f8f97b32bd097fcbac028674cc7f95c27ababee7d6c0fdcfec2e5787)"
AFKS--rre_k_r,,sim_hgt_250,2,2,0.03,0.0862,,reported,"AFproject results page https://afproject.org/app/benchmark/genome/hgt/simulated/sim_hgt/results/, HGT level 250 (data request /app/benchmark/genome/results/ajax/table2/?dataset_id=8&subdataset_id=16), accessed 2026-10-03; raw answer baselines/published/afproject_raw/table2_16.json (SHA-256 58a420c1f8f97b32bd097fcbac028674cc7f95c27ababee7d6c0fdcfec2e5787)"
jD2Stat--D2S,,sim_hgt_250,2,2,0.03,0.0862,,reported,"AFproject results page https://afproject.org/app/benchmark/genome/hgt/simulated/sim_hgt/results/, HGT level 250 (data request /app/benchmark/genome/results/ajax/table2/?dataset_id=8&subdataset_id=16), accessed 2026-10-03; raw answer baselines/published/afproject_raw/table2_16.json (SHA-256 58a420c1f8f97b32bd097fcbac028674cc7f95c27ababee7d6c0fdcfec2e5787)"
spaced,,sim_hgt_250,2,2,0.03,0.0027,,reported,"AFproject results page https://afproject.org/app/benchmark/genome/hgt/simulated/sim_hgt/results/, HGT level 250 (data request /app/benchmark/genome/results/ajax/table2/?dataset_id=8&subdataset_id=16), accessed 2026-10-03; raw answer baselines/published/afproject_raw/table2_16.json (SHA-256 58a420c1f8f97b32bd097fcbac028674cc7f95c27ababee7d6c0fdcfec2e5787)"
kSNP3,,sim_hgt_250,2,2,0.03,0.0027,,reported,"AFproject results page https://afproject.org/app/benchmark/genome/hgt/simulated/sim_hgt/results/, HGT level 250 (data request /app/benchmark/genome/results/ajax/table2/?dataset_id=8&subdataset_id=16), accessed 2026-10-03; raw answer baselines/published/afproject_raw/table2_16.json (SHA-256 58a420c1f8f97b32bd097fcbac028674cc7f95c27ababee7d6c0fdcfec2e5787)"
alfpy--minkowski,,sim_hgt_250,2,2,0.03,0.0032,,reported,"AFproject results page https://afproject.org/app/benchmark/genome/hgt/simulated/sim_hgt/results/, HGT level 250 (data request /app/benchmark/genome/results/ajax/table2/?dataset_id=8&subdataset_id=16), accessed 2026-10-03; raw answer baselines/published/afproject_raw/table2_16.json (SHA-256 58a420c1f8f97b32bd097fcbac028674cc7f95c27ababee7d6c0fdcfec2e5787)"
alfpy--euclid_norm,,sim_hgt_250,2,2,0.03,0.0032,,reported,"AFproject results page https://afproject.org/app/benchmark/genome/hgt/simulated/sim_hgt/results/, HGT level 250 (data request /app/benchmark/genome/results/ajax/table2/?dataset_id=8&subdataset_id=16), accessed 2026-10-03; raw answer baselines/published/afproject_raw/table2_16.json (SHA-256 58a420c1f8f97b32bd097fcbac028674cc7f95c27ababee7d6c0fdcfec2e5787)"
cafe--d2star,,sim_hgt_250,3,4,0.07,0.0059,,reported,"AFproject results page https://afproject.org/app/benchmark/genome/hgt/simulated/sim_hgt/results/, HGT level 250 (data request /app/benchmark/genome/results/ajax/table2/?dataset_id=8&subdataset_id=16), accessed 2026-10-03; raw answer baselines/published/afproject_raw/table2_16.json (SHA-256 58a420c1f8f97b32bd097fcbac028674cc7f95c27ababee7d6c0fdcfec2e5787)"
AFKS--jaccard,,sim_hgt_250,4,10,0.17,0.2244,,reported,"AFproject results page https://afproject.org/app/benchmark/genome/hgt/simulated/sim_hgt/results/, HGT level 250 (data request /app/benchmark/genome/results/ajax/table2/?dataset_id=8&subdataset_id=16), accessed 2026-10-03; raw answer baselines/published/afproject_raw/table2_16.json (SHA-256 58a420c1f8f97b32bd097fcbac028674cc7f95c27ababee7d6c0fdcfec2e5787)"
AFKS--mismatch,,sim_hgt_250,5,12,0.20,0.2276,,reported,"AFproject results page https://afproject.org/app/benchmark/genome/hgt/simulated/sim_hgt/results/, HGT level 250 (data request /app/benchmark/genome/results/ajax/table2/?dataset_id=8&subdataset_id=16), accessed 2026-10-03; raw answer baselines/published/afproject_raw/table2_16.json (SHA-256 58a420c1f8f97b32bd097fcbac028674cc7f95c27ababee7d6c0fdcfec2e5787)"
AFKS--canberra,,sim_hgt_250,5,12,0.20,0.2346,,reported,"AFproject results page https://afproject.org/app/benchmark/genome/hgt/simulated/sim_hgt/results/, HGT level 250 (data request /app/benchmark/genome/results/ajax/table2/?dataset_id=8&subdataset_id=16), accessed 2026-10-03; raw answer baselines/published/afproject_raw/table2_16.json (SHA-256 58a420c1f8f97b32bd097fcbac028674cc7f95c27ababee7d6c0fdcfec2e5787)"
AFKS--kulczynski1,,sim_hgt_250,6,14,0.23,0.2458,,reported,"AFproject results page https://afproject.org/app/benchmark/genome/hgt/simulated/sim_hgt/results/, HGT level 250 (data request /app/benchmark/genome/results/ajax/table2/?dataset_id=8&subdataset_id=16), accessed 2026-10-03; raw answer baselines/published/afproject_raw/table2_16.json (SHA-256 58a420c1f8f97b32bd097fcbac028674cc7f95c27ababee7d6c0fdcfec2e5787)"
jD2Stat--D2St,,sim_hgt_250,6,14,0.23,0.1905,,reported,"AFproject results page https://afproject.org/app/benchmark/genome/hgt/simulated/sim_hgt/results/, HGT level 250 (data request /app/benchmark/genome/results/ajax/table2/?dataset_id=8&subdataset_id=16), accessed 2026-10-03; raw answer baselines/published/afproject_raw/table2_16.json (SHA-256 58a420c1f8f97b32bd097fcbac028674cc7f95c27ababee7d6c0fdcfec2e5787)"
AFKS--intersection,,sim_hgt_250,7,16,0.27,0.2996,,reported,"AFproject results page https://afproject.org/app/benchmark/genome/hgt/simulated/sim_hgt/results/, HGT level 250 (data request /app/benchmark/genome/results/ajax/table2/?dataset_id=8&subdataset_id=16), accessed 2026-10-03; raw answer baselines/published/afproject_raw/table2_16.json (SHA-256 58a420c1f8f97b32bd097fcbac028674cc7f95c27ababee7d6c0fdcfec2e5787)"
AFKS--spearman,,sim_hgt_250,7,16,0.27,0.2708,,reported,"AFproject results page https://afproject.org/app/benchmark/genome/hgt/simulated/sim_hgt/results/, HGT level 250 (data request /app/benchmark/genome/results/ajax/table2/?dataset_id=8&subdataset_id=16), accessed 2026-10-03; raw answer baselines/published/afproject_raw/table2_16.json (SHA-256 58a420c1f8f97b32bd097fcbac028674cc7f95c27ababee7d6c0fdcfec2e5787)"
AFKS--manhattan,,sim_hgt_250,7,16,0.27,0.2996,,reported,"AFproject results page https://afproject.org/app/benchmark/genome/hgt/simulated/sim_hgt/results/, HGT level 250 (data request /app/benchmark/genome/results/ajax/table2/?dataset_id=8&subdataset_id=16), accessed 2026-10-03; raw answer baselines/published/afproject_raw/table2_16.json (SHA-256 58a420c1f8f97b32bd097fcbac028674cc7f95c27ababee7d6c0fdcfec2e5787)"
AFKS--n2rc,,sim_hgt_250,7,16,0.27,0.3074,,reported,"AFproject results page https://afproject.org/app/benchmark/genome/hgt/simulated/sim_hgt/results/, HGT level 250 (data request /app/benchmark/genome/results/ajax/table2/?dataset_id=8&subdataset_id=16), accessed 2026-10-03; raw answer baselines/published/afproject_raw/table2_16.json (SHA-256 58a420c1f8f97b32bd097fcbac028674cc7f95c27ababee7d6c0fdcfec2e5787)"
AFKS--kulczynski2,,sim_hgt_250,7,16,0.27,0.2996,,reported,"AFproject results page https://afproject.org/app/benchmark/genome/hgt/simulated/sim_hgt/results/, HGT level 250 (data request /app/benchmark/genome/results/ajax/table2/?dataset_id=8&subdataset_id=16), accessed 2026-10-03; raw answer baselines/published/afproject_raw/table2_16.json (SHA-256 58a420c1f8f97b32bd097fcbac028674cc7f95c27ababee7d6c0fdcfec2e5787)"
AFKS--n2r,,sim_hgt_250,7,16,0.27,0.3074,,reported,"AFproject results page https://afproject.org/app/benchmark/genome/hgt/simulated/sim_hgt/results/, HGT level 250 (data request /app/benchmark/genome/results/ajax/table2/?dataset_id=8&subdataset_id=16), accessed 2026-10-03; raw answer baselines/published/afproject_raw/table2_16.json (SHA-256 58a420c1f8f97b32bd097fcbac028674cc7f95c27ababee7d6c0fdcfec2e5787)"
AFKS--jefferey_divergence,,sim_hgt_250,8,18,0.30,0.3108,,reported,"AFproject results page https://afproject.org/app/benchmark/genome/hgt/simulated/sim_hgt/results/, HGT level 250 (data request /app/benchmark/genome/results/ajax/table2/?dataset_id=8&subdataset_id=16), accessed 2026-10-03; raw answer baselines/published/afproject_raw/table2_16.json (SHA-256 58a420c1f8f97b32bd097fcbac028674cc7f95c27ababee7d6c0fdcfec2e5787)"
FSWM/Read-SpaM,,sim_hgt_250,8,18,0.30,0.2483,,reported,"AFproject results page https://afproject.org/app/benchmark/genome/hgt/simulated/sim_hgt/results/, HGT level 250 (data request /app/benchmark/genome/results/ajax/table2/?dataset_id=8&subdataset_id=16), accessed 2026-10-03; raw answer baselines/published/afproject_raw/table2_16.json (SHA-256 58a420c1f8f97b32bd097fcbac028674cc7f95c27ababee7d6c0fdcfec2e5787)"
AFKS--chi_squared,,sim_hgt_250,8,18,0.30,0.3136,,reported,"AFproject results page https://afproject.org/app/benchmark/genome/hgt/simulated/sim_hgt/results/, HGT level 250 (data request /app/benchmark/genome/results/ajax/table2/?dataset_id=8&subdataset_id=16), accessed 2026-10-03; raw answer baselines/published/afproject_raw/table2_16.json (SHA-256 58a420c1f8f97b32bd097fcbac028674cc7f95c27ababee7d6c0fdcfec2e5787)"
AFKS--jensen_shannon,,sim_hgt_250,8,18,0.30,0.3108,,reported,"AFproject results page https://afproject.org/app/benchmark/genome/hgt/simulated/sim_hgt/results/, HGT level 250 (data request /app/benchmark/genome/results/ajax/table2/?dataset_id=8&subdataset_id=16), accessed 2026-10-03; raw answer baselines/published/afproject_raw/table2_16.json (SHA-256 58a420c1f8f97b32bd097fcbac028674cc7f95c27ababee7d6c0fdcfec2e5787)"
AFKS--hellinger,,sim_hgt_250,8,18,0.30,0.3108,,reported,"AFproject results page https://afproject.org/app/benchmark/genome/hgt/simulated/sim_hgt/results/, HGT level 250 (data request /app/benchmark/genome/results/ajax/table2/?dataset_id=8&subdataset_id=16), accessed 2026-10-03; raw answer baselines/published/afproject_raw/table2_16.json (SHA-256 58a420c1f8f97b32bd097fcbac028674cc7f95c27ababee7d6c0fdcfec2e5787)"
alfpy--kld,,sim_hgt_250,8,18,0.30,0.3051,,reported,"AFproject results page https://afproject.org/app/benchmark/genome/hgt/simulated/sim_hgt/results/, HGT level 250 (data request /app/benchmark/genome/results/ajax/table2/?dataset_id=8&subdataset_id=16), accessed 2026-10-03; raw answer baselines/published/afproject_raw/table2_16.json (SHA-256 58a420c1f8f97b32bd097fcbac028674cc7f95c27ababee7d6c0fdcfec2e5787)"
AFKS--k_divergence,,sim_hgt_250,8,18,0.30,0.3108,,reported,"AFproject results page https://afproject.org/app/benchmark/genome/hgt/simulated/sim_hgt/results/, HGT level 250 (data request /app/benchmark/genome/results/ajax/table2/?dataset_id=8&subdataset_id=16), accessed 2026-10-03; raw answer baselines/published/afproject_raw/table2_16.json (SHA-256 58a420c1f8f97b32bd097fcbac028674cc7f95c27ababee7d6c0fdcfec2e5787)"
AFKS--sim_mm,,sim_hgt_250,8,18,0.30,0.1902,,reported,"AFproject results page https://afproject.org/app/benchmark/genome/hgt/simulated/sim_hgt/results/, HGT level 250 (data request /app/benchmark/genome/results/ajax/table2/?dataset_id=8&subdataset_id=16), accessed 2026-10-03; raw answer baselines/published/afproject_raw/table2_16.json (SHA-256 58a420c1f8f97b32bd097fcbac028674cc7f95c27ababee7d6c0fdcfec2e5787)"
AFKS--normalized_vectors,,sim_hgt_250,8,18,0.30,0.3108,,reported,"AFproject results page https://afproject.org/app/benchmark/genome/hgt/simulated/sim_hgt/results/, HGT level 250 (data request /app/benchmark/genome/results/ajax/table2/?dataset_id=8&subdataset_id=16), accessed 2026-10-03; raw answer baselines/published/afproject_raw/table2_16.json (SHA-256 58a420c1f8f97b32bd097fcbac028674cc7f95c27ababee7d6c0fdcfec2e5787)"
Multi-SpaM,,sim_hgt_250,8,18,0.30,0.2207,,reported,"AFproject results page https://afproject.org/app/benchmark/genome/hgt/simulated/sim_hgt/results/, HGT level 250 (data request /app/benchmark/genome/results/ajax/table2/?dataset_id=8&subdataset_id=16), accessed 2026-10-03; raw answer baselines/published/afproject_raw/table2_16.json (SHA-256 58a420c1f8f97b32bd097fcbac028674cc7f95c27ababee7d6c0fdcfec2e5787)"
AFKS--pearson,,sim_hgt_250,8,18,0.30,0.3166,,reported,"AFproject results page https://afproject.org/app/benchmark/genome/hgt/simulated/sim_hgt/results/, HGT level 250 (data request /app/benchmark/genome/results/ajax/table2/?dataset_id=8&subdataset_id=16), accessed 2026-10-03; raw answer baselines/published/afproject_raw/table2_16.json (SHA-256 58a420c1f8f97b32bd097fcbac028674cc7f95c27ababee7d6c0fdcfec2e5787)"
co-phylog,,sim_hgt_250,8,18,0.30,0.2394,,reported,"AFproject results page https://afproject.org/app/benchmark/genome/hgt/simulated/sim_hgt/results/, HGT level 250 (data request /app/benchmark/genome/results/ajax/table2/?dataset_id=8&subdataset_id=16), accessed 2026-10-03; raw answer baselines/published/afproject_raw/table2_16.json (SHA-256 58a420c1f8f97b32bd097fcbac028674cc7f95c27ababee7d6c0fdcfec2e5787)"
AFKS--d2s,,sim_hgt_250,8,18,0.30,0.3136,,reported,"AFproject results page https://afproject.org/app/benchmark/genome/hgt/simulated/sim_hgt/results/, HGT level 250 (data request /app/benchmark/genome/results/ajax/table2/?dataset_id=8&subdataset_id=16), accessed 2026-10-03; raw answer baselines/published/afproject_raw/table2_16.json (SHA-256 58a420c1f8f97b32bd097fcbac028674cc7f95c27ababee7d6c0fdcfec2e5787)"
AFKS--harmonic_mean,,sim_hgt_250,8,18,0.30,0.3136,,reported,"AFproject results page https://afproject.org/app/benchmark/genome/hgt/simulated/sim_hgt/results/, HGT level 250 (data request /app/benchmark/genome/results/ajax/table2/?dataset_id=8&subdataset_id=16), accessed 2026-10-03; raw answer baselines/published/afproject_raw/table2_16.json (SHA-256 58a420c1f8f97b32bd097fcbac028674cc7f95c27ababee7d6c0fdcfec2e5787)"
cafe--d2shepp,,sim_hgt_250,8,18,0.30,0.2698,,reported,"AFproject results page https://afproject.org/app/benchmark/genome/hgt/simulated/sim_hgt/results/, HGT level 250 (data request /app/benchmark/genome/results/ajax/table2/?dataset_id=8&subdataset_id=16), accessed 2026-10-03; raw answer baselines/published/afproject_raw/table2_16.json (SHA-256 58a420c1f8f97b32bd097fcbac028674cc7f95c27ababee7d6c0fdcfec2e5787)"
AFKS--squared_chord,,sim_hgt_250,8,18,0.30,0.3136,,reported,"AFproject results page https://afproject.org/app/benchmark/genome/hgt/simulated/sim_hgt/results/, HGT level 250 (data request /app/benchmark/genome/results/ajax/table2/?dataset_id=8&subdataset_id=16), accessed 2026-10-03; raw answer baselines/published/afproject_raw/table2_16.json (SHA-256 58a420c1f8f97b32bd097fcbac028674cc7f95c27ababee7d6c0fdcfec2e5787)"
AFKS--n2rrc,,sim_hgt_250,8,18,0.30,0.3238,,reported,"AFproject results page https://afproject.org/app/benchmark/genome/hgt/simulated/sim_hgt/results/, HGT level 250 (data request /app/benchmark/genome/results/ajax/table2/?dataset_id=8&subdataset_id=16), accessed 2026-10-03; raw answer baselines/published/afproject_raw/table2_16.json (SHA-256 58a420c1f8f97b32bd097fcbac028674cc7f95c27ababee7d6c0fdcfec2e5787)"
AFKS--d2z,,sim_hgt_250,8,18,0.30,0.3166,,reported,"AFproject results page https://afproject.org/app/benchmark/genome/hgt/simulated/sim_hgt/results/, HGT level 250 (data request /app/benchmark/genome/results/ajax/table2/?dataset_id=8&subdataset_id=16), accessed 2026-10-03; raw answer baselines/published/afproject_raw/table2_16.json (SHA-256 58a420c1f8f97b32bd097fcbac028674cc7f95c27ababee7d6c0fdcfec2e5787)"
AFKS--euclidean_z,,sim_hgt_250,9,20,0.33,0.3141,,reported,"AFproject results page https://afproject.org/app/benchmark/genome/hgt/simulated/sim_hgt/results/, HGT level 250 (data request /app/benchmark/genome/results/ajax/table2/?dataset_id=8&subdataset_id=16), accessed 2026-10-03; raw answer baselines/published/afproject_raw/table2_16.json (SHA-256 58a420c1f8f97b32bd097fcbac028674cc7f95c27ababee7d6c0fdcfec2e5787)"
AFKS--euclidean,,sim_hgt_250,9,20,0.33,0.3111,,reported,"AFproject results page https://afproject.org/app/benchmark/genome/hgt/simulated/sim_hgt/results/, HGT level 250 (data request /app/benchmark/genome/results/ajax/table2/?dataset_id=8&subdataset_id=16), accessed 2026-10-03; raw answer baselines/published/afproject_raw/table2_16.json (SHA-256 58a420c1f8f97b32bd097fcbac028674cc7f95c27ababee7d6c0fdcfec2e5787)"
AFKS--simratio,,sim_hgt_250,9,20,0.33,0.3169,,reported,"AFproject results page https://afproject.org/app/benchmark/genome/hgt/simulated/sim_hgt/results/, HGT level 250 (data request /app/benchmark/genome/results/ajax/table2/?dataset_id=8&subdataset_id=16), accessed 2026-10-03; raw answer baselines/published/afproject_raw/table2_16.json (SHA-256 58a420c1f8f97b32bd097fcbac028674cc7f95c27ababee7d6c0fdcfec2e5787)"
CD-MAWS,,sim_hgt_250,10,24,0.40,0.3363,,reported,"AFproject results page https://afproject.org/app/benchmark/genome/hgt/simulated/sim_hgt/results/, HGT level 250 (data request /app/benchmark/genome/results/ajax/table2/?dataset_id=8&subdataset_id=16), accessed 2026-10-03; raw answer baselines/published/afproject_raw/table2_16.json (SHA-256 58a420c1f8f97b32bd097fcbac028674cc7f95c27ababee7d6c0fdcfec2e5787)"
3D CGR signature 10,,sim_hgt_250,10,24,0.40,0.3781,,reported,"AFproject results page https://afproject.org/app/benchmark/genome/hgt/simulated/sim_hgt/results/, HGT level 250 (data request /app/benchmark/genome/results/ajax/table2/?dataset_id=8&subdataset_id=16), accessed 2026-10-03; raw answer baselines/published/afproject_raw/table2_16.json (SHA-256 58a420c1f8f97b32bd097fcbac028674cc7f95c27ababee7d6c0fdcfec2e5787)"
AFKS--d2_star,,sim_hgt_250,11,28,0.47,0.3500,,reported,"AFproject results page https://afproject.org/app/benchmark/genome/hgt/simulated/sim_hgt/results/, HGT level 250 (data request /app/benchmark/genome/results/ajax/table2/?dataset_id=8&subdataset_id=16), accessed 2026-10-03; raw answer baselines/published/afproject_raw/table2_16.json (SHA-256 58a420c1f8f97b32bd097fcbac028674cc7f95c27ababee7d6c0fdcfec2e5787)"
kr,,sim_hgt_250,12,32,0.53,0.2609,,reported,"AFproject results page https://afproject.org/app/benchmark/genome/hgt/simulated/sim_hgt/results/, HGT level 250 (data request /app/benchmark/genome/results/ajax/table2/?dataset_id=8&subdataset_id=16), accessed 2026-10-03; raw answer baselines/published/afproject_raw/table2_16.json (SHA-256 58a420c1f8f97b32bd097fcbac028674cc7f95c27ababee7d6c0fdcfec2e5787)"
alfpy--chebyshev,,sim_hgt_250,13,38,0.63,0.4328,,reported,"AFproject results page https://afproject.org/app/benchmark/genome/hgt/simulated/sim_hgt/results/, HGT level 250 (data request /app/benchmark/genome/results/ajax/table2/?dataset_id=8&subdataset_id=16), accessed 2026-10-03; raw answer baselines/published/afproject_raw/table2_16.json (SHA-256 58a420c1f8f97b32bd097fcbac028674cc7f95c27ababee7d6c0fdcfec2e5787)"
lzw-kernel,,sim_hgt_250,14,40,0.67,0.4075,,reported,"AFproject results page https://afproject.org/app/benchmark/genome/hgt/simulated/sim_hgt/results/, HGT level 250 (data request /app/benchmark/genome/results/ajax/table2/?dataset_id=8&subdataset_id=16), accessed 2026-10-03; raw answer baselines/published/afproject_raw/table2_16.json (SHA-256 58a420c1f8f97b32bd097fcbac028674cc7f95c27ababee7d6c0fdcfec2e5787)"
lzw-ncd,,sim_hgt_250,15,46,0.77,0.4209,,reported,"AFproject results page https://afproject.org/app/benchmark/genome/hgt/simulated/sim_hgt/results/, HGT level 250 (data request /app/benchmark/genome/results/ajax/table2/?dataset_id=8&subdataset_id=16), accessed 2026-10-03; raw answer baselines/published/afproject_raw/table2_16.json (SHA-256 58a420c1f8f97b32bd097fcbac028674cc7f95c27ababee7d6c0fdcfec2e5787)"
AFKS--emd,,sim_hgt_250,16,50,0.83,0.4610,,reported,"AFproject results page https://afproject.org/app/benchmark/genome/hgt/simulated/sim_hgt/results/, HGT level 250 (data request /app/benchmark/genome/results/ajax/table2/?dataset_id=8&subdataset_id=16), accessed 2026-10-03; raw answer baselines/published/afproject_raw/table2_16.json (SHA-256 58a420c1f8f97b32bd097fcbac028674cc7f95c27ababee7d6c0fdcfec2e5787)"
AFKS--afd,,sim_hgt_250,16,50,0.83,0.5908,,reported,"AFproject results page https://afproject.org/app/benchmark/genome/hgt/simulated/sim_hgt/results/, HGT level 250 (data request /app/benchmark/genome/results/ajax/table2/?dataset_id=8&subdataset_id=16), accessed 2026-10-03; raw answer baselines/published/afproject_raw/table2_16.json (SHA-256 58a420c1f8f97b32bd097fcbac028674cc7f95c27ababee7d6c0fdcfec2e5787)"
rtd-phylogeny,,sim_hgt_250,16,50,0.83,0.4747,,reported,"AFproject results page https://afproject.org/app/benchmark/genome/hgt/simulated/sim_hgt/results/, HGT level 250 (data request /app/benchmark/genome/results/ajax/table2/?dataset_id=8&subdataset_id=16), accessed 2026-10-03; raw answer baselines/published/afproject_raw/table2_16.json (SHA-256 58a420c1f8f97b32bd097fcbac028674cc7f95c27ababee7d6c0fdcfec2e5787)"
EP-sim,,sim_hgt_250,17,54,0.90,0.4355,,reported,"AFproject results page https://afproject.org/app/benchmark/genome/hgt/simulated/sim_hgt/results/, HGT level 250 (data request /app/benchmark/genome/results/ajax/table2/?dataset_id=8&subdataset_id=16), accessed 2026-10-03; raw answer baselines/published/afproject_raw/table2_16.json (SHA-256 58a420c1f8f97b32bd097fcbac028674cc7f95c27ababee7d6c0fdcfec2e5787)"
AFKS--length_difference,,sim_hgt_250,18,60,1.00,0.4662,,reported,"AFproject results page https://afproject.org/app/benchmark/genome/hgt/simulated/sim_hgt/results/, HGT level 250 (data request /app/benchmark/genome/results/ajax/table2/?dataset_id=8&subdataset_id=16), accessed 2026-10-03; raw answer baselines/published/afproject_raw/table2_16.json (SHA-256 58a420c1f8f97b32bd097fcbac028674cc7f95c27ababee7d6c0fdcfec2e5787)"
jD2Stat--D2n,,sim_hgt_250,18,60,1.00,0.4987,,reported,"AFproject results page https://afproject.org/app/benchmark/genome/hgt/simulated/sim_hgt/results/, HGT level 250 (data request /app/benchmark/genome/results/ajax/table2/?dataset_id=8&subdataset_id=16), accessed 2026-10-03; raw answer baselines/published/afproject_raw/table2_16.json (SHA-256 58a420c1f8f97b32bd097fcbac028674cc7f95c27ababee7d6c0fdcfec2e5787)"
SAL-TRIPL,,sim_hgt_250,18,60,1.00,0.6693,,reported,"AFproject results page https://afproject.org/app/benchmark/genome/hgt/simulated/sim_hgt/results/, HGT level 250 (data request /app/benchmark/genome/results/ajax/table2/?dataset_id=8&subdataset_id=16), accessed 2026-10-03; raw answer baselines/published/afproject_raw/table2_16.json (SHA-256 58a420c1f8f97b32bd097fcbac028674cc7f95c27ababee7d6c0fdcfec2e5787)"
cafe--cvtree,,sim_hgt_500,1,0,0.00,0.0000,,reported,"AFproject results page https://afproject.org/app/benchmark/genome/hgt/simulated/sim_hgt/results/, HGT level 500 (data request /app/benchmark/genome/results/ajax/table2/?dataset_id=8&subdataset_id=17), accessed 2026-10-03; raw answer baselines/published/afproject_raw/table2_17.json (SHA-256 1d95d9d372a9a8f4370afeef8d6989a9da59f3467ac1785d5d311f653c82ff05)"
mash,,sim_hgt_500,2,2,0.03,0.0862,,reported,"AFproject results page https://afproject.org/app/benchmark/genome/hgt/simulated/sim_hgt/results/, HGT level 500 (data request /app/benchmark/genome/results/ajax/table2/?dataset_id=8&subdataset_id=17), accessed 2026-10-03; raw answer baselines/published/afproject_raw/table2_17.json (SHA-256 1d95d9d372a9a8f4370afeef8d6989a9da59f3467ac1785d5d311f653c82ff05)"
AFKS--markov,,sim_hgt_500,2,2,0.03,0.0176,,reported,"AFproject results page https://afproject.org/app/benchmark/genome/hgt/simulated/sim_hgt/results/, HGT level 500 (data request /app/benchmark/genome/results/ajax/table2/?dataset_id=8&subdataset_id=17), accessed 2026-10-03; raw answer baselines/published/afproject_raw/table2_17.json (SHA-256 1d95d9d372a9a8f4370afeef8d6989a9da59f3467ac1785d5d311f653c82ff05)"
AFKS--rre_k_r,,sim_hgt_500,3,4,0.07,0.0894,,reported,"AFproject results page https://afproject.org/app/benchmark/genome/hgt/simulated/sim_hgt/results/, HGT level 500 (data request /app/benchmark/genome/results/ajax/table2/?dataset_id=8&subdataset_id=17), accessed 2026-10-03; raw answer baselines/published/afproject_raw/table2_17.json (SHA-256 1d95d9d372a9a8f4370afeef8d6989a9da59f3467ac1785d5d311f653c82ff05)"
AFKS--kl_conditional,,sim_hgt_500,3,4,0.07,0.0894,,reported,"AFproject results page https://afproject.org/app/benchmark/genome/hgt/simulated/sim_hgt/results/, HGT level 500 (data request /app/benchmark/genome/results/ajax/table2/?dataset_id=8&subdataset_id=17), accessed 2026-10-03; raw answer baselines/published/afproject_raw/table2_17.json (SHA-256 1d95d9d372a9a8f4370afeef8d6989a9da59f3467ac1785d5d311f653c82ff05)"
Skmer,,sim_hgt_500,4,6,0.10,0.0454,,reported,"AFproject results page https://afproject.org/app/benchmark/genome/hgt/simulated/sim_hgt/results/, HGT level 500 (data request /app/benchmark/genome/results/ajax/table2/?dataset_id=8&subdataset_id=17), accessed 2026-10-03; raw answer baselines/published/afproject_raw/table2_17.json (SHA-256 1d95d9d372a9a8f4370afeef8d6989a9da59f3467ac1785d5d311f653c82ff05)"
alfpy--angle_cos_evol,,sim_hgt_500,4,6,0.10,0.0454,,reported,"AFproject results page https://afproject.org/app/benchmark/genome/hgt/simulated/sim_hgt/results/, HGT level 500 (data request /app/benchmark/genome/results/ajax/table2/?dataset_id=8&subdataset_id=17), accessed 2026-10-03; raw answer baselines/published/afproject_raw/table2_17.json (SHA-256 1d95d9d372a9a8f4370afeef8d6989a9da59f3467ac1785d5d311f653c82ff05)"
FFP,,sim_hgt_500,4,6,0.10,0.0454,,reported,"AFproject results page https://afproject.org/app/benchmark/genome/hgt/simulated/sim_hgt/results/, HGT level 500 (data request /app/benchmark/genome/results/ajax/table2/?dataset_id=8&subdataset_id=17), accessed 2026-10-03; raw answer baselines/published/afproject_raw/table2_17.json (SHA-256 1d95d9d372a9a8f4370afeef8d6989a9da59f3467ac1785d5d311f653c82ff05)"
jD2Stat--D2S,,sim_hgt_500,4,6,0.10,0.0454,,reported,"AFproject results page https://afproject.org/app/benchmark/genome/hgt/simulated/sim_hgt/results/, HGT level 500 (data request /app/benchmark/genome/results/ajax/table2/?dataset_id=8&subdataset_id=17), accessed 2026-10-03; raw answer baselines/published/afproject_raw/table2_17.json (SHA-256 1d95d9d372a9a8f4370afeef8d6989a9da59f3467ac1785d5d311f653c82ff05)"
alfpy--braycurtis,,sim_hgt_500,4,6,0.10,0.0454,,reported,"AFproject results page https://afproject.org/app/benchmark/genome/hgt/simulated/sim_hgt/results/, HGT level 500 (data request /app/benchmark/genome/results/ajax/table2/?dataset_id=8&subdataset_id=17), accessed 2026-10-03; raw answer baselines/published/afproject_raw/table2_17.json (SHA-256 1d95d9d372a9a8f4370afeef8d6989a9da59f3467ac1785d5d311f653c82ff05)"
alfpy--canberra,,sim_hgt_500,4,6,0.10,0.0454,,reported,"AFproject results page https://afproject.org/app/benchmark/genome/hgt/simulated/sim_hgt/results/, HGT level 500 (data request /app/benchmark/genome/results/ajax/table2/?dataset_id=8&subdataset_id=17), accessed 2026-10-03; raw answer baselines/published/afproject_raw/table2_17.json (SHA-256 1d95d9d372a9a8f4370afeef8d6989a9da59f3467ac1785d5d311f653c82ff05)"
alfpy--google,,sim_hgt_500,4,6,0.10,0.0454,,reported,"AFproject results page https://afproject.org/app/benchmark/genome/hgt/simulated/sim_hgt/results/, HGT level 500 (data request /app/benchmark/genome/results/ajax/table2/?dataset_id=8&subdataset_id=17), accessed 2026-10-03; raw answer baselines/published/afproject_raw/table2_17.json (SHA-256 1d95d9d372a9a8f4370afeef8d6989a9da59f3467ac1785d5d311f653c82ff05)"
spaced,,sim_hgt_500,4,6,0.10,0.0921,,reported,"AFproject results page https://afproject.org/app/benchmark/genome/hgt/simulated/sim_hgt/results/, HGT level 500 (data request /app/benchmark/genome/results/ajax/table2/?dataset_id=8&subdataset_id=17), accessed 2026-10-03; raw answer baselines/published/afproject_raw/table2_17.json (SHA-256 1d95d9d372a9a8f4370afeef8d6989a9da59f3467ac1785d5d311f653c82ff05)"
alfpy--manhattan,,sim_hgt_500,4,6,0.10,0.0454,,reported,"AFproject results page https://afproject.org/app/benchmark/genome/hgt/simulated/sim_hgt/results/, HGT level 500 (data request /app/benchmark/genome/results/ajax/table2/?dataset_id=8&subdataset_id=17), accessed 2026-10-03; raw answer baselines/published/afproject_raw/table2_17.json (SHA-256 1d95d9d372a9a8f4370afeef8d6989a9da59f3467ac1785d5d311f653c82ff05)"
alfpy--lcc,,sim_hgt_500,4,6,0.10,0.1140,,reported,"AFproject results page https://afproject.org/app/benchmark/genome/hgt/simulated/sim_hgt/results/, HGT level 500 (data request /app/benchmark/genome/results/ajax/table2/?dataset_id=8&subdataset_id=17), accessed 2026-10-03; raw answer baselines/published/afproject_raw/table2_17.json (SHA-256 1d95d9d372a9a8f4370afeef8d6989a9da59f3467ac1785d5d311f653c82ff05)"
alfpy--jsd,,sim_hgt_500,4,6,0.10,0.0454,,reported,"AFproject results page https://afproject.org/app/benchmark/genome/hgt/simulated/sim_hgt/results/, HGT level 500 (data request /app/benchmark/genome/results/ajax/table2/?dataset_id=8&subdataset_id=17), accessed 2026-10-03; raw answer baselines/published/afproject_raw/table2_17.json (SHA-256 1d95d9d372a9a8f4370afeef8d6989a9da59f3467ac1785d5d311f653c82ff05)"
cafe--d2star,,sim_hgt_500,4,6,0.10,0.0921,,reported,"AFproject results page https://afproject.org/app/benchmark/genome/hgt/simulated/sim_hgt/results/, HGT level 500 (data request /app/benchmark/genome/results/ajax/table2/?dataset_id=8&subdataset_id=17), accessed 2026-10-03; raw answer baselines/published/afproject_raw/table2_17.json (SHA-256 1d95d9d372a9a8f4370afeef8d6989a9da59f3467ac1785d5d311f653c82ff05)"
alfpy--angle_cos_diss,,sim_hgt_500,4,6,0.10,0.0454,,reported,"AFproject results page https://afproject.org/app/benchmark/genome/hgt/simulated/sim_hgt/results/, HGT level 500 (data request /app/benchmark/genome/results/ajax/table2/?dataset_id=8&subdataset_id=17), accessed 2026-10-03; raw answer baselines/published/afproject_raw/table2_17.json (SHA-256 1d95d9d372a9a8f4370afeef8d6989a9da59f3467ac1785d5d311f653c82ff05)"
alfpy--euclid_squared,,sim_hgt_500,4,6,0.10,0.0454,,reported,"AFproject results page https://afproject.org/app/benchmark/genome/hgt/simulated/sim_hgt/results/, HGT level 500 (data request /app/benchmark/genome/results/ajax/table2/?dataset_id=8&subdataset_id=17), accessed 2026-10-03; raw answer baselines/published/afproject_raw/table2_17.json (SHA-256 1d95d9d372a9a8f4370afeef8d6989a9da59f3467ac1785d5d311f653c82ff05)"
kSNP3,,sim_hgt_500,5,8,0.13,0.0481,,reported,"AFproject results page https://afproject.org/app/benchmark/genome/hgt/simulated/sim_hgt/results/, HGT level 500 (data request /app/benchmark/genome/results/ajax/table2/?dataset_id=8&subdataset_id=17), accessed 2026-10-03; raw answer baselines/published/afproject_raw/table2_17.json (SHA-256 1d95d9d372a9a8f4370afeef8d6989a9da59f3467ac1785d5d311f653c82ff05)"
alfpy--minkowski,,sim_hgt_500,5,8,0.13,0.0630,,reported,"AFproject results page https://afproject.org/app/benchmark/genome/hgt/simulated/sim_hgt/results/, HGT level 500 (data request /app/benchmark/genome/results/ajax/table2/?dataset_id=8&subdataset_id=17), accessed 2026-10-03; raw answer baselines/published/afproject_raw/table2_17.json (SHA-256 1d95d9d372a9a8f4370afeef8d6989a9da59f3467ac1785d5d311f653c82ff05)"
alfpy--euclid_norm,,sim_hgt_500,5,8,0.13,0.0630,,reported,"AFproject results page https://afproject.org/app/benchmark/genome/hgt/simulated/sim_hgt/results/, HGT level 500 (data request /app/benchmark/genome/results/ajax/table2/?dataset_id=8&subdataset_id=17), accessed 2026-10-03; raw answer baselines/published/afproject_raw/table2_17.json (SHA-256 1d95d9d372a9a8f4370afeef8d6989a9da59f3467ac1785d5d311f653c82ff05)"
ALFRED-G,,sim_hgt_500,5,8,0.13,0.0777,,reported,"AFproject results page https://afproject.org/app/benchmark/genome/hgt/simulated/sim_hgt/results/, HGT level 500 (data request /app/benchmark/genome/results/ajax/table2/?dataset_id=8&subdataset_id=17), accessed 2026-10-03; raw answer baselines/published/afproject_raw/table2_17.json (SHA-256 1d95d9d372a9a8f4370afeef8d6989a9da59f3467ac1785d5d311f653c82ff05)"
kmacs,,sim_hgt_500,6,10,0.17,0.0784,,reported,"AFproject results page https://afproject.org/app/benchmark/genome/hgt/simulated/sim_hgt/results/, HGT level 500 (data request /app/benchmark/genome/results/ajax/table2/?dataset_id=8&subdataset_id=17), accessed 2026-10-03; raw answer baselines/published/afproject_raw/table2_17.json (SHA-256 1d95d9d372a9a8f4370afeef8d6989a9da59f3467ac1785d5d311f653c82ff05)"
AFKS--intersection,,sim_hgt_500,7,14,0.23,0.2952,,reported,"AFproject results page https://afproject.org/app/benchmark/genome/hgt/simulated/sim_hgt/results/, HGT level 500 (data request /app/benchmark/genome/results/ajax/table2/?dataset_id=8&subdataset_id=17), accessed 2026-10-03; raw answer baselines/published/afproject_raw/table2_17.json (SHA-256 1d95d9d372a9a8f4370afeef8d6989a9da59f3467ac1785d5d311f653c82ff05)"
AFKS--jaccard,,sim_hgt_500,7,14,0.23,0.2923,,reported,"AFproject results page https://afproject.org/app/benchmark/genome/hgt/simulated/sim_hgt/results/, HGT level 500 (data request /app/benchmark/genome/results/ajax/table2/?dataset_id=8&subdataset_id=17), accessed 2026-10-03; raw answer baselines/published/afproject_raw/table2_17.json (SHA-256 1d95d9d372a9a8f4370afeef8d6989a9da59f3467ac1785d5d311f653c82ff05)"
AFKS--mismatch,,sim_hgt_500,7,14,0.23,0.2923,,reported,"AFproject results page https://afproject.org/app/benchmark/genome/hgt/simulated/sim_hgt/results/, HGT level 500 (data request /app/benchmark/genome/results/ajax/table2/?dataset_id=8&subdataset_id=17), accessed 2026-10-03; raw answer baselines/published/afproject_raw/table2_17.json (SHA-256 1d95d9d372a9a8f4370afeef8d6989a9da59f3467ac1785d5d311f653c82ff05)"
AFKS--spearman,,sim_hgt_500,7,14,0.23,0.2952,,reported,"AFproject results page https://afproject.org/app/benchmark/genome/hgt/simulated/sim_hgt/results/, HGT level 500 (data request /app/benchmark/genome/results/ajax/table2/?dataset_id=8&subdataset_id=17), accessed 2026-10-03; raw answer baselines/published/afproject_raw/table2_17.json (SHA-256 1d95d9d372a9a8f4370afeef8d6989a9da59f3467ac1785d5d311f653c82ff05)"
AFKS--kulczynski2,,sim_hgt_500,7,14,0.23,0.2952,,reported,"AFproject results page https://afproject.org/app/benchmark/genome/hgt/simulated/sim_hgt/results/, HGT level 500 (data request /app/benchmark/genome/results/ajax/table2/?dataset_id=8&subdataset_id=17), accessed 2026-10-03; raw answer baselines/published/afproject_raw/table2_17.json (SHA-256 1d95d9d372a9a8f4370afeef8d6989a9da59f3467ac1785d5d311f653c82ff05)"
AFKS--canberra,,sim_hgt_500,7,14,0.23,0.2952,,reported,"AFproject results page https://afproject.org/app/benchmark/genome/hgt/simulated/sim_hgt/results/, HGT level 500 (data request /app/benchmark/genome/results/ajax/table2/?dataset_id=8&subdataset_id=17), accessed 2026-10-03; raw answer baselines/published/afproject_raw/table2_17.json (SHA-256 1d95d9d372a9a8f4370afeef8d6989a9da59f3467ac1785d5d311f653c82ff05)"
jD2Stat--D2St,,sim_hgt_500,7,14,0.23,0.2942,,reported,"AFproject results page https://afproject.org/app/benchmark/genome/hgt/simulated/sim_hgt/results/, HGT level 500 (data request /app/benchmark/genome/results/ajax/table2/?dataset_id=8&subdataset_id=17), accessed 2026-10-03; raw answer baselines/published/afproject_raw/table2_17.json (SHA-256 1d95d9d372a9a8f4370afeef8d6989a9da59f3467ac1785d5d311f653c82ff05)"
AFKS--jefferey_divergence,,sim_hgt_500,8,16,0.27,0.3053,,reported,"AFproject results page https://afproject.org/app/benchmark/genome/hgt/simulated/sim_hgt/results/, HGT level 500 (data request /app/benchmark/genome/results/ajax/table2/?dataset_id=8&subdataset_id=17), accessed 2026-10-03; raw answer baselines/published/afproject_raw/table2_17.json (SHA-256 1d95d9d372a9a8f4370afeef8d6989a9da59f3467ac1785d5d311f653c82ff05)"
AFKS--kulczynski1,,sim_hgt_500,8,16,0.27,0.3024,,reported,"AFproject results page https://afproject.org/app/benchmark/genome/hgt/simulated/sim_hgt/results/, HGT level 500 (data request /app/benchmark/genome/results/ajax/table2/?dataset_id=8&subdataset_id=17), accessed 2026-10-03; raw answer baselines/published/afproject_raw/table2_17.json (SHA-256 1d95d9d372a9a8f4370afeef8d6989a9da59f3467ac1785d5d311f653c82ff05)"
AFKS--chi_squared,,sim_hgt_500,8,16,0.27,0.3053,,reported,"AFproject results page https://afproject.org/app/benchmark/genome/hgt/simulated/sim_hgt/results/, HGT level 500 (data request /app/benchmark/genome/results/ajax/table2/?dataset_id=8&subdataset_id=17), accessed 2026-10-03; raw answer baselines/published/afproject_raw/table2_17.json (SHA-256 1d95d9d372a9a8f4370afeef8d6989a9da59f3467ac1785d5d311f653c82ff05)"
AFKS--jensen_shannon,,sim_hgt_500,8,16,0.27,0.3053,,reported,"AFproject results page https://afproject.org/app/benchmark/genome/hgt/simulated/sim_hgt/results/, HGT level 500 (data request /app/benchmark/genome/results/ajax/table2/?dataset_id=8&subdataset_id=17), accessed 2026-10-03; raw answer baselines/published/afproject_raw/table2_17.json (SHA-256 1d95d9d372a9a8f4370afeef8d6989a9da59f3467ac1785d5d311f653c82ff05)"
AFKS--hellinger,,sim_hgt_500,8,16,0.27,0.3053,,reported,"AFproject results page https://afproject.org/app/benchmark/genome/hgt/simulated/sim_hgt/results/, HGT level 500 (data request /app/benchmark/genome/results/ajax/table2/?dataset_id=8&subdataset_id=17), accessed 2026-10-03; raw answer baselines/published/afproject_raw/table2_17.json (SHA-256 1d95d9d372a9a8f4370afeef8d6989a9da59f3467ac1785d5d311f653c82ff05)"
AFKS--k_divergence,,sim_hgt_500,8,16,0.27,0.2996,,reported,"AFproject results page https://afproject.org/app/benchmark/genome/hgt/simulated/sim_hgt/results/, HGT level 500 (data request /app/benchmark/genome/results/ajax/table2/?dataset_id=8&subdataset_id=17), accessed 2026-10-03; raw answer baselines/published/afproject_raw/table2_17.json (SHA-256 1d95d9d372a9a8f4370afeef8d6989a9da59f3467ac1785d5d311f653c82ff05)"
AFKS--euclidean_z,,sim_hgt_500,8,16,0.27,0.3053,,reported,"AFproject results page https://afproject.org/app/benchmark/genome/hgt/simulated/sim_hgt/results/, HGT level 500 (data request /app/benchmark/genome/results/ajax/table2/?dataset_id=8&subdataset_id=17), accessed 2026-10-03; raw answer baselines/published/afproject_raw/table2_17.json (SHA-256 1d95d9d372a9a8f4370afeef8d6989a9da59f3467ac1785d5d311f653c82ff05)"
AFKS--normalized_vectors,,sim_hgt_500,8,16,0.27,0.3053,,reported,"AFproject results page https://afproject.org/app/benchmark/genome/hgt/simulated/sim_hgt/results/, HGT level 500 (data request /app/benchmark/genome/results/ajax/table2/?dataset_id=8&subdataset_id=17), accessed 2026-10-03; raw answer baselines/published/afproject_raw/table2_17.json (SHA-256 1d95d9d372a9a8f4370afeef8d6989a9da59f3467ac1785d5d311f653c82ff05)"
AFKS--pearson,,sim_hgt_500,8,16,0.27,0.3053,,reported,"AFproject results page https://afproject.org/app/benchmark/genome/hgt/simulated/sim_hgt/results/, HGT level 500 (data request /app/benchmark/genome/results/ajax/table2/?dataset_id=8&subdataset_id=17), accessed 2026-10-03; raw answer baselines/published/afproject_raw/table2_17.json (SHA-256 1d95d9d372a9a8f4370afeef8d6989a9da59f3467ac1785d5d311f653c82ff05)"
AFKS--euclidean,,sim_hgt_500,8,16,0.27,0.3024,,reported,"AFproject results page https://afproject.org/app/benchmark/genome/hgt/simulated/sim_hgt/results/, HGT level 500 (data request /app/benchmark/genome/results/ajax/table2/?dataset_id=8&subdataset_id=17), accessed 2026-10-03; raw answer baselines/published/afproject_raw/table2_17.json (SHA-256 1d95d9d372a9a8f4370afeef8d6989a9da59f3467ac1785d5d311f653c82ff05)"
AFKS--d2s,,sim_hgt_500,8,16,0.27,0.3053,,reported,"AFproject results page https://afproject.org/app/benchmark/genome/hgt/simulated/sim_hgt/results/, HGT level 500 (data request /app/benchmark/genome/results/ajax/table2/?dataset_id=8&subdataset_id=17), accessed 2026-10-03; raw answer baselines/published/afproject_raw/table2_17.json (SHA-256 1d95d9d372a9a8f4370afeef8d6989a9da59f3467ac1785d5d311f653c82ff05)"
AFKS--harmonic_mean,,sim_hgt_500,8,16,0.27,0.3053,,reported,"AFproject results page https://afproject.org/app/benchmark/genome/hgt/simulated/sim_hgt/results/, HGT level 500 (data request /app/benchmark/genome/results/ajax/table2/?dataset_id=8&subdataset_id=17), accessed 2026-10-03; raw answer baselines/published/afproject_raw/table2_17.json (SHA-256 1d95d9d372a9a8f4370afeef8d6989a9da59f3467ac1785d5d311f653c82ff05)"
cafe--d2shepp,,sim_hgt_500,8,16,0.27,0.2955,,reported,"AFproject results page https://afproject.org/app/benchmark/genome/hgt/simulated/sim_hgt/results/, HGT level 500 (data request /app/benchmark/genome/results/ajax/table2/?dataset_id=8&subdataset_id=17), accessed 2026-10-03; raw answer baselines/published/afproject_raw/table2_17.json (SHA-256 1d95d9d372a9a8f4370afeef8d6989a9da59f3467ac1785d5d311f653c82ff05)"
AFKS--manhattan,,sim_hgt_500,8,16,0.27,0.3024,,reported,"AFproject results page https://afproject.org/app/benchmark/genome/hgt/simulated/sim_hgt/results/, HGT level 500 (data request /app/benchmark/genome/results/ajax/table2/?dataset_id=8&subdataset_id=17), accessed 2026-10-03; raw answer baselines/published/afproject_raw/table2_17.json (SHA-256 1d95d9d372a9a8f4370afeef8d6989a9da59f3467ac1785d5d311f653c82ff05)"
AFKS--simratio,,sim_hgt_500,8,16,0.27,0.3024,,reported,"AFproject results page https://afproject.org/app/benchmark/genome/hgt/simulated/sim_hgt/results/, HGT level 500 (data request /app/benchmark/genome/results/ajax/table2/?dataset_id=8&subdataset_id=17), accessed 2026-10-03; raw answer baselines/published/afproject_raw/table2_17.json (SHA-256 1d95d9d372a9a8f4370afeef8d6989a9da59f3467ac1785d5d311f653c82ff05)"
AFKS--n2rc,,sim_hgt_500,8,16,0.27,0.3074,,reported,"AFproject results page https://afproject.org/app/benchmark/genome/hgt/simulated/sim_hgt/results/, HGT level 500 (data request /app/benchmark/genome/results/ajax/table2/?dataset_id=8&subdataset_id=17), accessed 2026-10-03; raw answer baselines/published/afproject_raw/table2_17.json (SHA-256 1d95d9d372a9a8f4370afeef8d6989a9da59f3467ac1785d5d311f653c82ff05)"
AFKS--squared_chord,,sim_hgt_500,8,16,0.27,0.3053,,reported,"AFproject results page https://afproject.org/app/benchmark/genome/hgt/simulated/sim_hgt/results/, HGT level 500 (data request /app/benchmark/genome/results/ajax/table2/?dataset_id=8&subdataset_id=17), accessed 2026-10-03; raw answer baselines/published/afproject_raw/table2_17.json (SHA-256 1d95d9d372a9a8f4370afeef8d6989a9da59f3467ac1785d5d311f653c82ff05)"
AFKS--n2r,,sim_hgt_500,8,16,0.27,0.3074,,reported,"AFproject results page https://afproject.org/app/benchmark/genome/hgt/simulated/sim_hgt/results/, HGT level 500 (data request /app/benchmark/genome/results/ajax/table2/?dataset_id=8&subdataset_id=17), accessed 2026-10-03; raw answer baselines/published/afproject_raw/table2_17.json (SHA-256 1d95d9d372a9a8f4370afeef8d6989a9da59f3467ac1785d5d311f653c82ff05)"
AFKS--d2z,,sim_hgt_500,8,16,0.27,0.3053,,reported,"AFproject results page https://afproject.org/app/benchmark/genome/hgt/simulated/sim_hgt/results/, HGT level 500 (data request /app/benchmark/genome/results/ajax/table2/?dataset_id=8&subdataset_id=17), accessed 2026-10-03; raw answer baselines/published/afproject_raw/table2_17.json (SHA-256 1d95d9d372a9a8f4370afeef8d6989a9da59f3467ac1785d5d311f653c82ff05)"
kr,,sim_hgt_500,9,18,0.30,0.1400,,reported,"AFproject results page https://afproject.org/app/benchmark/genome/hgt/simulated/sim_hgt/results/, HGT level 500 (data request /app/benchmark/genome/results/ajax/table2/?dataset_id=8&subdataset_id=17), accessed 2026-10-03; raw answer baselines/published/afproject_raw/table2_17.json (SHA-256 1d95d9d372a9a8f4370afeef8d6989a9da59f3467ac1785d5d311f653c82ff05)"
AFKS--sim_mm,,sim_hgt_500,9,18,0.30,0.1902,,reported,"AFproject results page https://afproject.org/app/benchmark/genome/hgt/simulated/sim_hgt/results/, HGT level 500 (data request /app/benchmark/genome/results/ajax/table2/?dataset_id=8&subdataset_id=17), accessed 2026-10-03; raw answer baselines/published/afproject_raw/table2_17.json (SHA-256 1d95d9d372a9a8f4370afeef8d6989a9da59f3467ac1785d5d311f653c82ff05)"
AFKS--n2rrc,,sim_hgt_500,9,18,0.30,0.3314,,reported,"AFproject results page https://afproject.org/app/benchmark/genome/hgt/simulated/sim_hgt/results/, HGT level 500 (data request /app/benchmark/genome/results/ajax/table2/?dataset_id=8&subdataset_id=17), accessed 2026-10-03; raw answer baselines/published/afproject_raw/table2_17.json (SHA-256 1d95d9d372a9a8f4370afeef8d6989a9da59f3467ac1785d5d311f653c82ff05)"
Multi-SpaM,,sim_hgt_500,10,20,0.33,0.2455,,reported,"AFproject results page https://afproject.org/app/benchmark/genome/hgt/simulated/sim_hgt/results/, HGT level 500 (data request /app/benchmark/genome/results/ajax/table2/?dataset_id=8&subdataset_id=17), accessed 2026-10-03; raw answer baselines/published/afproject_raw/table2_17.json (SHA-256 1d95d9d372a9a8f4370afeef8d6989a9da59f3467ac1785d5d311f653c82ff05)"
CD-MAWS,,sim_hgt_500,10,20,0.33,0.3191,,reported,"AFproject results page https://afproject.org/app/benchmark/genome/hgt/simulated/sim_hgt/results/, HGT level 500 (data request /app/benchmark/genome/results/ajax/table2/?dataset_id=8&subdataset_id=17), accessed 2026-10-03; raw answer baselines/published/afproject_raw/table2_17.json (SHA-256 1d95d9d372a9a8f4370afeef8d6989a9da59f3467ac1785d5d311f653c82ff05)"
co-phylog,,sim_hgt_500,11,22,0.37,0.2633,,reported,"AFproject results page https://afproject.org/app/benchmark/genome/hgt/simulated/sim_hgt/results/, HGT level 500 (data request /app/benchmark/genome/results/ajax/table2/?dataset_id=8&subdataset_id=17), accessed 2026-10-03; raw answer baselines/published/afproject_raw/table2_17.json (SHA-256 1d95d9d372a9a8f4370afeef8d6989a9da59f3467ac1785d5d311f653c82ff05)"
alfpy--kld,,sim_hgt_500,12,24,0.40,0.3737,,reported,"AFproject results page https://afproject.org/app/benchmark/genome/hgt/simulated/sim_hgt/results/, HGT level 500 (data request /app/benchmark/genome/results/ajax/table2/?dataset_id=8&subdataset_id=17), accessed 2026-10-03; raw answer baselines/published/afproject_raw/table2_17.json (SHA-256 1d95d9d372a9a8f4370afeef8d6989a9da59f3467ac1785d5d311f653c82ff05)"
3D CGR signature 10,,sim_hgt_500,12,24,0.40,0.3516,,reported,"AFproject results page https://afproject.org/app/benchmark/genome/hgt/simulated/sim_hgt/results/, HGT level 500 (data request /app/benchmark/genome/results/ajax/table2/?dataset_id=8&subdataset_id=17), accessed 2026-10-03; raw answer baselines/published/afproject_raw/table2_17.json (SHA-256 1d95d9d372a9a8f4370afeef8d6989a9da59f3467ac1785d5d311f653c82ff05)"
FSWM/Read-SpaM,,sim_hgt_500,13,26,0.43,0.2698,,reported,"AFproject results page https://afproject.org/app/benchmark/genome/hgt/simulated/sim_hgt/results/, HGT level 500 (data request /app/benchmark/genome/results/ajax/table2/?dataset_id=8&subdataset_id=17), accessed 2026-10-03; raw answer baselines/published/afproject_raw/table2_17.json (SHA-256 1d95d9d372a9a8f4370afeef8d6989a9da59f3467ac1785d5d311f653c82ff05)"
AFKS--d2_star,,sim_hgt_500,14,28,0.47,0.3541,,reported,"AFproject results page https://afproject.org/app/benchmark/genome/hgt/simulated/sim_hgt/results/, HGT level 500 (data request /app/benchmark/genome/results/ajax/table2/?dataset_id=8&subdataset_id=17), accessed 2026-10-03; raw answer baselines/published/afproject_raw/table2_17.json (SHA-256 1d95d9d372a9a8f4370afeef8d6989a9da59f3467ac1785d5d311f653c82ff05)"
alfpy--chebyshev,,sim_hgt_500,15,36,0.60,0.4203,,reported,"AFproject results page https://afproject.org/app/benchmark/genome/hgt/simulated/sim_hgt/results/, HGT level 500 (data request /app/benchmark/genome/results/ajax/table2/?dataset_id=8&subdataset_id=17), accessed 2026-10-03; raw answer baselines/published/afproject_raw/table2_17.json (SHA-256 1d95d9d372a9a8f4370afeef8d6989a9da59f3467ac1785d5d311f653c82ff05)"
lzw-kernel,,sim_hgt_500,16,38,0.63,0.4100,,reported,"AFproject results page https://afproject.org/app/benchmark/genome/hgt/simulated/sim_hgt/results/, HGT level 500 (data request /app/benchmark/genome/results/ajax/table2/?dataset_id=8&subdataset_id=17), accessed 2026-10-03; raw answer baselines/published/afproject_raw/table2_17.json (SHA-256 1d95d9d372a9a8f4370afeef8d6989a9da59f3467ac1785d5d311f653c82ff05)"
AFKS--afd,,sim_hgt_500,17,46,0.77,0.5747,,reported,"AFproject results page https://afproject.org/app/benchmark/genome/hgt/simulated/sim_hgt/results/, HGT level 500 (data request /app/benchmark/genome/results/ajax/table2/?dataset_id=8&subdataset_id=17), accessed 2026-10-03; raw answer baselines/published/afproject_raw/table2_17.json (SHA-256 1d95d9d372a9a8f4370afeef8d6989a9da59f3467ac1785d5d311f653c82ff05)"
lzw-ncd,,sim_hgt_500,17,46,0.77,0.4250,,reported,"AFproject results page https://afproject.org/app/benchmark/genome/hgt/simulated/sim_hgt/results/, HGT level 500 (data request /app/benchmark/genome/results/ajax/table2/?dataset_id=8&subdataset_id=17), accessed 2026-10-03; raw answer baselines/published/afproject_raw/table2_17.json (SHA-256 1d95d9d372a9a8f4370afeef8d6989a9da59f3467ac1785d5d311f653c82ff05)"
AFKS--emd,,sim_hgt_500,18,52,0.87,0.4462,,reported,"AFproject results page https://afproject.org/app/benchmark/genome/hgt/simulated/sim_hgt/results/, HGT level 500 (data request /app/benchmark/genome/results/ajax/table2/?dataset_id=8&subdataset_id=17), accessed 2026-10-03; raw answer baselines/published/afproject_raw/table2_17.json (SHA-256 1d95d9d372a9a8f4370afeef8d6989a9da59f3467ac1785d5d311f653c82ff05)"
EP-sim,,sim_hgt_500,18,52,0.87,0.4478,,reported,"AFproject results page https://afproject.org/app/benchmark/genome/hgt/simulated/sim_hgt/results/, HGT level 500 (data request /app/benchmark/genome/results/ajax/table2/?dataset_id=8&subdataset_id=17), accessed 2026-10-03; raw answer baselines/published/afproject_raw/table2_17.json (SHA-256 1d95d9d372a9a8f4370afeef8d6989a9da59f3467ac1785d5d311f653c82ff05)"
rtd-phylogeny,,sim_hgt_500,18,52,0.87,0.4855,,reported,"AFproject results page https://afproject.org/app/benchmark/genome/hgt/simulated/sim_hgt/results/, HGT level 500 (data request /app/benchmark/genome/results/ajax/table2/?dataset_id=8&subdataset_id=17), accessed 2026-10-03; raw answer baselines/published/afproject_raw/table2_17.json (SHA-256 1d95d9d372a9a8f4370afeef8d6989a9da59f3467ac1785d5d311f653c82ff05)"
AFKS--length_difference,,sim_hgt_500,19,58,0.97,0.4493,,reported,"AFproject results page https://afproject.org/app/benchmark/genome/hgt/simulated/sim_hgt/results/, HGT level 500 (data request /app/benchmark/genome/results/ajax/table2/?dataset_id=8&subdataset_id=17), accessed 2026-10-03; raw answer baselines/published/afproject_raw/table2_17.json (SHA-256 1d95d9d372a9a8f4370afeef8d6989a9da59f3467ac1785d5d311f653c82ff05)"
jD2Stat--D2n,,sim_hgt_500,19,58,0.97,0.5017,,reported,"AFproject results page https://afproject.org/app/benchmark/genome/hgt/simulated/sim_hgt/results/, HGT level 500 (data request /app/benchmark/genome/results/ajax/table2/?dataset_id=8&subdataset_id=17), accessed 2026-10-03; raw answer baselines/published/afproject_raw/table2_17.json (SHA-256 1d95d9d372a9a8f4370afeef8d6989a9da59f3467ac1785d5d311f653c82ff05)"
SAL-TRIPL,,sim_hgt_500,20,60,1.00,0.6658,,reported,"AFproject results page https://afproject.org/app/benchmark/genome/hgt/simulated/sim_hgt/results/, HGT level 500 (data request /app/benchmark/genome/results/ajax/table2/?dataset_id=8&subdataset_id=17), accessed 2026-10-03; raw answer baselines/published/afproject_raw/table2_17.json (SHA-256 1d95d9d372a9a8f4370afeef8d6989a9da59f3467ac1785d5d311f653c82ff05)"
jD2Stat--D2S,,sim_hgt_750,1,2,0.03,0.0032,,reported,"AFproject results page https://afproject.org/app/benchmark/genome/hgt/simulated/sim_hgt/results/, HGT level 750 (data request /app/benchmark/genome/results/ajax/table2/?dataset_id=8&subdataset_id=18), accessed 2026-10-03; raw answer baselines/published/afproject_raw/table2_18.json (SHA-256 cca41b7f4e4878aeeeffe85e5601be52b65823043cdc25938da604e0868e659b)"
mash,,sim_hgt_750,2,4,0.07,0.0325,,reported,"AFproject results page https://afproject.org/app/benchmark/genome/hgt/simulated/sim_hgt/results/, HGT level 750 (data request /app/benchmark/genome/results/ajax/table2/?dataset_id=8&subdataset_id=18), accessed 2026-10-03; raw answer baselines/published/afproject_raw/table2_18.json (SHA-256 cca41b7f4e4878aeeeffe85e5601be52b65823043cdc25938da604e0868e659b)"
alfpy--braycurtis,,sim_hgt_750,2,4,0.07,0.0325,,reported,"AFproject results page https://afproject.org/app/benchmark/genome/hgt/simulated/sim_hgt/results/, HGT level 750 (data request /app/benchmark/genome/results/ajax/table2/?dataset_id=8&subdataset_id=18), accessed 2026-10-03; raw answer baselines/published/afproject_raw/table2_18.json (SHA-256 cca41b7f4e4878aeeeffe85e5601be52b65823043cdc25938da604e0868e659b)"
alfpy--canberra,,sim_hgt_750,2,4,0.07,0.0325,,reported,"AFproject results page https://afproject.org/app/benchmark/genome/hgt/simulated/sim_hgt/results/, HGT level 750 (data request /app/benchmark/genome/results/ajax/table2/?dataset_id=8&subdataset_id=18), accessed 2026-10-03; raw answer baselines/published/afproject_raw/table2_18.json (SHA-256 cca41b7f4e4878aeeeffe85e5601be52b65823043cdc25938da604e0868e659b)"
AFKS--markov,,sim_hgt_750,2,4,0.07,0.0277,,reported,"AFproject results page https://afproject.org/app/benchmark/genome/hgt/simulated/sim_hgt/results/, HGT level 750 (data request /app/benchmark/genome/results/ajax/table2/?dataset_id=8&subdataset_id=18), accessed 2026-10-03; raw answer baselines/published/afproject_raw/table2_18.json (SHA-256 cca41b7f4e4878aeeeffe85e5601be52b65823043cdc25938da604e0868e659b)"
alfpy--jsd,,sim_hgt_750,2,4,0.07,0.0059,,reported,"AFproject results page https://afproject.org/app/benchmark/genome/hgt/simulated/sim_hgt/results/, HGT level 750 (data request /app/benchmark/genome/results/ajax/table2/?dataset_id=8&subdataset_id=18), accessed 2026-10-03; raw answer baselines/published/afproject_raw/table2_18.json (SHA-256 cca41b7f4e4878aeeeffe85e5601be52b65823043cdc25938da604e0868e659b)"
cafe--d2star,,sim_hgt_750,2,4,0.07,0.0059,,reported,"AFproject results page https://afproject.org/app/benchmark/genome/hgt/simulated/sim_hgt/results/, HGT level 750 (data request /app/benchmark/genome/results/ajax/table2/?dataset_id=8&subdataset_id=18), accessed 2026-10-03; raw answer baselines/published/afproject_raw/table2_18.json (SHA-256 cca41b7f4e4878aeeeffe85e5601be52b65823043cdc25938da604e0868e659b)"
cafe--cvtree,,sim_hgt_750,2,4,0.07,0.0059,,reported,"AFproject results page https://afproject.org/app/benchmark/genome/hgt/simulated/sim_hgt/results/, HGT level 750 (data request /app/benchmark/genome/results/ajax/table2/?dataset_id=8&subdataset_id=18), accessed 2026-10-03; raw answer baselines/published/afproject_raw/table2_18.json (SHA-256 cca41b7f4e4878aeeeffe85e5601be52b65823043cdc25938da604e0868e659b)"
Skmer,,sim_hgt_750,3,6,0.10,0.1146,,reported,"AFproject results page https://afproject.org/app/benchmark/genome/hgt/simulated/sim_hgt/results/, HGT level 750 (data request /app/benchmark/genome/results/ajax/table2/?dataset_id=8&subdataset_id=18), accessed 2026-10-03; raw answer baselines/published/afproject_raw/table2_18.json (SHA-256 cca41b7f4e4878aeeeffe85e5601be52b65823043cdc25938da604e0868e659b)"
AFKS--rre_k_r,,sim_hgt_750,3,6,0.10,0.0995,,reported,"AFproject results page https://afproject.org/app/benchmark/genome/hgt/simulated/sim_hgt/results/, HGT level 750 (data request /app/benchmark/genome/results/ajax/table2/?dataset_id=8&subdataset_id=18), accessed 2026-10-03; raw answer baselines/published/afproject_raw/table2_18.json (SHA-256 cca41b7f4e4878aeeeffe85e5601be52b65823043cdc25938da604e0868e659b)"
alfpy--angle_cos_evol,,sim_hgt_750,3,6,0.10,0.1392,,reported,"AFproject results page https://afproject.org/app/benchmark/genome/hgt/simulated/sim_hgt/results/, HGT level 750 (data request /app/benchmark/genome/results/ajax/table2/?dataset_id=8&subdataset_id=18), accessed 2026-10-03; raw answer baselines/published/afproject_raw/table2_18.json (SHA-256 cca41b7f4e4878aeeeffe85e5601be52b65823043cdc25938da604e0868e659b)"
FFP,,sim_hgt_750,3,6,0.10,0.1146,,reported,"AFproject results page https://afproject.org/app/benchmark/genome/hgt/simulated/sim_hgt/results/, HGT level 750 (data request /app/benchmark/genome/results/ajax/table2/?dataset_id=8&subdataset_id=18), accessed 2026-10-03; raw answer baselines/published/afproject_raw/table2_18.json (SHA-256 cca41b7f4e4878aeeeffe85e5601be52b65823043cdc25938da604e0868e659b)"
AFKS--kl_conditional,,sim_hgt_750,3,6,0.10,0.1070,,reported,"AFproject results page https://afproject.org/app/benchmark/genome/hgt/simulated/sim_hgt/results/, HGT level 750 (data request /app/benchmark/genome/results/ajax/table2/?dataset_id=8&subdataset_id=18), accessed 2026-10-03; raw answer baselines/published/afproject_raw/table2_18.json (SHA-256 cca41b7f4e4878aeeeffe85e5601be52b65823043cdc25938da604e0868e659b)"
alfpy--manhattan,,sim_hgt_750,3,6,0.10,0.1187,,reported,"AFproject results page https://afproject.org/app/benchmark/genome/hgt/simulated/sim_hgt/results/, HGT level 750 (data request /app/benchmark/genome/results/ajax/table2/?dataset_id=8&subdataset_id=18), accessed 2026-10-03; raw answer baselines/published/afproject_raw/table2_18.json (SHA-256 cca41b7f4e4878aeeeffe85e5601be52b65823043cdc25938da604e0868e659b)"
alfpy--lcc,,sim_hgt_750,3,6,0.10,0.1146,,reported,"AFproject results page https://afproject.org/app/benchmark/genome/hgt/simulated/sim_hgt/results/, HGT level 750 (data request /app/benchmark/genome/results/ajax/table2/?dataset_id=8&subdataset_id=18), accessed 2026-10-03; raw answer baselines/published/afproject_raw/table2_18.json (SHA-256 cca41b7f4e4878aeeeffe85e5601be52b65823043cdc25938da604e0868e659b)"
alfpy--angle_cos_diss,,sim_hgt_750,3,6,0.10,0.1392,,reported,"AFproject results page https://afproject.org/app/benchmark/genome/hgt/simulated/sim_hgt/results/, HGT level 750 (data request /app/benchmark/genome/results/ajax/table2/?dataset_id=8&subdataset_id=18), accessed 2026-10-03; raw answer baselines/published/afproject_raw/table2_18.json (SHA-256 cca41b7f4e4878aeeeffe85e5601be52b65823043cdc25938da604e0868e659b)"
ALFRED-G,,sim_hgt_750,3,6,0.10,0.1146,,reported,"AFproject results page https://afproject.org/app/benchmark/genome/hgt/simulated/sim_hgt/results/, HGT level 750 (data request /app/benchmark/genome/results/ajax/table2/?dataset_id=8&subdataset_id=18), accessed 2026-10-03; raw answer baselines/published/afproject_raw/table2_18.json (SHA-256 cca41b7f4e4878aeeeffe85e5601be52b65823043cdc25938da604e0868e659b)"
alfpy--euclid_squared,,sim_hgt_750,3,6,0.10,0.1146,,reported,"AFproject results page https://afproject.org/app/benchmark/genome/hgt/simulated/sim_hgt/results/, HGT level 750 (data request /app/benchmark/genome/results/ajax/table2/?dataset_id=8&subdataset_id=18), accessed 2026-10-03; raw answer baselines/published/afproject_raw/table2_18.json (SHA-256 cca41b7f4e4878aeeeffe85e5601be52b65823043cdc25938da604e0868e659b)"
alfpy--google,,sim_hgt_750,4,8,0.13,0.1505,,reported,"AFproject results page https://afproject.org/app/benchmark/genome/hgt/simulated/sim_hgt/results/, HGT level 750 (data request /app/benchmark/genome/results/ajax/table2/?dataset_id=8&subdataset_id=18), accessed 2026-10-03; raw answer baselines/published/afproject_raw/table2_18.json (SHA-256 cca41b7f4e4878aeeeffe85e5601be52b65823043cdc25938da604e0868e659b)"
spaced,,sim_hgt_750,4,8,0.13,0.0804,,reported,"AFproject results page https://afproject.org/app/benchmark/genome/hgt/simulated/sim_hgt/results/, HGT level 750 (data request /app/benchmark/genome/results/ajax/table2/?dataset_id=8&subdataset_id=18), accessed 2026-10-03; raw answer baselines/published/afproject_raw/table2_18.json (SHA-256 cca41b7f4e4878aeeeffe85e5601be52b65823043cdc25938da604e0868e659b)"
alfpy--minkowski,,sim_hgt_750,4,8,0.13,0.1027,,reported,"AFproject results page https://afproject.org/app/benchmark/genome/hgt/simulated/sim_hgt/results/, HGT level 750 (data request /app/benchmark/genome/results/ajax/table2/?dataset_id=8&subdataset_id=18), accessed 2026-10-03; raw answer baselines/published/afproject_raw/table2_18.json (SHA-256 cca41b7f4e4878aeeeffe85e5601be52b65823043cdc25938da604e0868e659b)"
alfpy--euclid_norm,,sim_hgt_750,4,8,0.13,0.1027,,reported,"AFproject results page https://afproject.org/app/benchmark/genome/hgt/simulated/sim_hgt/results/, HGT level 750 (data request /app/benchmark/genome/results/ajax/table2/?dataset_id=8&subdataset_id=18), accessed 2026-10-03; raw answer baselines/published/afproject_raw/table2_18.json (SHA-256 cca41b7f4e4878aeeeffe85e5601be52b65823043cdc25938da604e0868e659b)"
kSNP3,,sim_hgt_750,5,10,0.17,0.2575,,reported,"AFproject results page https://afproject.org/app/benchmark/genome/hgt/simulated/sim_hgt/results/, HGT level 750 (data request /app/benchmark/genome/results/ajax/table2/?dataset_id=8&subdataset_id=18), accessed 2026-10-03; raw answer baselines/published/afproject_raw/table2_18.json (SHA-256 cca41b7f4e4878aeeeffe85e5601be52b65823043cdc25938da604e0868e659b)"
kmacs,,sim_hgt_750,6,12,0.20,0.1518,,reported,"AFproject results page https://afproject.org/app/benchmark/genome/hgt/simulated/sim_hgt/results/, HGT level 750 (data request /app/benchmark/genome/results/ajax/table2/?dataset_id=8&subdataset_id=18), accessed 2026-10-03; raw answer baselines/published/afproject_raw/table2_18.json (SHA-256 cca41b7f4e4878aeeeffe85e5601be52b65823043cdc25938da604e0868e659b)"
AFKS--jaccard,,sim_hgt_750,7,14,0.23,0.2923,,reported,"AFproject results page https://afproject.org/app/benchmark/genome/hgt/simulated/sim_hgt/results/, HGT level 750 (data request /app/benchmark/genome/results/ajax/table2/?dataset_id=8&subdataset_id=18), accessed 2026-10-03; raw answer baselines/published/afproject_raw/table2_18.json (SHA-256 cca41b7f4e4878aeeeffe85e5601be52b65823043cdc25938da604e0868e659b)"
AFKS--mismatch,,sim_hgt_750,7,14,0.23,0.2923,,reported,"AFproject results page https://afproject.org/app/benchmark/genome/hgt/simulated/sim_hgt/results/, HGT level 750 (data request /app/benchmark/genome/results/ajax/table2/?dataset_id=8&subdataset_id=18), accessed 2026-10-03; raw answer baselines/published/afproject_raw/table2_18.json (SHA-256 cca41b7f4e4878aeeeffe85e5601be52b65823043cdc25938da604e0868e659b)"
AFKS--spearman,,sim_hgt_750,7,14,0.23,0.3047,,reported,"AFproject results page https://afproject.org/app/benchmark/genome/hgt/simulated/sim_hgt/results/, HGT level 750 (data request /app/benchmark/genome/results/ajax/table2/?dataset_id=8&subdataset_id=18), accessed 2026-10-03; raw answer baselines/published/afproject_raw/table2_18.json (SHA-256 cca41b7f4e4878aeeeffe85e5601be52b65823043cdc25938da604e0868e659b)"
jD2Stat--D2St,,sim_hgt_750,7,14,0.23,0.2942,,reported,"AFproject results page https://afproject.org/app/benchmark/genome/hgt/simulated/sim_hgt/results/, HGT level 750 (data request /app/benchmark/genome/results/ajax/table2/?dataset_id=8&subdataset_id=18), accessed 2026-10-03; raw answer baselines/published/afproject_raw/table2_18.json (SHA-256 cca41b7f4e4878aeeeffe85e5601be52b65823043cdc25938da604e0868e659b)"
AFKS--jefferey_divergence,,sim_hgt_750,8,16,0.27,0.3053,,reported,"AFproject results page https://afproject.org/app/benchmark/genome/hgt/simulated/sim_hgt/results/, HGT level 750 (data request /app/benchmark/genome/results/ajax/table2/?dataset_id=8&subdataset_id=18), accessed 2026-10-03; raw answer baselines/published/afproject_raw/table2_18.json (SHA-256 cca41b7f4e4878aeeeffe85e5601be52b65823043cdc25938da604e0868e659b)"
AFKS--kulczynski1,,sim_hgt_750,8,16,0.27,0.3024,,reported,"AFproject results page https://afproject.org/app/benchmark/genome/hgt/simulated/sim_hgt/results/, HGT level 750 (data request /app/benchmark/genome/results/ajax/table2/?dataset_id=8&subdataset_id=18), accessed 2026-10-03; raw answer baselines/published/afproject_raw/table2_18.json (SHA-256 cca41b7f4e4878aeeeffe85e5601be52b65823043cdc25938da604e0868e659b)"
AFKS--chi_squared,,sim_hgt_750,8,16,0.27,0.3024,,reported,"AFproject results page https://afproject.org/app/benchmark/genome/hgt/simulated/sim_hgt/results/, HGT level 750 (data request /app/benchmark/genome/results/ajax/table2/?dataset_id=8&subdataset_id=18), accessed 2026-10-03; raw answer baselines/published/afproject_raw/table2_18.json (SHA-256 cca41b7f4e4878aeeeffe85e5601be52b65823043cdc25938da604e0868e659b)"
AFKS--jensen_shannon,,sim_hgt_750,8,16,0.27,0.3053,,reported,"AFproject results page https://afproject.org/app/benchmark/genome/hgt/simulated/sim_hgt/results/, HGT level 750 (data request /app/benchmark/genome/results/ajax/table2/?dataset_id=8&subdataset_id=18), accessed 2026-10-03; raw answer baselines/published/afproject_raw/table2_18.json (SHA-256 cca41b7f4e4878aeeeffe85e5601be52b65823043cdc25938da604e0868e659b)"
AFKS--hellinger,,sim_hgt_750,8,16,0.27,0.3053,,reported,"AFproject results page https://afproject.org/app/benchmark/genome/hgt/simulated/sim_hgt/results/, HGT level 750 (data request /app/benchmark/genome/results/ajax/table2/?dataset_id=8&subdataset_id=18), accessed 2026-10-03; raw answer baselines/published/afproject_raw/table2_18.json (SHA-256 cca41b7f4e4878aeeeffe85e5601be52b65823043cdc25938da604e0868e659b)"
AFKS--k_divergence,,sim_hgt_750,8,16,0.27,0.3182,,reported,"AFproject results page https://afproject.org/app/benchmark/genome/hgt/simulated/sim_hgt/results/, HGT level 750 (data request /app/benchmark/genome/results/ajax/table2/?dataset_id=8&subdataset_id=18), accessed 2026-10-03; raw answer baselines/published/afproject_raw/table2_18.json (SHA-256 cca41b7f4e4878aeeeffe85e5601be52b65823043cdc25938da604e0868e659b)"
AFKS--intersection,,sim_hgt_750,8,16,0.27,0.3024,,reported,"AFproject results page https://afproject.org/app/benchmark/genome/hgt/simulated/sim_hgt/results/, HGT level 750 (data request /app/benchmark/genome/results/ajax/table2/?dataset_id=8&subdataset_id=18), accessed 2026-10-03; raw answer baselines/published/afproject_raw/table2_18.json (SHA-256 cca41b7f4e4878aeeeffe85e5601be52b65823043cdc25938da604e0868e659b)"
AFKS--euclidean_z,,sim_hgt_750,8,16,0.27,0.3149,,reported,"AFproject results page https://afproject.org/app/benchmark/genome/hgt/simulated/sim_hgt/results/, HGT level 750 (data request /app/benchmark/genome/results/ajax/table2/?dataset_id=8&subdataset_id=18), accessed 2026-10-03; raw answer baselines/published/afproject_raw/table2_18.json (SHA-256 cca41b7f4e4878aeeeffe85e5601be52b65823043cdc25938da604e0868e659b)"
AFKS--normalized_vectors,,sim_hgt_750,8,16,0.27,0.3053,,reported,"AFproject results page https://afproject.org/app/benchmark/genome/hgt/simulated/sim_hgt/results/, HGT level 750 (data request /app/benchmark/genome/results/ajax/table2/?dataset_id=8&subdataset_id=18), accessed 2026-10-03; raw answer baselines/published/afproject_raw/table2_18.json (SHA-256 cca41b7f4e4878aeeeffe85e5601be52b65823043cdc25938da604e0868e659b)"
AFKS--pearson,,sim_hgt_750,8,16,0.27,0.3149,,reported,"AFproject results page https://afproject.org/app/benchmark/genome/hgt/simulated/sim_hgt/results/, HGT level 750 (data request /app/benchmark/genome/results/ajax/table2/?dataset_id=8&subdataset_id=18), accessed 2026-10-03; raw answer baselines/published/afproject_raw/table2_18.json (SHA-256 cca41b7f4e4878aeeeffe85e5601be52b65823043cdc25938da604e0868e659b)"
AFKS--euclidean,,sim_hgt_750,8,16,0.27,0.3024,,reported,"AFproject results page https://afproject.org/app/benchmark/genome/hgt/simulated/sim_hgt/results/, HGT level 750 (data request /app/benchmark/genome/results/ajax/table2/?dataset_id=8&subdataset_id=18), accessed 2026-10-03; raw answer baselines/published/afproject_raw/table2_18.json (SHA-256 cca41b7f4e4878aeeeffe85e5601be52b65823043cdc25938da604e0868e659b)"
AFKS--d2s,,sim_hgt_750,8,16,0.27,0.3024,,reported,"AFproject results page https://afproject.org/app/benchmark/genome/hgt/simulated/sim_hgt/results/, HGT level 750 (data request /app/benchmark/genome/results/ajax/table2/?dataset_id=8&subdataset_id=18), accessed 2026-10-03; raw answer baselines/published/afproject_raw/table2_18.json (SHA-256 cca41b7f4e4878aeeeffe85e5601be52b65823043cdc25938da604e0868e659b)"
AFKS--harmonic_mean,,sim_hgt_750,8,16,0.27,0.3024,,reported,"AFproject results page https://afproject.org/app/benchmark/genome/hgt/simulated/sim_hgt/results/, HGT level 750 (data request /app/benchmark/genome/results/ajax/table2/?dataset_id=8&subdataset_id=18), accessed 2026-10-03; raw answer baselines/published/afproject_raw/table2_18.json (SHA-256 cca41b7f4e4878aeeeffe85e5601be52b65823043cdc25938da604e0868e659b)"
cafe--d2shepp,,sim_hgt_750,8,16,0.27,0.3024,,reported,"AFproject results page https://afproject.org/app/benchmark/genome/hgt/simulated/sim_hgt/results/, HGT level 750 (data request /app/benchmark/genome/results/ajax/table2/?dataset_id=8&subdataset_id=18), accessed 2026-10-03; raw answer baselines/published/afproject_raw/table2_18.json (SHA-256 cca41b7f4e4878aeeeffe85e5601be52b65823043cdc25938da604e0868e659b)"
AFKS--manhattan,,sim_hgt_750,8,16,0.27,0.3024,,reported,"AFproject results page https://afproject.org/app/benchmark/genome/hgt/simulated/sim_hgt/results/, HGT level 750 (data request /app/benchmark/genome/results/ajax/table2/?dataset_id=8&subdataset_id=18), accessed 2026-10-03; raw answer baselines/published/afproject_raw/table2_18.json (SHA-256 cca41b7f4e4878aeeeffe85e5601be52b65823043cdc25938da604e0868e659b)"
AFKS--simratio,,sim_hgt_750,8,16,0.27,0.3024,,reported,"AFproject results page https://afproject.org/app/benchmark/genome/hgt/simulated/sim_hgt/results/, HGT level 750 (data request /app/benchmark/genome/results/ajax/table2/?dataset_id=8&subdataset_id=18), accessed 2026-10-03; raw answer baselines/published/afproject_raw/table2_18.json (SHA-256 cca41b7f4e4878aeeeffe85e5601be52b65823043cdc25938da604e0868e659b)"
AFKS--n2rc,,sim_hgt_750,8,16,0.27,0.3074,,reported,"AFproject results page https://afproject.org/app/benchmark/genome/hgt/simulated/sim_hgt/results/, HGT level 750 (data request /app/benchmark/genome/results/ajax/table2/?dataset_id=8&subdataset_id=18), accessed 2026-10-03; raw answer baselines/published/afproject_raw/table2_18.json (SHA-256 cca41b7f4e4878aeeeffe85e5601be52b65823043cdc25938da604e0868e659b)"
AFKS--kulczynski2,,sim_hgt_750,8,16,0.27,0.3024,,reported,"AFproject results page https://afproject.org/app/benchmark/genome/hgt/simulated/sim_hgt/results/, HGT level 750 (data request /app/benchmark/genome/results/ajax/table2/?dataset_id=8&subdataset_id=18), accessed 2026-10-03; raw answer baselines/published/afproject_raw/table2_18.json (SHA-256 cca41b7f4e4878aeeeffe85e5601be52b65823043cdc25938da604e0868e659b)"
AFKS--squared_chord,,sim_hgt_750,8,16,0.27,0.3024,,reported,"AFproject results page https://afproject.org/app/benchmark/genome/hgt/simulated/sim_hgt/results/, HGT level 750 (data request /app/benchmark/genome/results/ajax/table2/?dataset_id=8&subdataset_id=18), accessed 2026-10-03; raw answer baselines/published/afproject_raw/table2_18.json (SHA-256 cca41b7f4e4878aeeeffe85e5601be52b65823043cdc25938da604e0868e659b)"
AFKS--n2r,,sim_hgt_750,8,16,0.27,0.3074,,reported,"AFproject results page https://afproject.org/app/benchmark/genome/hgt/simulated/sim_hgt/results/, HGT level 750 (data request /app/benchmark/genome/results/ajax/table2/?dataset_id=8&subdataset_id=18), accessed 2026-10-03; raw answer baselines/published/afproject_raw/table2_18.json (SHA-256 cca41b7f4e4878aeeeffe85e5601be52b65823043cdc25938da604e0868e659b)"
AFKS--d2z,,sim_hgt_750,8,16,0.27,0.3149,,reported,"AFproject results page https://afproject.org/app/benchmark/genome/hgt/simulated/sim_hgt/results/, HGT level 750 (data request /app/benchmark/genome/results/ajax/table2/?dataset_id=8&subdataset_id=18), accessed 2026-10-03; raw answer baselines/published/afproject_raw/table2_18.json (SHA-256 cca41b7f4e4878aeeeffe85e5601be52b65823043cdc25938da604e0868e659b)"
AFKS--canberra,,sim_hgt_750,8,16,0.27,0.3024,,reported,"AFproject results page https://afproject.org/app/benchmark/genome/hgt/simulated/sim_hgt/results/, HGT level 750 (data request /app/benchmark/genome/results/ajax/table2/?dataset_id=8&subdataset_id=18), accessed 2026-10-03; raw answer baselines/published/afproject_raw/table2_18.json (SHA-256 cca41b7f4e4878aeeeffe85e5601be52b65823043cdc25938da604e0868e659b)"
AFKS--sim_mm,,sim_hgt_750,9,18,0.30,0.2094,,reported,"AFproject results page https://afproject.org/app/benchmark/genome/hgt/simulated/sim_hgt/results/, HGT level 750 (data request /app/benchmark/genome/results/ajax/table2/?dataset_id=8&subdataset_id=18), accessed 2026-10-03; raw answer baselines/published/afproject_raw/table2_18.json (SHA-256 cca41b7f4e4878aeeeffe85e5601be52b65823043cdc25938da604e0868e659b)"
AFKS--n2rrc,,sim_hgt_750,9,18,0.30,0.3314,,reported,"AFproject results page https://afproject.org/app/benchmark/genome/hgt/simulated/sim_hgt/results/, HGT level 750 (data request /app/benchmark/genome/results/ajax/table2/?dataset_id=8&subdataset_id=18), accessed 2026-10-03; raw answer baselines/published/afproject_raw/table2_18.json (SHA-256 cca41b7f4e4878aeeeffe85e5601be52b65823043cdc25938da604e0868e659b)"
co-phylog,,sim_hgt_750,10,20,0.33,0.2635,,reported,"AFproject results page https://afproject.org/app/benchmark/genome/hgt/simulated/sim_hgt/results/, HGT level 750 (data request /app/benchmark/genome/results/ajax/table2/?dataset_id=8&subdataset_id=18), accessed 2026-10-03; raw answer baselines/published/afproject_raw/table2_18.json (SHA-256 cca41b7f4e4878aeeeffe85e5601be52b65823043cdc25938da604e0868e659b)"
CD-MAWS,,sim_hgt_750,10,20,0.33,0.3191,,reported,"AFproject results page https://afproject.org/app/benchmark/genome/hgt/simulated/sim_hgt/results/, HGT level 750 (data request /app/benchmark/genome/results/ajax/table2/?dataset_id=8&subdataset_id=18), accessed 2026-10-03; raw answer baselines/published/afproject_raw/table2_18.json (SHA-256 cca41b7f4e4878aeeeffe85e5601be52b65823043cdc25938da604e0868e659b)"
FSWM/Read-SpaM,,sim_hgt_750,11,22,0.37,0.2781,,reported,"AFproject results page https://afproject.org/app/benchmark/genome/hgt/simulated/sim_hgt/results/, HGT level 750 (data request /app/benchmark/genome/results/ajax/table2/?dataset_id=8&subdataset_id=18), accessed 2026-10-03; raw answer baselines/published/afproject_raw/table2_18.json (SHA-256 cca41b7f4e4878aeeeffe85e5601be52b65823043cdc25938da604e0868e659b)"
alfpy--kld,,sim_hgt_750,12,24,0.40,0.3215,,reported,"AFproject results page https://afproject.org/app/benchmark/genome/hgt/simulated/sim_hgt/results/, HGT level 750 (data request /app/benchmark/genome/results/ajax/table2/?dataset_id=8&subdataset_id=18), accessed 2026-10-03; raw answer baselines/published/afproject_raw/table2_18.json (SHA-256 cca41b7f4e4878aeeeffe85e5601be52b65823043cdc25938da604e0868e659b)"
kr,,sim_hgt_750,13,26,0.43,0.3286,,reported,"AFproject results page https://afproject.org/app/benchmark/genome/hgt/simulated/sim_hgt/results/, HGT level 750 (data request /app/benchmark/genome/results/ajax/table2/?dataset_id=8&subdataset_id=18), accessed 2026-10-03; raw answer baselines/published/afproject_raw/table2_18.json (SHA-256 cca41b7f4e4878aeeeffe85e5601be52b65823043cdc25938da604e0868e659b)"
Multi-SpaM,,sim_hgt_750,13,26,0.43,0.2936,,reported,"AFproject results page https://afproject.org/app/benchmark/genome/hgt/simulated/sim_hgt/results/, HGT level 750 (data request /app/benchmark/genome/results/ajax/table2/?dataset_id=8&subdataset_id=18), accessed 2026-10-03; raw answer baselines/published/afproject_raw/table2_18.json (SHA-256 cca41b7f4e4878aeeeffe85e5601be52b65823043cdc25938da604e0868e659b)"
3D CGR signature 10,,sim_hgt_750,13,26,0.43,0.3818,,reported,"AFproject results page https://afproject.org/app/benchmark/genome/hgt/simulated/sim_hgt/results/, HGT level 750 (data request /app/benchmark/genome/results/ajax/table2/?dataset_id=8&subdataset_id=18), accessed 2026-10-03; raw answer baselines/published/afproject_raw/table2_18.json (SHA-256 cca41b7f4e4878aeeeffe85e5601be52b65823043cdc25938da604e0868e659b)"
AFKS--d2_star,,sim_hgt_750,14,30,0.50,0.3580,,reported,"AFproject results page https://afproject.org/app/benchmark/genome/hgt/simulated/sim_hgt/results/, HGT level 750 (data request /app/benchmark/genome/results/ajax/table2/?dataset_id=8&subdataset_id=18), accessed 2026-10-03; raw answer baselines/published/afproject_raw/table2_18.json (SHA-256 cca41b7f4e4878aeeeffe85e5601be52b65823043cdc25938da604e0868e659b)"
alfpy--chebyshev,,sim_hgt_750,15,40,0.67,0.4493,,reported,"AFproject results page https://afproject.org/app/benchmark/genome/hgt/simulated/sim_hgt/results/, HGT level 750 (data request /app/benchmark/genome/results/ajax/table2/?dataset_id=8&subdataset_id=18), accessed 2026-10-03; raw answer baselines/published/afproject_raw/table2_18.json (SHA-256 cca41b7f4e4878aeeeffe85e5601be52b65823043cdc25938da604e0868e659b)"
lzw-kernel,,sim_hgt_750,16,44,0.73,0.3996,,reported,"AFproject results page https://afproject.org/app/benchmark/genome/hgt/simulated/sim_hgt/results/, HGT level 750 (data request /app/benchmark/genome/results/ajax/table2/?dataset_id=8&subdataset_id=18), accessed 2026-10-03; raw answer baselines/published/afproject_raw/table2_18.json (SHA-256 cca41b7f4e4878aeeeffe85e5601be52b65823043cdc25938da604e0868e659b)"
AFKS--emd,,sim_hgt_750,17,48,0.80,0.4199,,reported,"AFproject results page https://afproject.org/app/benchmark/genome/hgt/simulated/sim_hgt/results/, HGT level 750 (data request /app/benchmark/genome/results/ajax/table2/?dataset_id=8&subdataset_id=18), accessed 2026-10-03; raw answer baselines/published/afproject_raw/table2_18.json (SHA-256 cca41b7f4e4878aeeeffe85e5601be52b65823043cdc25938da604e0868e659b)"
AFKS--afd,,sim_hgt_750,17,48,0.80,0.5754,,reported,"AFproject results page https://afproject.org/app/benchmark/genome/hgt/simulated/sim_hgt/results/, HGT level 750 (data request /app/benchmark/genome/results/ajax/table2/?dataset_id=8&subdataset_id=18), accessed 2026-10-03; raw answer baselines/published/afproject_raw/table2_18.json (SHA-256 cca41b7f4e4878aeeeffe85e5601be52b65823043cdc25938da604e0868e659b)"
lzw-ncd,,sim_hgt_750,18,52,0.87,0.4157,,reported,"AFproject results page https://afproject.org/app/benchmark/genome/hgt/simulated/sim_hgt/results/, HGT level 750 (data request /app/benchmark/genome/results/ajax/table2/?dataset_id=8&subdataset_id=18), accessed 2026-10-03; raw answer baselines/published/afproject_raw/table2_18.json (SHA-256 cca41b7f4e4878aeeeffe85e5601be52b65823043cdc25938da604e0868e659b)"
EP-sim,,sim_hgt_750,18,52,0.87,0.4152,,reported,"AFproject results page https://afproject.org/app/benchmark/genome/hgt/simulated/sim_hgt/results/, HGT level 750 (data request /app/benchmark/genome/results/ajax/table2/?dataset_id=8&subdataset_id=18), accessed 2026-10-03; raw answer baselines/published/afproject_raw/table2_18.json (SHA-256 cca41b7f4e4878aeeeffe85e5601be52b65823043cdc25938da604e0868e659b)"
rtd-phylogeny,,sim_hgt_750,19,54,0.90,0.5039,,reported,"AFproject results page https://afproject.org/app/benchmark/genome/hgt/simulated/sim_hgt/results/, HGT level 750 (data request /app/benchmark/genome/results/ajax/table2/?dataset_id=8&subdataset_id=18), accessed 2026-10-03; raw answer baselines/published/afproject_raw/table2_18.json (SHA-256 cca41b7f4e4878aeeeffe85e5601be52b65823043cdc25938da604e0868e659b)"
jD2Stat--D2n,,sim_hgt_750,20,58,0.97,0.4765,,reported,"AFproject results page https://afproject.org/app/benchmark/genome/hgt/simulated/sim_hgt/results/, HGT level 750 (data request /app/benchmark/genome/results/ajax/table2/?dataset_id=8&subdataset_id=18), accessed 2026-10-03; raw answer baselines/published/afproject_raw/table2_18.json (SHA-256 cca41b7f4e4878aeeeffe85e5601be52b65823043cdc25938da604e0868e659b)"
AFKS--length_difference,,sim_hgt_750,21,60,1.00,0.4390,,reported,"AFproject results page https://afproject.org/app/benchmark/genome/hgt/simulated/sim_hgt/results/, HGT level 750 (data request /app/benchmark/genome/results/ajax/table2/?dataset_id=8&subdataset_id=18), accessed 2026-10-03; raw answer baselines/published/afproject_raw/table2_18.json (SHA-256 cca41b7f4e4878aeeeffe85e5601be52b65823043cdc25938da604e0868e659b)"
SAL-TRIPL,,sim_hgt_750,21,60,1.00,0.6693,,reported,"AFproject results page https://afproject.org/app/benchmark/genome/hgt/simulated/sim_hgt/results/, HGT level 750 (data request /app/benchmark/genome/results/ajax/table2/?dataset_id=8&subdataset_id=18), accessed 2026-10-03; raw answer baselines/published/afproject_raw/table2_18.json (SHA-256 cca41b7f4e4878aeeeffe85e5601be52b65823043cdc25938da604e0868e659b)"
AFKS--rre_k_r,,sim_hgt_1000,1,8,0.13,0.1013,,reported,"AFproject results page https://afproject.org/app/benchmark/genome/hgt/simulated/sim_hgt/results/, HGT level 1000 (data request /app/benchmark/genome/results/ajax/table2/?dataset_id=8&subdataset_id=19), accessed 2026-10-03; raw answer baselines/published/afproject_raw/table2_19.json (SHA-256 4e0bca1a803f1830ead276b1165ee836d476f28182b129ae6a0f36f8ad7f5dcd)"
mash,,sim_hgt_1000,1,8,0.13,0.2165,,reported,"AFproject results page https://afproject.org/app/benchmark/genome/hgt/simulated/sim_hgt/results/, HGT level 1000 (data request /app/benchmark/genome/results/ajax/table2/?dataset_id=8&subdataset_id=19), accessed 2026-10-03; raw answer baselines/published/afproject_raw/table2_19.json (SHA-256 4e0bca1a803f1830ead276b1165ee836d476f28182b129ae6a0f36f8ad7f5dcd)"
alfpy--canberra,,sim_hgt_1000,1,8,0.13,0.1238,,reported,"AFproject results page https://afproject.org/app/benchmark/genome/hgt/simulated/sim_hgt/results/, HGT level 1000 (data request /app/benchmark/genome/results/ajax/table2/?dataset_id=8&subdataset_id=19), accessed 2026-10-03; raw answer baselines/published/afproject_raw/table2_19.json (SHA-256 4e0bca1a803f1830ead276b1165ee836d476f28182b129ae6a0f36f8ad7f5dcd)"
AFKS--markov,,sim_hgt_1000,1,8,0.13,0.1766,,reported,"AFproject results page https://afproject.org/app/benchmark/genome/hgt/simulated/sim_hgt/results/, HGT level 1000 (data request /app/benchmark/genome/results/ajax/table2/?dataset_id=8&subdataset_id=19), accessed 2026-10-03; raw answer baselines/published/afproject_raw/table2_19.json (SHA-256 4e0bca1a803f1830ead276b1165ee836d476f28182b129ae6a0f36f8ad7f5dcd)"
AFKS--kl_conditional,,sim_hgt_1000,1,8,0.13,0.1759,,reported,"AFproject results page https://afproject.org/app/benchmark/genome/hgt/simulated/sim_hgt/results/, HGT level 1000 (data request /app/benchmark/genome/results/ajax/table2/?dataset_id=8&subdataset_id=19), accessed 2026-10-03; raw answer baselines/published/afproject_raw/table2_19.json (SHA-256 4e0bca1a803f1830ead276b1165ee836d476f28182b129ae6a0f36f8ad7f5dcd)"
alfpy--manhattan,,sim_hgt_1000,1,8,0.13,0.1130,,reported,"AFproject results page https://afproject.org/app/benchmark/genome/hgt/simulated/sim_hgt/results/, HGT level 1000 (data request /app/benchmark/genome/results/ajax/table2/?dataset_id=8&subdataset_id=19), accessed 2026-10-03; raw answer baselines/published/afproject_raw/table2_19.json (SHA-256 4e0bca1a803f1830ead276b1165ee836d476f28182b129ae6a0f36f8ad7f5dcd)"
alfpy--lcc,,sim_hgt_1000,1,8,0.13,0.1356,,reported,"AFproject results page https://afproject.org/app/benchmark/genome/hgt/simulated/sim_hgt/results/, HGT level 1000 (data request /app/benchmark/genome/results/ajax/table2/?dataset_id=8&subdataset_id=19), accessed 2026-10-03; raw answer baselines/published/afproject_raw/table2_19.json (SHA-256 4e0bca1a803f1830ead276b1165ee836d476f28182b129ae6a0f36f8ad7f5dcd)"
alfpy--euclid_squared,,sim_hgt_1000,1,8,0.13,0.1356,,reported,"AFproject results page https://afproject.org/app/benchmark/genome/hgt/simulated/sim_hgt/results/, HGT level 1000 (data request /app/benchmark/genome/results/ajax/table2/?dataset_id=8&subdataset_id=19), accessed 2026-10-03; raw answer baselines/published/afproject_raw/table2_19.json (SHA-256 4e0bca1a803f1830ead276b1165ee836d476f28182b129ae6a0f36f8ad7f5dcd)"
alfpy--angle_cos_evol,,sim_hgt_1000,2,10,0.17,0.1983,,reported,"AFproject results page https://afproject.org/app/benchmark/genome/hgt/simulated/sim_hgt/results/, HGT level 1000 (data request /app/benchmark/genome/results/ajax/table2/?dataset_id=8&subdataset_id=19), accessed 2026-10-03; raw answer baselines/published/afproject_raw/table2_19.json (SHA-256 4e0bca1a803f1830ead276b1165ee836d476f28182b129ae6a0f36f8ad7f5dcd)"
FFP,,sim_hgt_1000,2,10,0.17,0.1861,,reported,"AFproject results page https://afproject.org/app/benchmark/genome/hgt/simulated/sim_hgt/results/, HGT level 1000 (data request /app/benchmark/genome/results/ajax/table2/?dataset_id=8&subdataset_id=19), accessed 2026-10-03; raw answer baselines/published/afproject_raw/table2_19.json (SHA-256 4e0bca1a803f1830ead276b1165ee836d476f28182b129ae6a0f36f8ad7f5dcd)"
jD2Stat--D2S,,sim_hgt_1000,2,10,0.17,0.1266,,reported,"AFproject results page https://afproject.org/app/benchmark/genome/hgt/simulated/sim_hgt/results/, HGT level 1000 (data request /app/benchmark/genome/results/ajax/table2/?dataset_id=8&subdataset_id=19), accessed 2026-10-03; raw answer baselines/published/afproject_raw/table2_19.json (SHA-256 4e0bca1a803f1830ead276b1165ee836d476f28182b129ae6a0f36f8ad7f5dcd)"
alfpy--braycurtis,,sim_hgt_1000,2,10,0.17,0.1624,,reported,"AFproject results page https://afproject.org/app/benchmark/genome/hgt/simulated/sim_hgt/results/, HGT level 1000 (data request /app/benchmark/genome/results/ajax/table2/?dataset_id=8&subdataset_id=19), accessed 2026-10-03; raw answer baselines/published/afproject_raw/table2_19.json (SHA-256 4e0bca1a803f1830ead276b1165ee836d476f28182b129ae6a0f36f8ad7f5dcd)"
kSNP3,,sim_hgt_1000,2,10,0.17,0.1661,,reported,"AFproject results page https://afproject.org/app/benchmark/genome/hgt/simulated/sim_hgt/results/, HGT level 1000 (data request /app/benchmark/genome/results/ajax/table2/?dataset_id=8&subdataset_id=19), accessed 2026-10-03; raw answer baselines/published/afproject_raw/table2_19.json (SHA-256 4e0bca1a803f1830ead276b1165ee836d476f28182b129ae6a0f36f8ad7f5dcd)"
alfpy--minkowski,,sim_hgt_1000,2,10,0.17,0.1475,,reported,"AFproject results page https://afproject.org/app/benchmark/genome/hgt/simulated/sim_hgt/results/, HGT level 1000 (data request /app/benchmark/genome/results/ajax/table2/?dataset_id=8&subdataset_id=19), accessed 2026-10-03; raw answer baselines/published/afproject_raw/table2_19.json (SHA-256 4e0bca1a803f1830ead276b1165ee836d476f28182b129ae6a0f36f8ad7f5dcd)"
alfpy--jsd,,sim_hgt_1000,2,10,0.17,0.1861,,reported,"AFproject results page https://afproject.org/app/benchmark/genome/hgt/simulated/sim_hgt/results/, HGT level 1000 (data request /app/benchmark/genome/results/ajax/table2/?dataset_id=8&subdataset_id=19), accessed 2026-10-03; raw answer baselines/published/afproject_raw/table2_19.json (SHA-256 4e0bca1a803f1830ead276b1165ee836d476f28182b129ae6a0f36f8ad7f5dcd)"
alfpy--euclid_norm,,sim_hgt_1000,2,10,0.17,0.1475,,reported,"AFproject results page https://afproject.org/app/benchmark/genome/hgt/simulated/sim_hgt/results/, HGT level 1000 (data request /app/benchmark/genome/results/ajax/table2/?dataset_id=8&subdataset_id=19), accessed 2026-10-03; raw answer baselines/published/afproject_raw/table2_19.json (SHA-256 4e0bca1a803f1830ead276b1165ee836d476f28182b129ae6a0f36f8ad7f5dcd)"
cafe--d2star,,sim_hgt_1000,2,10,0.17,0.1410,,reported,"AFproject results page https://afproject.org/app/benchmark/genome/hgt/simulated/sim_hgt/results/, HGT level 1000 (data request /app/benchmark/genome/results/ajax/table2/?dataset_id=8&subdataset_id=19), accessed 2026-10-03; raw answer baselines/published/afproject_raw/table2_19.json (SHA-256 4e0bca1a803f1830ead276b1165ee836d476f28182b129ae6a0f36f8ad7f5dcd)"
cafe--cvtree,,sim_hgt_1000,2,10,0.17,0.1861,,reported,"AFproject results page https://afproject.org/app/benchmark/genome/hgt/simulated/sim_hgt/results/, HGT level 1000 (data request /app/benchmark/genome/results/ajax/table2/?dataset_id=8&subdataset_id=19), accessed 2026-10-03; raw answer baselines/published/afproject_raw/table2_19.json (SHA-256 4e0bca1a803f1830ead276b1165ee836d476f28182b129ae6a0f36f8ad7f5dcd)"
alfpy--angle_cos_diss,,sim_hgt_1000,2,10,0.17,0.1983,,reported,"AFproject results page https://afproject.org/app/benchmark/genome/hgt/simulated/sim_hgt/results/, HGT level 1000 (data request /app/benchmark/genome/results/ajax/table2/?dataset_id=8&subdataset_id=19), accessed 2026-10-03; raw answer baselines/published/afproject_raw/table2_19.json (SHA-256 4e0bca1a803f1830ead276b1165ee836d476f28182b129ae6a0f36f8ad7f5dcd)"
ALFRED-G,,sim_hgt_1000,2,10,0.17,0.2454,,reported,"AFproject results page https://afproject.org/app/benchmark/genome/hgt/simulated/sim_hgt/results/, HGT level 1000 (data request /app/benchmark/genome/results/ajax/table2/?dataset_id=8&subdataset_id=19), accessed 2026-10-03; raw answer baselines/published/afproject_raw/table2_19.json (SHA-256 4e0bca1a803f1830ead276b1165ee836d476f28182b129ae6a0f36f8ad7f5dcd)"
Skmer,,sim_hgt_1000,3,12,0.20,0.1652,,reported,"AFproject results page https://afproject.org/app/benchmark/genome/hgt/simulated/sim_hgt/results/, HGT level 1000 (data request /app/benchmark/genome/results/ajax/table2/?dataset_id=8&subdataset_id=19), accessed 2026-10-03; raw answer baselines/published/afproject_raw/table2_19.json (SHA-256 4e0bca1a803f1830ead276b1165ee836d476f28182b129ae6a0f36f8ad7f5dcd)"
alfpy--google,,sim_hgt_1000,3,12,0.20,0.2496,,reported,"AFproject results page https://afproject.org/app/benchmark/genome/hgt/simulated/sim_hgt/results/, HGT level 1000 (data request /app/benchmark/genome/results/ajax/table2/?dataset_id=8&subdataset_id=19), accessed 2026-10-03; raw answer baselines/published/afproject_raw/table2_19.json (SHA-256 4e0bca1a803f1830ead276b1165ee836d476f28182b129ae6a0f36f8ad7f5dcd)"
spaced,,sim_hgt_1000,3,12,0.20,0.2626,,reported,"AFproject results page https://afproject.org/app/benchmark/genome/hgt/simulated/sim_hgt/results/, HGT level 1000 (data request /app/benchmark/genome/results/ajax/table2/?dataset_id=8&subdataset_id=19), accessed 2026-10-03; raw answer baselines/published/afproject_raw/table2_19.json (SHA-256 4e0bca1a803f1830ead276b1165ee836d476f28182b129ae6a0f36f8ad7f5dcd)"
kmacs,,sim_hgt_1000,3,12,0.20,0.1621,,reported,"AFproject results page https://afproject.org/app/benchmark/genome/hgt/simulated/sim_hgt/results/, HGT level 1000 (data request /app/benchmark/genome/results/ajax/table2/?dataset_id=8&subdataset_id=19), accessed 2026-10-03; raw answer baselines/published/afproject_raw/table2_19.json (SHA-256 4e0bca1a803f1830ead276b1165ee836d476f28182b129ae6a0f36f8ad7f5dcd)"
AFKS--kulczynski1,,sim_hgt_1000,4,14,0.23,0.2952,,reported,"AFproject results page https://afproject.org/app/benchmark/genome/hgt/simulated/sim_hgt/results/, HGT level 1000 (data request /app/benchmark/genome/results/ajax/table2/?dataset_id=8&subdataset_id=19), accessed 2026-10-03; raw answer baselines/published/afproject_raw/table2_19.json (SHA-256 4e0bca1a803f1830ead276b1165ee836d476f28182b129ae6a0f36f8ad7f5dcd)"
AFKS--hellinger,,sim_hgt_1000,4,14,0.23,0.2952,,reported,"AFproject results page https://afproject.org/app/benchmark/genome/hgt/simulated/sim_hgt/results/, HGT level 1000 (data request /app/benchmark/genome/results/ajax/table2/?dataset_id=8&subdataset_id=19), accessed 2026-10-03; raw answer baselines/published/afproject_raw/table2_19.json (SHA-256 4e0bca1a803f1830ead276b1165ee836d476f28182b129ae6a0f36f8ad7f5dcd)"
AFKS--k_divergence,,sim_hgt_1000,4,14,0.23,0.3081,,reported,"AFproject results page https://afproject.org/app/benchmark/genome/hgt/simulated/sim_hgt/results/, HGT level 1000 (data request /app/benchmark/genome/results/ajax/table2/?dataset_id=8&subdataset_id=19), accessed 2026-10-03; raw answer baselines/published/afproject_raw/table2_19.json (SHA-256 4e0bca1a803f1830ead276b1165ee836d476f28182b129ae6a0f36f8ad7f5dcd)"
AFKS--intersection,,sim_hgt_1000,4,14,0.23,0.2923,,reported,"AFproject results page https://afproject.org/app/benchmark/genome/hgt/simulated/sim_hgt/results/, HGT level 1000 (data request /app/benchmark/genome/results/ajax/table2/?dataset_id=8&subdataset_id=19), accessed 2026-10-03; raw answer baselines/published/afproject_raw/table2_19.json (SHA-256 4e0bca1a803f1830ead276b1165ee836d476f28182b129ae6a0f36f8ad7f5dcd)"
AFKS--euclidean_z,,sim_hgt_1000,4,14,0.23,0.3176,,reported,"AFproject results page https://afproject.org/app/benchmark/genome/hgt/simulated/sim_hgt/results/, HGT level 1000 (data request /app/benchmark/genome/results/ajax/table2/?dataset_id=8&subdataset_id=19), accessed 2026-10-03; raw answer baselines/published/afproject_raw/table2_19.json (SHA-256 4e0bca1a803f1830ead276b1165ee836d476f28182b129ae6a0f36f8ad7f5dcd)"
AFKS--jaccard,,sim_hgt_1000,4,14,0.23,0.2923,,reported,"AFproject results page https://afproject.org/app/benchmark/genome/hgt/simulated/sim_hgt/results/, HGT level 1000 (data request /app/benchmark/genome/results/ajax/table2/?dataset_id=8&subdataset_id=19), accessed 2026-10-03; raw answer baselines/published/afproject_raw/table2_19.json (SHA-256 4e0bca1a803f1830ead276b1165ee836d476f28182b129ae6a0f36f8ad7f5dcd)"
AFKS--pearson,,sim_hgt_1000,4,14,0.23,0.3176,,reported,"AFproject results page https://afproject.org/app/benchmark/genome/hgt/simulated/sim_hgt/results/, HGT level 1000 (data request /app/benchmark/genome/results/ajax/table2/?dataset_id=8&subdataset_id=19), accessed 2026-10-03; raw answer baselines/published/afproject_raw/table2_19.json (SHA-256 4e0bca1a803f1830ead276b1165ee836d476f28182b129ae6a0f36f8ad7f5dcd)"
AFKS--mismatch,,sim_hgt_1000,4,14,0.23,0.2923,,reported,"AFproject results page https://afproject.org/app/benchmark/genome/hgt/simulated/sim_hgt/results/, HGT level 1000 (data request /app/benchmark/genome/results/ajax/table2/?dataset_id=8&subdataset_id=19), accessed 2026-10-03; raw answer baselines/published/afproject_raw/table2_19.json (SHA-256 4e0bca1a803f1830ead276b1165ee836d476f28182b129ae6a0f36f8ad7f5dcd)"
AFKS--euclidean,,sim_hgt_1000,4,14,0.23,0.2923,,reported,"AFproject results page https://afproject.org/app/benchmark/genome/hgt/simulated/sim_hgt/results/, HGT level 1000 (data request /app/benchmark/genome/results/ajax/table2/?dataset_id=8&subdataset_id=19), accessed 2026-10-03; raw answer baselines/published/afproject_raw/table2_19.json (SHA-256 4e0bca1a803f1830ead276b1165ee836d476f28182b129ae6a0f36f8ad7f5dcd)"
AFKS--d2s,,sim_hgt_1000,4,14,0.23,0.2952,,reported,"AFproject results page https://afproject.org/app/benchmark/genome/hgt/simulated/sim_hgt/results/, HGT level 1000 (data request /app/benchmark/genome/results/ajax/table2/?dataset_id=8&subdataset_id=19), accessed 2026-10-03; raw answer baselines/published/afproject_raw/table2_19.json (SHA-256 4e0bca1a803f1830ead276b1165ee836d476f28182b129ae6a0f36f8ad7f5dcd)"
AFKS--spearman,,sim_hgt_1000,4,14,0.23,0.3176,,reported,"AFproject results page https://afproject.org/app/benchmark/genome/hgt/simulated/sim_hgt/results/, HGT level 1000 (data request /app/benchmark/genome/results/ajax/table2/?dataset_id=8&subdataset_id=19), accessed 2026-10-03; raw answer baselines/published/afproject_raw/table2_19.json (SHA-256 4e0bca1a803f1830ead276b1165ee836d476f28182b129ae6a0f36f8ad7f5dcd)"
AFKS--manhattan,,sim_hgt_1000,4,14,0.23,0.2923,,reported,"AFproject results page https://afproject.org/app/benchmark/genome/hgt/simulated/sim_hgt/results/, HGT level 1000 (data request /app/benchmark/genome/results/ajax/table2/?dataset_id=8&subdataset_id=19), accessed 2026-10-03; raw answer baselines/published/afproject_raw/table2_19.json (SHA-256 4e0bca1a803f1830ead276b1165ee836d476f28182b129ae6a0f36f8ad7f5dcd)"
AFKS--simratio,,sim_hgt_1000,4,14,0.23,0.2923,,reported,"AFproject results page https://afproject.org/app/benchmark/genome/hgt/simulated/sim_hgt/results/, HGT level 1000 (data request /app/benchmark/genome/results/ajax/table2/?dataset_id=8&subdataset_id=19), accessed 2026-10-03; raw answer baselines/published/afproject_raw/table2_19.json (SHA-256 4e0bca1a803f1830ead276b1165ee836d476f28182b129ae6a0f36f8ad7f5dcd)"
AFKS--kulczynski2,,sim_hgt_1000,4,14,0.23,0.2952,,reported,"AFproject results page https://afproject.org/app/benchmark/genome/hgt/simulated/sim_hgt/results/, HGT level 1000 (data request /app/benchmark/genome/results/ajax/table2/?dataset_id=8&subdataset_id=19), accessed 2026-10-03; raw answer baselines/published/afproject_raw/table2_19.json (SHA-256 4e0bca1a803f1830ead276b1165ee836d476f28182b129ae6a0f36f8ad7f5dcd)"
AFKS--d2z,,sim_hgt_1000,4,14,0.23,0.3176,,reported,"AFproject results page https://afproject.org/app/benchmark/genome/hgt/simulated/sim_hgt/results/, HGT level 1000 (data request /app/benchmark/genome/results/ajax/table2/?dataset_id=8&subdataset_id=19), accessed 2026-10-03; raw answer baselines/published/afproject_raw/table2_19.json (SHA-256 4e0bca1a803f1830ead276b1165ee836d476f28182b129ae6a0f36f8ad7f5dcd)"
AFKS--canberra,,sim_hgt_1000,4,14,0.23,0.2923,,reported,"AFproject results page https://afproject.org/app/benchmark/genome/hgt/simulated/sim_hgt/results/, HGT level 1000 (data request /app/benchmark/genome/results/ajax/table2/?dataset_id=8&subdataset_id=19), accessed 2026-10-03; raw answer baselines/published/afproject_raw/table2_19.json (SHA-256 4e0bca1a803f1830ead276b1165ee836d476f28182b129ae6a0f36f8ad7f5dcd)"
jD2Stat--D2St,,sim_hgt_1000,4,14,0.23,0.2923,,reported,"AFproject results page https://afproject.org/app/benchmark/genome/hgt/simulated/sim_hgt/results/, HGT level 1000 (data request /app/benchmark/genome/results/ajax/table2/?dataset_id=8&subdataset_id=19), accessed 2026-10-03; raw answer baselines/published/afproject_raw/table2_19.json (SHA-256 4e0bca1a803f1830ead276b1165ee836d476f28182b129ae6a0f36f8ad7f5dcd)"
AFKS--jefferey_divergence,,sim_hgt_1000,5,16,0.27,0.3182,,reported,"AFproject results page https://afproject.org/app/benchmark/genome/hgt/simulated/sim_hgt/results/, HGT level 1000 (data request /app/benchmark/genome/results/ajax/table2/?dataset_id=8&subdataset_id=19), accessed 2026-10-03; raw answer baselines/published/afproject_raw/table2_19.json (SHA-256 4e0bca1a803f1830ead276b1165ee836d476f28182b129ae6a0f36f8ad7f5dcd)"
AFKS--chi_squared,,sim_hgt_1000,5,16,0.27,0.3024,,reported,"AFproject results page https://afproject.org/app/benchmark/genome/hgt/simulated/sim_hgt/results/, HGT level 1000 (data request /app/benchmark/genome/results/ajax/table2/?dataset_id=8&subdataset_id=19), accessed 2026-10-03; raw answer baselines/published/afproject_raw/table2_19.json (SHA-256 4e0bca1a803f1830ead276b1165ee836d476f28182b129ae6a0f36f8ad7f5dcd)"
AFKS--jensen_shannon,,sim_hgt_1000,5,16,0.27,0.3182,,reported,"AFproject results page https://afproject.org/app/benchmark/genome/hgt/simulated/sim_hgt/results/, HGT level 1000 (data request /app/benchmark/genome/results/ajax/table2/?dataset_id=8&subdataset_id=19), accessed 2026-10-03; raw answer baselines/published/afproject_raw/table2_19.json (SHA-256 4e0bca1a803f1830ead276b1165ee836d476f28182b129ae6a0f36f8ad7f5dcd)"
AFKS--normalized_vectors,,sim_hgt_1000,5,16,0.27,0.3182,,reported,"AFproject results page https://afproject.org/app/benchmark/genome/hgt/simulated/sim_hgt/results/, HGT level 1000 (data request /app/benchmark/genome/results/ajax/table2/?dataset_id=8&subdataset_id=19), accessed 2026-10-03; raw answer baselines/published/afproject_raw/table2_19.json (SHA-256 4e0bca1a803f1830ead276b1165ee836d476f28182b129ae6a0f36f8ad7f5dcd)"
AFKS--harmonic_mean,,sim_hgt_1000,5,16,0.27,0.3024,,reported,"AFproject results page https://afproject.org/app/benchmark/genome/hgt/simulated/sim_hgt/results/, HGT level 1000 (data request /app/benchmark/genome/results/ajax/table2/?dataset_id=8&subdataset_id=19), accessed 2026-10-03; raw answer baselines/published/afproject_raw/table2_19.json (SHA-256 4e0bca1a803f1830ead276b1165ee836d476f28182b129ae6a0f36f8ad7f5dcd)"
AFKS--n2rc,,sim_hgt_1000,5,16,0.27,0.3074,,reported,"AFproject results page https://afproject.org/app/benchmark/genome/hgt/simulated/sim_hgt/results/, HGT level 1000 (data request /app/benchmark/genome/results/ajax/table2/?dataset_id=8&subdataset_id=19), accessed 2026-10-03; raw answer baselines/published/afproject_raw/table2_19.json (SHA-256 4e0bca1a803f1830ead276b1165ee836d476f28182b129ae6a0f36f8ad7f5dcd)"
AFKS--squared_chord,,sim_hgt_1000,5,16,0.27,0.3024,,reported,"AFproject results page https://afproject.org/app/benchmark/genome/hgt/simulated/sim_hgt/results/, HGT level 1000 (data request /app/benchmark/genome/results/ajax/table2/?dataset_id=8&subdataset_id=19), accessed 2026-10-03; raw answer baselines/published/afproject_raw/table2_19.json (SHA-256 4e0bca1a803f1830ead276b1165ee836d476f28182b129ae6a0f36f8ad7f5dcd)"
AFKS--n2r,,sim_hgt_1000,5,16,0.27,0.3074,,reported,"AFproject results page https://afproject.org/app/benchmark/genome/hgt/simulated/sim_hgt/results/, HGT level 1000 (data request /app/benchmark/genome/results/ajax/table2/?dataset_id=8&subdataset_id=19), accessed 2026-10-03; raw answer baselines/published/afproject_raw/table2_19.json (SHA-256 4e0bca1a803f1830ead276b1165ee836d476f28182b129ae6a0f36f8ad7f5dcd)"
FSWM/Read-SpaM,,sim_hgt_1000,6,18,0.30,0.3442,,reported,"AFproject results page https://afproject.org/app/benchmark/genome/hgt/simulated/sim_hgt/results/, HGT level 1000 (data request /app/benchmark/genome/results/ajax/table2/?dataset_id=8&subdataset_id=19), accessed 2026-10-03; raw answer baselines/published/afproject_raw/table2_19.json (SHA-256 4e0bca1a803f1830ead276b1165ee836d476f28182b129ae6a0f36f8ad7f5dcd)"
cafe--d2shepp,,sim_hgt_1000,6,18,0.30,0.3006,,reported,"AFproject results page https://afproject.org/app/benchmark/genome/hgt/simulated/sim_hgt/results/, HGT level 1000 (data request /app/benchmark/genome/results/ajax/table2/?dataset_id=8&subdataset_id=19), accessed 2026-10-03; raw answer baselines/published/afproject_raw/table2_19.json (SHA-256 4e0bca1a803f1830ead276b1165ee836d476f28182b129ae6a0f36f8ad7f5dcd)"
kr,,sim_hgt_1000,7,20,0.33,0.2899,,reported,"AFproject results page https://afproject.org/app/benchmark/genome/hgt/simulated/sim_hgt/results/, HGT level 1000 (data request /app/benchmark/genome/results/ajax/table2/?dataset_id=8&subdataset_id=19), accessed 2026-10-03; raw answer baselines/published/afproject_raw/table2_19.json (SHA-256 4e0bca1a803f1830ead276b1165ee836d476f28182b129ae6a0f36f8ad7f5dcd)"
alfpy--kld,,sim_hgt_1000,7,20,0.33,0.3066,,reported,"AFproject results page https://afproject.org/app/benchmark/genome/hgt/simulated/sim_hgt/results/, HGT level 1000 (data request /app/benchmark/genome/results/ajax/table2/?dataset_id=8&subdataset_id=19), accessed 2026-10-03; raw answer baselines/published/afproject_raw/table2_19.json (SHA-256 4e0bca1a803f1830ead276b1165ee836d476f28182b129ae6a0f36f8ad7f5dcd)"
AFKS--sim_mm,,sim_hgt_1000,7,20,0.33,0.2056,,reported,"AFproject results page https://afproject.org/app/benchmark/genome/hgt/simulated/sim_hgt/results/, HGT level 1000 (data request /app/benchmark/genome/results/ajax/table2/?dataset_id=8&subdataset_id=19), accessed 2026-10-03; raw answer baselines/published/afproject_raw/table2_19.json (SHA-256 4e0bca1a803f1830ead276b1165ee836d476f28182b129ae6a0f36f8ad7f5dcd)"
AFKS--n2rrc,,sim_hgt_1000,7,20,0.33,0.3415,,reported,"AFproject results page https://afproject.org/app/benchmark/genome/hgt/simulated/sim_hgt/results/, HGT level 1000 (data request /app/benchmark/genome/results/ajax/table2/?dataset_id=8&subdataset_id=19), accessed 2026-10-03; raw answer baselines/published/afproject_raw/table2_19.json (SHA-256 4e0bca1a803f1830ead276b1165ee836d476f28182b129ae6a0f36f8ad7f5dcd)"
CD-MAWS,,sim_hgt_1000,7,20,0.33,0.3191,,reported,"AFproject results page https://afproject.org/app/benchmark/genome/hgt/simulated/sim_hgt/results/, HGT level 1000 (data request /app/benchmark/genome/results/ajax/table2/?dataset_id=8&subdataset_id=19), accessed 2026-10-03; raw answer baselines/published/afproject_raw/table2_19.json (SHA-256 4e0bca1a803f1830ead276b1165ee836d476f28182b129ae6a0f36f8ad7f5dcd)"
co-phylog,,sim_hgt_1000,8,26,0.43,0.3461,,reported,"AFproject results page https://afproject.org/app/benchmark/genome/hgt/simulated/sim_hgt/results/, HGT level 1000 (data request /app/benchmark/genome/results/ajax/table2/?dataset_id=8&subdataset_id=19), accessed 2026-10-03; raw answer baselines/published/afproject_raw/table2_19.json (SHA-256 4e0bca1a803f1830ead276b1165ee836d476f28182b129ae6a0f36f8ad7f5dcd)"
3D CGR signature 10,,sim_hgt_1000,9,28,0.47,0.4379,,reported,"AFproject results page https://afproject.org/app/benchmark/genome/hgt/simulated/sim_hgt/results/, HGT level 1000 (data request /app/benchmark/genome/results/ajax/table2/?dataset_id=8&subdataset_id=19), accessed 2026-10-03; raw answer baselines/published/afproject_raw/table2_19.json (SHA-256 4e0bca1a803f1830ead276b1165ee836d476f28182b129ae6a0f36f8ad7f5dcd)"
Multi-SpaM,,sim_hgt_1000,10,30,0.50,0.3593,,reported,"AFproject results page https://afproject.org/app/benchmark/genome/hgt/simulated/sim_hgt/results/, HGT level 1000 (data request /app/benchmark/genome/results/ajax/table2/?dataset_id=8&subdataset_id=19), accessed 2026-10-03; raw answer baselines/published/afproject_raw/table2_19.json (SHA-256 4e0bca1a803f1830ead276b1165ee836d476f28182b129ae6a0f36f8ad7f5dcd)"
AFKS--d2_star,,sim_hgt_1000,10,30,0.50,0.3602,,reported,"AFproject results page https://afproject.org/app/benchmark/genome/hgt/simulated/sim_hgt/results/, HGT level 1000 (data request /app/benchmark/genome/results/ajax/table2/?dataset_id=8&subdataset_id=19), accessed 2026-10-03; raw answer baselines/published/afproject_raw/table2_19.json (SHA-256 4e0bca1a803f1830ead276b1165ee836d476f28182b129ae6a0f36f8ad7f5dcd)"
alfpy--chebyshev,,sim_hgt_1000,11,40,0.67,0.4795,,reported,"AFproject results page https://afproject.org/app/benchmark/genome/hgt/simulated/sim_hgt/results/, HGT level 1000 (data request /app/benchmark/genome/results/ajax/table2/?dataset_id=8&subdataset_id=19), accessed 2026-10-03; raw answer baselines/published/afproject_raw/table2_19.json (SHA-256 4e0bca1a803f1830ead276b1165ee836d476f28182b129ae6a0f36f8ad7f5dcd)"
lzw-kernel,,sim_hgt_1000,12,42,0.70,0.4448,,reported,"AFproject results page https://afproject.org/app/benchmark/genome/hgt/simulated/sim_hgt/results/, HGT level 1000 (data request /app/benchmark/genome/results/ajax/table2/?dataset_id=8&subdataset_id=19), accessed 2026-10-03; raw answer baselines/published/afproject_raw/table2_19.json (SHA-256 4e0bca1a803f1830ead276b1165ee836d476f28182b129ae6a0f36f8ad7f5dcd)"
lzw-ncd,,sim_hgt_1000,13,46,0.77,0.3704,,reported,"AFproject results page https://afproject.org/app/benchmark/genome/hgt/simulated/sim_hgt/results/, HGT level 1000 (data request /app/benchmark/genome/results/ajax/table2/?dataset_id=8&subdataset_id=19), accessed 2026-10-03; raw answer baselines/published/afproject_raw/table2_19.json (SHA-256 4e0bca1a803f1830ead276b1165ee836d476f28182b129ae6a0f36f8ad7f5dcd)"
AFKS--afd,,sim_hgt_1000,14,48,0.80,0.5245,,reported,"AFproject results page https://afproject.org/app/benchmark/genome/hgt/simulated/sim_hgt/results/, HGT level 1000 (data request /app/benchmark/genome/results/ajax/table2/?dataset_id=8&subdataset_id=19), accessed 2026-10-03; raw answer baselines/published/afproject_raw/table2_19.json (SHA-256 4e0bca1a803f1830ead276b1165ee836d476f28182b129ae6a0f36f8ad7f5dcd)"
rtd-phylogeny,,sim_hgt_1000,15,52,0.87,0.4975,,reported,"AFproject results page https://afproject.org/app/benchmark/genome/hgt/simulated/sim_hgt/results/, HGT level 1000 (data request /app/benchmark/genome/results/ajax/table2/?dataset_id=8&subdataset_id=19), accessed 2026-10-03; raw answer baselines/published/afproject_raw/table2_19.json (SHA-256 4e0bca1a803f1830ead276b1165ee836d476f28182b129ae6a0f36f8ad7f5dcd)"
AFKS--emd,,sim_hgt_1000,16,54,0.90,0.4161,,reported,"AFproject results page https://afproject.org/app/benchmark/genome/hgt/simulated/sim_hgt/results/, HGT level 1000 (data request /app/benchmark/genome/results/ajax/table2/?dataset_id=8&subdataset_id=19), accessed 2026-10-03; raw answer baselines/published/afproject_raw/table2_19.json (SHA-256 4e0bca1a803f1830ead276b1165ee836d476f28182b129ae6a0f36f8ad7f5dcd)"
EP-sim,,sim_hgt_1000,16,54,0.90,0.4188,,reported,"AFproject results page https://afproject.org/app/benchmark/genome/hgt/simulated/sim_hgt/results/, HGT level 1000 (data request /app/benchmark/genome/results/ajax/table2/?dataset_id=8&subdataset_id=19), accessed 2026-10-03; raw answer baselines/published/afproject_raw/table2_19.json (SHA-256 4e0bca1a803f1830ead276b1165ee836d476f28182b129ae6a0f36f8ad7f5dcd)"
jD2Stat--D2n,,sim_hgt_1000,17,56,0.93,0.5175,,reported,"AFproject results page https://afproject.org/app/benchmark/genome/hgt/simulated/sim_hgt/results/, HGT level 1000 (data request /app/benchmark/genome/results/ajax/table2/?dataset_id=8&subdataset_id=19), accessed 2026-10-03; raw answer baselines/published/afproject_raw/table2_19.json (SHA-256 4e0bca1a803f1830ead276b1165ee836d476f28182b129ae6a0f36f8ad7f5dcd)"
AFKS--length_difference,,sim_hgt_1000,18,60,1.00,0.4358,,reported,"AFproject results page https://afproject.org/app/benchmark/genome/hgt/simulated/sim_hgt/results/, HGT level 1000 (data request /app/benchmark/genome/results/ajax/table2/?dataset_id=8&subdataset_id=19), accessed 2026-10-03; raw answer baselines/published/afproject_raw/table2_19.json (SHA-256 4e0bca1a803f1830ead276b1165ee836d476f28182b129ae6a0f36f8ad7f5dcd)"
SAL-TRIPL,,sim_hgt_1000,18,60,1.00,0.6696,,reported,"AFproject results page https://afproject.org/app/benchmark/genome/hgt/simulated/sim_hgt/results/, HGT level 1000 (data request /app/benchmark/genome/results/ajax/table2/?dataset_id=8&subdataset_id=19), accessed 2026-10-03; raw answer baselines/published/afproject_raw/table2_19.json (SHA-256 4e0bca1a803f1830ead276b1165ee836d476f28182b129ae6a0f36f8ad7f5dcd)"
